2869900
941
1466100
2791900
9140
2322700
2919100
2035600
937
7530
6609
17176
14737
22079
15146
27146
22853
6657
26312
25863
18512
8546
30373
23022
14752
9698
1877
22486
4482
1519
7062
15442
17869
29777
7721
32244
3676
14021
13792
32783
31170
14312
8185
21441
14906
28759
1194
2609
16093
27413
31229
31766
27928
26925
10462
10873
3676
26776
18546
7355
17943
4704
25515
24537
9188
21510
7450
2799
9726
10274
25860
27899
16379
21065
21943
18404
14775
4659
10782
15547
31374
4637
660
19776
5326
5229
27638
5800
9579
9365
23804
10653
23541
20281
7625
9095
16072
9620
19904
27914
32643
4120
31642
16847
29627
13396
949
25992
1520
29211
10415
10798
12991
15331
6708
11149
26202
20075
24084
25603
20022
2977
20377
32389
29443
31938
10519
2530
12001
16323
19396
29004
21457
25584
14794
24084
5737
31187
30363
26293
4301
23127
16773
12052
29146
26925
24198
24070
11428
22127
24929
3091
15395
9091
12017
3962
20265
28483
10430
18804
28823
19802
14030
22717
32721
11505
9150
21841
3439
4748
32529
31091
28726
10542
31175
23540
9798
28356
28977
8114
22164
32704
7173
15455
1691
17925
3502
17540
22607
3843
997
19653
25683
19747
12933
22630
1131
2149
411
28430
8756
16967
29117
16331
24083
20714
6814
30039
8811
30064
30687
8090
30483
12712
30759
22127
10503
8429
629
31147
6749
22603
26037
12892
20091
4580
26258
6478
1672
10130
24460
9940
544
8398
10058
20420
14412
22481
12593
29636
7345
31224
7221
32964
17671
26477
9199
28620
717
13828
10224
32504
17723
23395
15702
19649
22393
16998
32413
14461
20238
20418
3511
11305
16027
6632
31838
13159
32969
22572
3753
963
12160
19750
3037
23098
7002
12376
4486
20989
22359
23314
7367
6258
11474
15507
15855
8828
2995
22897
10828
18172
19175
23099
8260
25240
19725
27996
20897
26811
23922
32834
18477
1500
22848
5056
30847
14084
30962
12209
30484
31370
19979
14815
930
32289
18696
13347
24232
28182
23443
9677
7498
18898
2809
13381
28508
24998
1758
12019
3005
25032
6192
4701
14054
3736
31833
18063
6082
5672
32953
7360
20161
6908
29267
20530
808
23566
13766
3674
23211
7701
7040
19009
3901
14855
17454
24362
5927
29917
10614
18037
4951
1174
7913
25795
30715
26238
24371
12891
9039
27312
31125
17101
22195
6362
13206
28629
17921
21056
13045
11137
12573
21764
993
15766
15310
1188
20332
28721
30668
7108
22078
28586
21786
11054
902
25021
27797
2583
11319
30700
22734
7076
20080
33055
4373
3500
25915
16014
31446
29888
9339
32736
9513
26984
12576
19092
25252
2736
10653
4257
13683
2531
4764
14937
16811
9111
31728
1939
14812
10729
29131
3081
31206
1034
3633
19199
17421
18171
16044
13862
21583
19348
4674
5055
15860
26059
9124
4099
18280
8499
29608
32195
14406
9923
18425
2636
19893
12249
25101
26765
18679
10878
8792
14204
19519
29420
27584
10165
31171
17998
23376
9316
2323
21190
10288
870
18089
2228
16341
32939
12737
4406
29301
2271
11371
3563
17342
5961
29150
1533
13255
10995
18191
9310
5191
5899
6530
11089
15877
12937
32864
16685
14991
11026
21451
31325
13871
32540
20078
17580
19995
25428
27992
6080
3820
5948
522
3811
14161
27929
10958
20490
4869
2316
9547
25615
33278
7039
12119
25666
32744
6850
27148
8480
16337
16374
29470
9826
12326
19243
10347
16442
31454
21189
18900
26073
22005
8740
27980
11572
14364
27524
31022
11272
17839
20769
6356
27163
2535
2463
24421
18630
20561
9130
3310
944
12926
11482
10677
11996
11772
16345
27594
21990
22150
15815
6878
8329
30840
14045
26200
8293
16262
18001
24998
11263
13740
25978
6865
27402
11880
31285
32597
30693
29224
9351
815
14948
15870
3972
15927
24531
27547
18799
29616
5176
21883
26402
14366
24793
19293
30384
10583
21502
10998
1354
27869
22008
28902
15455
26731
20322
21995
23047
26830
1191
19541
2210
10998
19141
29114
22972
31565
31056
18666
26677
24392
15801
20517
26014
32059
13264
18316
5861
13937
26504
15318
1077
10108
9210
10564
24600
714
13229
19159
27103
31097
30229
27072
20291
9836
28249
16664
20812
12191
12122
18897
12402
4535
18672
749
9219
18910
6774
2541
24772
20941
11914
6029
29403
8746
1038
13486
28396
12053
26738
15252
16003
4862
18230
31057
2994
23481
4778
897
4091
11732
10745
5688
19055
12840
24677
3641
24856
33198
2516
21353
12693
916
12428
18307
21764
29072
22587
3340
6949
30325
29242
14986
16571
6916
26386
19953
25910
29956
22848
29790
912
19605
1333
31239
29301
11201
25249
30322
12198
3156
27377
2278
31391
6125
10518
14624
33400
11862
30345
20550
11017
9745
2444
15905
11601
31539
14514
24198
5913
24694
6049
13077
28116
26249
20759
25895
30922
11690
25131
9217
30325
21879
6870
13134
16683
7937
1969
15820
9982
29987
10496
16453
30945
20242
6896
8385
5388
8500
4893
17914
28833
20534
22359
17168
25743
23129
4518
27518
16822
11020
9611
25421
28749
19648
27273
32647
7809
27896
28644
2799
16991
26271
11689
17135
29428
18079
18158
8402
23731
32431
16731
17203
21783
14956
21994
2997
20873
2732
16106
17653
17795
23311
10058
25789
11254
26071
7956
15995
16361
6649
14648
14833
10339
10099
13963
25133
7052
9697
25103
24764
15631
2379
33397
14619
15298
22850
1248
22638
29321
24107
17644
19828
4216
14554
5615
15547
3127
6243
29055
25872
26283
33324
28468
18490
32978
24647
27054
19432
2287
18943
29914
26343
17128
15025
2418
11928
12268
10974
2499
22690
22872
16253
947
1252
17116
918
21506
25518
18394
24588
3792
3120
26638
17851
20832
5938
18292
15810
24859
20998
25958
21538
15320
7611
20229
4233
32090
20116
20699
29032
15898
8120
27583
7499
20295
3883
4344
15978
30732
13821
27045
15483
6161
28866
11612
18635
21316
27714
19473
28813
10969
27249
28473
10610
10127
21409
5680
3194
31030
26614
20952
13065
12142
9498
25476
27197
28593
13363
17172
12415
19604
29714
20577
12632
8777
29613
13275
13190
7273
28880
12912
11600
18672
12047
30896
29462
23690
15103
8495
13356
3085
28070
31275
14825
8006
17455
20079
7418
8440
24546
13687
25852
20514
16980
11989
17995
13953
6619
3284
29204
2134
12869
29274
11442
12649
24010
26643
7735
13134
27198
19659
4424
14567
30348
9500
5167
33578
15455
3658
12331
4900
8738
22635
11018
13630
10539
3019
1786
20928
3123
23950
13469
9875
8714
22423
11099
20043
22664
14249
23548
14437
23495
18892
12662
30412
15759
16883
5123
1186
12562
22747
8823
27198
11994
12342
5585
25201
5375
16905
33552
25870
6045
24403
28488
15017
5509
33263
27124
32158
9523
30139
8590
11350
28161
7418
9821
12485
8602
21495
20367
33079
10672
14316
30343
15949
24050
21793
31864
29250
22072
32856
20019
21875
11521
24425
23101
15391
17952
25898
11557
4459
28082
17553
10260
33705
25427
7965
1446
17881
9618
29297
8440
2672
4514
2371
13059
7001
11090
29556
31272
13114
8510
18816
32779
31736
24903
16153
29093
22141
20802
18703
15765
20409
32749
23155
27831
26342
25127
31996
26872
2321
28768
18601
9833
26070
14414
32424
25234
33131
14049
19319
28168
10208
3706
29769
13378
9636
27992
29611
30120
26956
14418
18791
26605
29328
19916
33193
12447
12950
29924
14176
28156
16756
19692
5607
16904
3312
20765
7653
5084
25737
17545
12658
31553
1724
6738
11131
2685
4992
11802
1639
27245
2067
24762
22010
31956
10232
27959
6266
30963
30529
2546
8977
13914
10762
10782
11635
6653
11590
29559
16576
22922
11454
15409
3500
2298
14934
9519
28125
9831
31378
9334
5269
6173
31322
5089
12944
20723
4602
6166
4400
3804
31085
29624
26839
26553
29147
6879
30356
6257
10336
6853
5379
19012
13839
10690
23662
16988
24887
29562
3640
12197
33764
30037
20348
2783
15273
32559
30449
15602
18077
11345
29201
32641
12708
26784
1402
11201
15344
22037
27796
27532
5063
9837
7284
32945
20614
15650
11776
5775
19942
11673
13140
20962
19582
27037
31845
4828
31625
13324
3812
7544
20458
11216
21862
7179
19565
33553
18881
12315
8016
13993
7865
1397
14594
23001
11484
7034
16426
19002
9898
14522
1771
24566
22521
15556
25958
28215
29848
17467
7553
10208
14899
21293
11239
15484
26998
31137
10833
16755
23157
9839
9987
15236
12364
7253
5529
23663
28674
15686
15619
18674
32436
8197
18127
31479
19183
9203
21414
5132
9565
30502
14618
13331
3236
17082
19615
10299
28811
29036
24534
1583
12383
17508
21010
1933
22677
10835
23317
14745
25520
3262
29466
21811
33381
1946
31769
21254
12029
16152
4166
4099
4092
18370
6618
5646
28160
21703
6167
23798
16619
8339
13702
6059
6212
17315
4996
25003
25307
28056
28412
24766
22956
13450
33398
12003
4614
28318
18769
8330
31469
18907
2124
15107
18876
5689
16204
28471
6671
30203
26713
27798
17631
26687
10217
8272
13039
25044
21089
13512
11879
26699
27353
9542
30655
25425
32543
14827
8671
6204
34047
32747
31109
33763
7362
4598
31718
1715
23797
17655
8344
5887
2924
3329
31407
28056
26502
11910
29991
24734
27057
4043
11906
24725
7217
16024
14257
19387
28958
32308
14904
2969
14764
29073
18830
12505
8880
13763
25538
33111
23135
32950
25956
11387
17240
6177
29859
6597
22757
13494
10163
34217
10365
9628
27250
24734
33934
18462
26442
9330
21626
10149
30553
5088
9695
23011
24015
6244
25372
27474
21144
12878
21265
28637
8252
12054
17958
3036
22787
6639
5262
2374
26460
6814
20941
19746
32127
13965
22903
16703
10322
10267
6459
1573
2441
16439
15393
33099
32018
1581
6928
7051
11696
2495
5779
17362
23782
7032
15836
2588
25110
24381
26378
26272
9450
27941
7335
33095
5875
29835
33909
3427
28816
5473
9066
3486
13586
25542
8953
5168
16925
18907
31635
21334
28241
15315
10350
4607
31530
29258
18565
22728
24101
7896
20704
27434
9509
20197
13333
24818
31252
28863
8975
29682
2509
12009
19214
22007
21050
5559
13551
8955
7097
14103
10670
17307
8645
16562
16425
21451
11986
14388
30758
25032
12152
20967
1688
6478
32980
5511
14110
12044
32300
17746
1741
8277
4561
15198
23599
6936
19786
12591
32907
8722
19630
9609
15975
16706
26962
21635
18764
26269
32676
30173
21193
13060
19543
13715
28858
22387
9409
6834
14539
21115
3713
20587
13623
8690
31332
34150
5846
15593
9866
21849
18518
27102
27588
28888
18120
17715
31297
30575
25439
3039
18794
14318
21109
32356
16138
19204
11215
28673
20914
15375
16418
22056
10844
13363
26582
27698
2382
23465
12041
16210
29249
25946
33495
14023
25539
30893
17369
27734
7642
28061
25067
26872
15338
3854
25907
6608
9688
22369
2143
4447
7280
23366
18477
26875
25860
22225
3121
22141
22614
4305
19667
19003
22713
2141
23191
10550
29554
8367
10913
30612
12644
16182
19576
1872
23277
4070
27914
32560
13067
25555
2800
19959
28099
24062
16372
24028
26051
25198
17360
7228
21830
31619
3129
10636
5688
10632
11804
17809
11674
20615
25640
19411
9769
14433
24204
21583
32314
21277
16386
19564
11497
15745
27660
7216
33394
11743
2685
11188
26591
17714
25660
23765
16868
30314
32069
19757
31495
30723
4080
29762
30979
29660
19830
29180
33135
26951
1969
8541
20891
30044
10275
17260
28091
30100
6202
22130
27463
14483
32466
28009
15009
12612
30460
7090
13305
24619
9214
18694
27502
26359
18075
33199
4213
31319
14228
5880
23679
9743
27502
9186
21718
5963
25462
18968
25544
24883
12291
15141
3336
28607
26619
25061
16721
7373
14744
16441
5452
7025
30828
21759
24500
11660
19619
7746
33464
22432
26505
2989
25761
34530
24908
30022
23476
23953
9218
27225
4442
6535
2029
27825
8318
18702
34046
27662
29495
16884
7577
5588
9127
3810
26264
19713
25635
18153
20626
24161
12947
33630
5725
17669
23324
26600
29905
4849
3581
28887
4047
21013
3255
31671
10370
29055
12913
15909
2277
4814
23450
7906
18566
19434
28880
9510
20105
12530
6401
29239
13551
14966
22224
31033
28953
23527
5434
26952
25991
24139
26489
32196
16614
21301
32808
10476
20042
13301
9129
19631
6840
33036
6596
30142
5095
30179
25232
19686
33863
9404
12951
12957
4163
3816
31285
14555
6339
3386
31809
28459
9974
7357
14319
13569
17742
25506
10741
34382
27084
33404
10477
30290
21885
34224
24827
19633
3397
2854
12975
30922
20443
28741
31021
20292
11541
7199
31627
17897
8806
14824
3450
8632
24741
30637
9001
19253
7951
7490
23654
15620
8080
3965
19207
16566
18494
5025
30856
28131
30246
26397
28405
8057
27980
32631
18698
21331
2541
34435
3482
10254
5895
26328
23085
27928
28188
31876
8429
30985
17458
15871
32195
14903
18462
29022
26301
13700
30210
16841
15283
26491
17429
18735
31018
15260
3234
25144
4728
3571
22868
22140
14121
27376
29616
15602
34722
33138
24291
7339
32004
31525
7870
10176
2131
12046
28671
8841
11480
25188
21970
19215
6595
2978
8343
21700
34581
19418
20966
19570
22973
4684
33232
30834
21249
7735
10600
2334
20256
21231
30339
11656
22326
4656
3259
24685
2655
4274
22458
33124
8735
22781
21173
3675
5634
28799
26934
4420
8831
21212
21791
5644
14114
14213
7660
15565
4075
21900
7480
15428
32241
6583
11394
26757
9034
33491
24626
4589
9775
6218
29655
20569
8028
12024
19379
3733
18358
28731
12153
27160
10544
22345
8789
15086
22255
6343
31789
22517
28845
10391
10279
27468
30043
20977
11371
27401
10506
5557
24362
2602
4619
17151
27871
13775
20821
32252
5076
29350
23080
10493
14568
11942
19696
25546
14737
23296
31084
5433
7965
25170
19471
13055
5949
20254
10919
15301
21955
13948
33852
6015
17323
15115
6203
20985
8024
15405
14548
25522
29217
34164
3232
31982
32524
4695
4999
34567
3801
14890
29409
20484
15683
22605
19675
5228
11138
17571
10012
23389
15380
12357
9385
22744
15293
14968
5894
19039
7117
20957
10911
33218
8609
13800
12902
4662
12140
11411
22204
21415
2616
16468
11157
12367
16679
6732
29143
28808
6655
19649
34820
30942
9957
8654
19993
11881
26985
16985
32950
30042
9923
18758
20350
32211
20828
5866
12993
21244
11153
30915
17497
24659
34739
31078
8145
24899
18770
27832
3533
28409
3003
3169
32421
8307
4543
14462
6228
28889
25270
12438
23441
24593
14532
22736
9275
33166
9307
24419
2298
28008
2305
22093
24100
18354
22356
5448
24541
21000
10315
30714
18307
15207
7614
19564
20553
8769
11305
34237
28449
31953
12717
34584
16864
23469
32343
6883
31132
15002
12709
27193
17497
21411
4422
34971
31205
10349
15650
26594
4097
13765
25754
18552
6593
34171
24849
31176
22070
4723
22955
32499
4682
13049
21588
27589
25066
32085
22533
3559
29803
23199
33858
13910
34854
15317
16872
14099
16742
9515
28965
26909
26757
33698
14536
20124
21329
32988
23227
9567
32180
18735
12749
32136
5525
30712
15541
10374
32249
7730
23124
5188
3438
5959
6971
26272
2985
8229
19565
27935
12910
25749
8038
13535
13744
30408
4956
24269
5882
25907
33732
33815
18445
25246
32792
16101
24779
13431
20696
11076
27731
23403
19919
29794
4462
10808
27031
16897
6698
16060
5727
6694
7876
4434
26604
2833
22475
3679
5854
12658
23427
28200
18741
28378
19080
16103
17427
25712
12211
21789
27331
34277
5953
5673
12027
22698
8498
20762
22110
13152
4848
6594
14661
4496
11313
23051
24255
20380
17182
3471
6615
25333
27573
23394
3093
25231
11884
33330
12615
29586
4631
19091
22656
28243
32011
29588
11874
20354
12676
19862
15513
18853
26948
30558
33448
2756
21629
29032
3048
2662
32753
31614
9933
29629
26200
28810
8556
32798
12546
5289
12090
21940
27581
35200
23575
15988
12281
23763
12427
19283
2858
25939
27471
14263
9326
25016
29711
8492
25968
3600
27502
26457
10892
9047
31819
18482
15924
30023
21058
3183
9106
8817
22902
22588
29806
2701
11150
29746
22099
32527
19966
8838
19181
25083
9608
21632
24502
9977
17154
21551
32978
27308
27993
13916
29494
5184
3286
10428
14864
13634
23456
28777
27491
7093
32643
11411
14322
19042
28911
12659
10848
19311
21316
3969
24981
4403
8780
6887
19044
22857
22793
34613
7274
17891
30130
27478
7737
8545
32504
16835
29878
32803
28301
14582
33215
13467
9447
26658
5649
18854
19010
15393
31337
30492
16612
12462
5098
17573
3236
10708
10175
20175
21421
33190
33281
25182
23680
7729
33755
25060
11576
9135
23788
10641
12306
5886
29676
25931
33068
33872
17043
3329
18829
32291
10422
31549
19302
34932
31412
20985
33687
17455
20240
8628
33909
28395
20319
34501
28107
2772
4197
12526
9759
17128
13691
35124
14646
24423
25395
27118
32730
24196
17727
7453
29914
34145
11151
5371
23379
32058
33466
4823
6702
20705
11167
12319
28906
24170
30284
32191
27035
4391
17439
11689
11315
30679
5418
31413
5889
2842
34012
17068
16503
14376
31198
34463
17968
33731
3388
17790
3378
22890
27845
25830
22384
23248
15540
7225
21139
17292
15504
5620
33785
13586
13136
15165
13822
32482
26307
23996
19067
14079
8751
13228
5773
13987
4153
23090
11160
20273
27652
20973
12683
19307
19869
10702
13925
4325
5527
19498
5880
30137
15346
8717
25836
7805
34370
32978
28168
30834
26892
5616
18605
9214
6260
17687
35235
25437
3093
11388
34585
24979
31281
17265
19686
26021
3594
18232
9749
17928
23951
27161
24481
12378
25147
30898
10365
6480
31035
27023
13015
26864
11983
2810
31390
14080
22770
17172
21826
11198
17725
5669
11963
22737
32265
26417
6092
7808
27348
9932
35209
28962
20454
25646
33303
4821
28979
29834
24243
5491
23684
9372
5877
14530
7890
10370
15702
30955
26866
15820
26865
24878
26488
13270
27782
30419
20949
20054
32452
20580
29890
13873
14280
11545
15330
27795
34785
8340
32418
29758
2966
9934
5221
9506
24810
13394
29662
24110
25054
5801
25020
35175
26680
14613
29325
9783
32387
8578
25564
19975
8791
14777
4253
26384
31706
14551
33996
31085
11911
16637
29776
23157
10030
34122
6437
8777
35644
3078
15546
8105
11581
24864
28824
15884
10911
19675
14917
4591
5817
25284
13928
32621
22284
31975
30509
12048
5320
30530
8683
17639
26514
16250
4101
3544
7556
3277
30478
5944
17525
21576
23600
25753
22651
19770
22222
14307
15279
6632
26216
8103
23344
26754
24511
16303
9579
8278
13626
34778
13721
28484
7817
19751
22664
19314
25480
30991
20127
15681
20070
17176
28445
34175
35078
10407
4257
29662
27045
5909
23279
33188
29374
31750
26097
33957
35370
12278
18940
3694
11148
28437
34133
19396
6636
21589
23284
30797
21666
35521
3719
14988
21366
10512
8634
31763
19973
27514
30390
4595
4711
16330
31719
18808
12046
22453
17667
11539
29681
13674
13640
5528
3818
26218
7941
23465
18269
24730
31835
15730
7451
13718
9541
19608
20102
4169
9942
30827
35317
12475
8130
34915
20058
23081
17952
6858
16162
26459
31342
31670
28508
31026
3030
26682
26654
29569
4527
4573
28196
15389
32327
30283
19131
28728
20192
24395
7133
33770
31992
7921
28574
32785
5326
23573
11975
21083
5409
33540
6848
25505
31803
11892
25267
26743
9774
7358
5102
8193
24670
34119
27017
29960
22079
25151
16201
13644
15200
33423
11205
21276
22185
30732
34247
25893
21217
13809
22773
22664
30834
29580
3505
35119
13425
10039
18493
13408
4313
11658
17187
31122
33303
28879
10452
23936
11724
9398
12431
33661
3790
27211
33412
4359
6768
28708
10042
28574
19203
25311
34350
24791
13212
16844
14269
6316
33048
27622
11843
21014
3166
30984
31365
4574
25060
13149
12108
35759
25205
17689
10323
23921
24881
28262
14435
5330
25301
22433
33469
13093
25148
21447
33720
9072
15910
10026
3243
22208
13369
9833
14093
31424
3397
16798
4827
32394
24268
20441
5178
22973
34242
11982
33886
18896
16017
35530
31146
31142
32352
25324
6937
18274
29077
7569
13020
7292
17304
16656
21573
35861
5082
9384
6371
11143
15383
11702
14575
22849
19416
27947
33510
26066
23867
12606
30328
21315
9974
24414
34465
7850
28570
10859
18198
18428
17941
31013
35042
35875
9083
4325
10833
34128
23046
22667
7693
9619
30043
18359
28039
16297
28686
22076
15000
4629
25193
32721
33897
34930
3689
12298
13200
9991
27914
10887
12667
21660
8388
17260
3858
30348
29014
31760
32408
4892
13506
22522
9426
28171
18841
32265
34156
21354
34424
31218
3736
33966
17107
12784
34808
31748
23793
25782
26814
31204
24888
17321
22802
4329
13995
32076
25268
9184
29873
19451
5346
35359
17944
23773
8060
19992
32089
8980
10598
14893
15902
27446
26158
10182
24577
17153
12014
17569
28311
35146
8820
17002
27309
14903
4257
9356
12497
19374
13583
8262
10517
11789
34038
17153
9231
17692
5201
21217
35108
27968
22076
7578
14855
24817
15521
10629
20348
4717
31507
31987
4962
19886
28922
28609
23536
13978
32497
15148
11327
30587
19308
15335
15880
13230
15006
6763
22704
4767
7578
19855
6529
30453
23736
11096
4411
13833
8506
31762
23243
25501
16943
17311
3930
34251
30872
13584
15241
17723
7882
33906
14843
28057
32531
35562
5909
21062
30112
28933
25089
27470
27038
21321
3833
16027
24992
5392
20162
26984
14145
21910
32630
24056
11786
15184
6791
10631
29078
35199
17409
22145
16115
13318
24335
16114
15692
25976
19393
25405
18885
11126
12812
6418
15015
15672
32275
9882
23997
4201
29092
7668
13822
12344
28422
36069
15467
35500
24818
21707
10299
10295
25567
16083
33334
33167
5251
8300
34655
26553
10134
9212
7893
12902
11993
35281
26363
10371
12119
30042
7639
22284
27882
6807
26808
18977
3842
24526
16156
23643
33442
18304
31952
4192
15787
13979
24409
10421
18269
27377
29331
29140
10779
13801
12440
29311
12910
20340
22755
30291
8013
21827
17078
9888
10140
19000
11960
9592
30962
10778
23523
24326
5023
25996
25501
34081
10222
23104
8485
26913
22695
7016
10289
10226
34520
7789
3798
23655
35541
8164
3751
19408
32382
21694
16673
16590
31936
15294
31559
34918
31327
9009
35977
17749
7154
14041
25834
36259
11567
10794
26210
34427
7528
21177
25985
29242
9558
18161
7510
25798
31254
21767
6799
4641
12657
26161
25057
27454
15200
8723
21931
32019
5327
26234
7894
17903
6050
26445
7423
29966
35830
35521
8664
18539
24233
21963
31691
31957
8476
31963
5089
33861
13879
27847
8931
30319
20654
24581
16831
28567
9859
21534
22828
20902
32205
29535
13457
7037
30391
18130
15395
19081
14027
17517
6734
31383
22897
36232
20567
14314
18866
29077
32319
14219
26946
35083
25066
27105
10430
31907
20865
7041
30002
19655
13588
6215
7902
11591
17284
33958
7482
18767
34464
24892
21559
33686
27278
27818
16072
34519
23661
22434
8865
14981
15416
32578
12606
28603
9709
8608
14888
23154
21999
16550
21108
10998
11433
10016
5516
23451
5493
17427
25394
34475
21692
20560
16065
22692
33118
29258
13238
29344
11604
21541
25456
20757
33172
24591
8244
35518
20788
5843
14708
31705
26579
13483
23889
12691
5941
6230
13150
10689
18477
8299
5287
15056
4800
29421
34034
14335
8583
25375
20804
9675
25685
27034
30631
4779
22042
25244
15403
26622
23047
34467
3883
18242
29683
20795
10449
18310
24574
18964
32220
10018
19828
25687
29089
17829
16628
26682
26960
31247
25041
6867
9337
6465
14008
6185
32463
16561
5523
5009
32555
14690
19118
29240
22484
34580
15128
29692
15357
30648
34381
24192
11919
18214
27409
24191
11817
11026
29599
4960
25189
23356
11523
30987
11870
27112
28101
9212
19567
32910
28615
33685
22333
21714
16752
7865
25591
27062
21002
32406
4572
28943
7529
15298
13054
24886
15054
24970
29254
4863
21259
7047
6841
31727
16871
24946
25593
22697
26307
5432
26639
23466
26750
18257
9831
13366
28823
5454
14364
33170
8593
22194
6519
34420
19612
35843
11442
12472
10865
17441
23041
18772
7038
27606
28883
24718
13123
15277
11860
19053
4860
14344
36151
16237
22400
30573
17076
30070
7785
8993
36044
17679
26229
26104
13780
11984
20268
15723
28977
21781
31683
24811
30049
15866
7489
13173
30523
29059
26592
29543
27255
18458
30646
7314
11120
32063
26772
12432
30249
23163
9519
22871
20110
36501
12669
6671
15869
34057
29794
33313
35333
20918
17548
5777
18542
34007
15516
25997
29817
31540
6790
30790
26984
32410
11834
5886
26177
19080
7044
4962
32464
18731
29488
36123
7659
7308
26483
25760
31994
18441
8070
20558
13494
36354
28308
18362
19248
21972
29142
14662
25365
11787
23037
15858
28721
16083
25552
16245
5427
16560
17430
17549
36528
19311
35510
22419
20330
4445
16669
15186
12753
23222
18400
25113
25290
21856
14242
23311
27056
36057
18745
10695
29080
7791
35084
15380
14298
32175
22975
29215
17357
23839
35347
27830
19409
36656
33287
5607
27539
29550
19268
6094
3980
17402
30903
13739
14795
22330
12672
15159
33781
10703
25355
30265
33418
17607
24188
28244
28009
21524
25937
20259
12695
33085
26946
14472
20540
26196
33644
26944
12014
11560
26287
30651
15666
11963
20821
36139
4928
9975
16884
22236
28167
20636
29589
8643
11377
32125
25877
21593
12776
32492
28620
15018
21017
29299
12653
22696
10744
18117
19757
14022
35332
36083
18472
23746
21964
27107
34048
28354
31922
15359
8903
8355
28655
18730
17183
29582
14807
35064
31647
29132
6750
24350
30329
23771
19676
23079
34394
33217
23309
19049
12690
10144
8540
17720
30837
19595
26721
26713
23297
9368
14248
29113
25025
36662
17844
32607
11760
30401
10563
35744
21730
20052
12244
31122
35488
8671
32103
17859
24531
27769
22916
12074
5859
10487
19838
27741
21599
20669
30713
16645
11936
15572
14762
34703
24745
7485
8030
33573
9298
31365
11582
36317
30630
30106
28497
30512
20873
14813
29506
9901
35230
21880
36708
22254
30567
27634
6899
31948
36014
30465
31645
11983
28452
35231
11328
8424
21833
18783
8438
34915
10891
4610
11343
31767
16050
30533
18909
9440
33915
6398
29174
21071
9091
32103
23221
18335
24935
26042
19010
21739
9770
20734
24147
4255
8151
8480
27891
17709
18791
5701
25219
26369
22756
5215
16638
9910
22735
26366
9345
29578
28864
30570
28938
33295
8524
10478
36223
11044
30507
20342
20467
14116
31130
29789
32550
26973
22527
23936
36170
24516
6860
35479
28685
6886
23461
7365
14803
16930
18629
23661
22595
30742
30622
20808
7174
21335
19135
8372
28107
20325
28411
9807
21647
18910
13256
31429
12571
24561
17125
23782
21198
16406
31552
12540
18844
17404
29462
35419
6487
26307
25948
29497
12845
27500
36446
26304
21107
18318
15270
12642
13729
9802
4895
11117
13469
6016
21882
33247
15164
16195
8145
33147
14086
6539
28810
6172
25401
9770
29567
32842
5649
4354
22875
19211
29511
10868
15943
15355
10199
17436
25543
11167
4871
17851
16862
25591
32933
36468
13177
11090
22672
30268
16907
29030
26490
33676
21620
21152
9451
10584
17703
26041
6793
8517
9100
34698
20632
13847
9379
6433
25533
4712
34539
25620
10247
26528
28034
6421
32047
33057
30349
7367
14367
6082
4314
5841
17842
31103
21700
30512
27323
22895
25687
26065
17736
23542
5813
20575
29480
13115
29368
35418
33194
24540
15577
13161
35496
27105
7249
22513
8900
9711
7038
32742
31986
23230
34695
8161
26423
23245
29507
8307
33968
26197
24919
28602
26837
27003
22943
20785
30719
27337
28112
24524
12584
15839
29019
30277
17650
20070
26772
29104
7659
5958
29459
33366
15888
6681
13658
32448
5520
27359
34233
27922
14034
9203
24687
13979
35768
22078
26386
14761
28710
18858
28465
11682
21950
8665
25655
36176
21742
15128
32914
31613
20269
21390
8725
21952
34433
21689
15771
27030
20037
20764
13806
32692
14633
35377
6631
12700
26746
4773
36310
15727
24740
24772
25635
19458
34549
25907
10550
23859
11427
31197
9877
20094
19217
15663
8524
12235
21838
11656
22418
23178
17118
6379
33193
32514
14270
13560
23046
7142
28066
29466
28850
5162
17025
25857
19952
22292
36947
17747
10272
20118
12826
30878
12515
34779
23071
6802
15744
18976
7550
27501
20103
36805
22756
12726
15028
5540
21144
25646
33045
29857
15800
12292
34415
31106
33478
12104
16863
12034
29027
25506
7357
20000
16217
18756
35269
35005
30943
5661
6009
25190
17945
31055
33217
35695
10719
28388
34517
29249
7615
31676
33628
32500
12101
26058
6614
11553
33401
15489
26935
30705
23978
17800
5844
19578
8810
8629
12163
30284
22490
15929
9214
14918
10792
26136
25737
5039
33621
34781
24533
18306
8508
33675
26915
16904
19664
5334
18860
29356
5797
11667
33089
6668
15538
21614
31279
15948
7509
23515
13413
14767
23447
34127
11225
5992
6322
25775
32295
12973
26320
6153
4987
19470
22806
10114
20146
35077
21729
8591
35004
37326
34895
18280
23365
16760
10754
23994
32404
7229
26144
30108
16051
32783
7326
16837
19408
17267
21695
19452
27107
13970
35287
7887
17297
14989
13653
14216
25680
25362
14848
21597
7629
22061
5249
29415
23691
24160
29986
4822
12236
25333
9941
37090
34996
14995
26488
11781
29868
35856
5463
5863
22277
12678
22003
32666
26077
20905
6658
10119
28231
9047
8886
22952
9126
36721
27714
15608
32346
9450
8603
35112
28063
4893
32123
29588
24753
7780
15532
26741
27445
17126
34179
25688
35028
31152
26795
33231
17449
21512
24355
36710
17629
24829
27018
16856
35088
37187
13467
22147
19963
36158
26356
14874
27604
12637
31771
34714
10482
9385
20674
29567
18482
15774
17482
30519
22169
10553
4999
20695
31803
34898
20675
11021
21595
30508
7429
33109
37075
13131
34451
5232
27831
21381
12469
33555
12853
18012
10428
23260
22463
35467
35907
13705
30829
21983
25781
13932
11164
7752
23567
31770
32732
14640
12007
23140
7433
34059
32686
28808
20919
20784
28466
28584
36819
30695
7782
9594
7304
24259
32102
8002
30560
20786
35766
30973
15532
26962
28106
11487
34597
31494
31692
30464
5331
13642
11673
8531
13102
28099
34829
19415
13956
19098
28544
34065
32922
16011
33680
18105
23190
35641
26657
10932
9756
15813
8099
27714
10680
22942
23188
35193
31868
9627
24645
6386
21738
20295
29920
10178
16148
22652
24746
13227
32257
33587
31878
5524
7251
12186
26555
28727
28711
24679
19190
30490
5693
22892
19603
8640
10329
35948
6680
7968
13032
18478
11010
7510
11751
24015
8389
14745
32001
12380
26638
11373
15095
25249
32587
34329
21573
5947
34413
36700
13571
30453
31724
8796
36361
29009
19212
36831
30038
27492
36704
25789
26035
20711
12684
9110
24979
15244
16718
18112
15678
9358
12480
7811
21550
21644
21719
24457
11705
34199
20272
30096
21745
27530
17676
28258
26569
5785
34713
37127
8569
25645
37235
30009
25635
29168
32106
12056
34230
18211
23174
25375
25619
10296
33096
22103
33902
18589
20019
20170
16887
20182
25995
22587
20410
24270
25693
16660
37316
7791
8895
25504
37256
26736
27481
36730
37249
8558
19492
10054
33816
25407
25714
18078
27079
29315
21551
33871
23167
12923
12390
9414
15943
35615
8454
20677
31015
30058
35815
9307
36420
8697
28936
10770
32332
28116
23579
5738
25876
6540
36675
22406
6784
30342
19228
19750
23204
32406
22524
15573
14632
35279
13432
22116
25585
5786
36138
23702
30973
22534
25010
17949
29583
32351
31483
27333
29837
28162
5824
37104
27174
22639
27726
28482
23223
27552
28299
30365
22256
35738
28471
30800
22323
19009
34674
31883
34876
37232
27006
23831
19207
13129
32711
30787
27630
21706
32032
36898
21779
26273
16976
10739
16381
8258
15565
33249
10886
12598
8903
26349
37620
7350
12392
37672
16230
29560
19035
21541
5234
24521
10635
6062
16140
14300
29741
12470
13737
35426
26624
26767
21669
22874
31187
12381
6626
30507
36425
34507
17331
14832
12249
26108
22264
30995
26136
19909
20618
35101
37435
15897
34265
10700
29911
13764
30931
6759
16620
35164
8968
18510
24610
9845
31756
19413
19538
5909
16157
10066
8776
22888
13318
31861
20936
24500
32579
11224
36558
19598
15718
37591
26650
16207
28090
23458
9964
17602
28709
37776
23565
16415
6739
31671
15886
24637
10256
18361
15572
29955
35574
16096
28245
14624
23881
29550
14492
25595
31775
33838
23827
6125
36036
7247
18689
32943
29020
9586
20306
13838
28874
24578
12183
14054
5585
21956
36429
36941
35193
23215
16994
34063
27829
36861
7157
18779
30018
7554
34910
9915
20946
5437
14190
7241
6506
13613
9719
20257
18953
31589
12687
24338
6794
16483
6546
29593
9163
19358
37222
5391
9487
5726
18435
9761
26529
12496
34994
37249
34235
32090
22804
32731
6309
13868
14439
10763
37409
28952
25605
7053
17671
5539
17709
31028
24877
31068
27654
8223
26249
5740
15329
12522
21402
36975
11455
23329
37635
31618
17939
31994
27770
6557
14025
27459
31968
33316
11910
30105
31153
26552
23602
31451
17311
28755
13748
8670
35962
21396
27900
35426
37971
13143
13895
35397
16865
25225
17310
19191
6692
36411
6560
23342
23367
31988
8578
35035
16075
22604
7252
5980
9954
13494
23430
9715
15129
19358
25258
23159
14394
7092
22139
9289
30577
25479
23839
11146
28845
10837
21417
16523
15433
19233
31970
24453
22508
13831
36169
7307
12974
23501
14424
35772
17532
30650
8969
31165
13501
11179
24473
34919
21557
8803
22156
33724
28202
11299
16625
33568
13510
35194
6119
10950
19645
22623
7520
8552
15408
22397
25125
36411
16592
29646
27931
13090
20806
21611
26564
30497
19923
22691
29704
29973
9267
15434
36662
25251
27336
22099
9798
25455
14068
9634
16225
7310
12999
8219
23715
7229
13786
30719
31775
27091
25978
19320
22819
20980
8201
29298
21182
17160
14242
24237
7040
19947
16380
16912
5761
7910
29585
28481
34212
33503
29695
10354
27933
19660
27054
20606
20529
12142
18099
12852
11069
24379
12532
20978
20218
37020
22413
32119
33023
9816
14195
36338
34184
9296
37719
36958
30325
14958
8910
18450
35734
31704
15534
16276
14373
5737
32955
23471
16788
7777
17539
9413
13194
16987
18310
14950
21800
31616
29338
9504
33680
36347
9870
31385
5544
28076
24078
34780
11547
23329
9926
30193
6305
19650
13771
7344
11137
30795
6966
30678
11860
36992
22802
29273
19723
35612
24952
31737
9779
33546
16376
7448
24440
35543
29243
31947
25448
33640
13287
36145
11386
19176
16835
20996
16719
22533
22556
30061
17975
5468
28775
7965
18423
37169
33319
16793
9162
21860
19217
20949
12453
31648
25198
7429
36287
20950
7106
12464
14929
8938
31915
35078
23194
30636
18955
31091
20007
25609
28777
33652
31569
13443
19349
36778
29703
36830
37259
15661
22478
24860
25754
15138
5893
7596
20678
24720
31598
15327
14442
30319
6634
28059
29730
26626
37252
29523
10727
19815
15281
6966
8060
33901
12758
16551
35850
19365
19467
24558
11527
37820
32031
37421
8795
31495
12252
34197
21958
10080
35212
17881
29052
29233
13756
26851
10771
6862
7999
29639
24479
29448
14966
35829
23068
14847
17615
18610
9484
6455
7564
14537
20064
30702
7110
28797
35996
6317
34225
13251
36919
13598
36129
37038
33856
35869
30029
32299
33352
5649
17875
21230
32123
21373
12029
10412
26896
27090
33603
32651
7652
33416
27153
13783
17249
8300
12234
10230
16293
24380
22284
35998
29408
20849
20278
24901
16894
28764
29735
31449
13447
21108
15177
36530
10691
7151
12751
18373
26913
23951
12346
15386
37337
21951
26402
22144
11729
18398
10547
34943
27582
24027
5750
22670
17547
18434
36049
8326
36862
36629
33234
36951
19609
19615
10664
18681
7870
15749
36722
9126
19223
25310
33469
31047
12341
9476
32327
32300
33655
11499
27657
34303
21806
26546
27253
17403
8190
26744
30461
23385
26504
7281
8660
21515
10821
34105
12024
18349
10933
28008
18544
23225
21434
19302
9682
22010
15422
18049
19721
29763
36380
37436
20565
14432
21566
37866
11667
24397
29699
34428
12991
17062
21987
37016
35767
16223
33109
33003
23874
29877
12272
9407
37200
28516
7121
27856
14468
38171
36158
21595
9455
25645
27528
15993
8735
23433
21814
15787
28248
7916
33631
31158
22817
11093
31832
10161
11010
12218
22928
18524
14989
24057
9399
8371
21147
18449
36902
8387
19928
7570
36475
11453
35714
23890
36227
31817
8557
20322
22622
33820
28491
23360
25821
7629
30506
36430
36911
25060
7998
26243
36541
26677
16609
13665
37714
25196
10456
12071
29055
17640
27864
31303
16190
29133
14920
21274
14805
6740
33353
6099
29181
19046
9972
20658
33604
21098
36322
34938
23216
33627
15346
35108
20645
28957
24134
20693
6664
12049
25743
21262
21669
15079
37003
23074
13006
35251
7884
7406
35397
27459
27834
23748
19037
14256
16347
8104
7515
31540
37458
23231
14626
37947
34982
8452
8976
30653
29893
10813
27427
36810
35401
17966
8800
26727
10233
36876
36981
7832
23187
30260
27805
17854
31945
27165
7620
14115
6281
19595
17900
32724
28033
27142
7375
24751
16611
7051
24005
38076
23141
24449
19689
20929
21133
32494
6007
14096
38443
37611
37753
7844
17191
32342
8867
33900
17020
12230
15483
30695
17285
16324
25533
19441
31864
16184
35581
30941
21552
18977
11406
25795
22831
12937
6563
34331
10723
22457
17588
38027
12840
32169
35619
15358
25103
14522
16928
34294
16861
16807
35530
27939
34647
17849
12694
20276
36925
34619
7413
12525
26133
25134
36657
34938
12073
35134
16280
33283
12499
36596
36573
29312
18168
36652
23227
27855
29907
36042
13531
11523
29428
22441
33016
19968
24200
36564
15937
32069
28122
37625
32767
8456
19994
32026
22903
9352
36446
28038
16658
24223
15334
18184
11963
18070
37796
10846
31113
27454
27899
17900
14494
24636
16840
19890
11087
38309
30623
12156
27781
19915
20055
22360
30050
9558
6088
6221
13096
24982
7379
36170
13399
30999
21411
34397
12566
35446
19251
22053
29396
13684
28688
37770
24367
35401
36449
9131
10773
33595
13604
8216
29481
15470
24250
27970
21096
24062
33446
38192
6156
27723
29842
14963
17328
29332
13458
14171
30390
15304
38061
15723
26086
36248
22426
35083
36439
6609
11463
32125
12691
6633
11680
15634
23798
18647
16397
37278
32855
12072
33340
14633
22507
30032
9122
27367
11621
12350
20284
10347
13410
23603
35611
12055
34309
31187
12575
7639
32734
33149
25859
8975
35345
8408
11161
18129
34996
30382
34647
9556
31864
16638
15891
11681
38540
12620
11275
14480
17342
23356
18472
35827
29412
29023
15748
7697
6778
17485
15913
11606
16780
14324
29468
32840
36823
9007
11674
25021
10539
19867
15777
11595
22547
32678
37298
32769
19384
22760
33750
24916
27907
24759
30687
30812
36610
34037
12016
8513
32397
31533
29759
30448
13609
14302
34586
9490
13100
28695
26152
38462
17698
22852
24562
21101
14448
6984
36001
8623
17207
10444
38153
18205
9083
29142
27367
26639
14725
9373
22119
29583
8581
28828
31978
7693
36988
32741
17669
17748
30809
6840
15309
20668
14178
10580
24402
24993
22230
34829
29289
26645
7377
24991
15791
28626
30063
33730
25034
14706
30516
25086
7922
29667
34476
15041
13745
10773
23886
37551
17638
14581
30630
31289
18704
24991
11956
20849
8393
19407
32911
32284
14993
35993
19533
18441
20429
34139
34087
20386
20751
12015
8409
21185
26520
9509
17736
13253
12316
34416
31079
30436
37573
31711
23899
10691
23674
32079
11742
26947
32096
9696
38625
31134
37025
11429
6517
9396
37229
21920
35051
21151
24895
28397
25402
37005
33634
11837
34978
31183
12723
33414
38543
14125
11944
11769
27072
34941
30865
15413
35752
35956
16926
10426
36629
15035
21538
18848
8207
17477
15510
21129
19203
19937
28385
33748
16161
14603
14679
23059
36866
28424
13311
20927
14990
25138
35993
37675
28957
14736
21471
6839
29404
23209
12300
12614
29299
17818
39067
18674
20452
30567
32593
37374
10678
18063
35453
23563
35156
28131
17535
38799
11952
14743
25735
35716
16171
35482
38047
37725
23481
9251
22764
31038
25152
30605
31792
16492
24130
25188
9620
29699
27836
37568
31653
19943
38734
34257
30876
18940
27291
21692
21474
31130
19443
17317
9427
11067
21040
18189
8899
14967
9693
29535
9790
7219
11422
35525
20372
31509
33739
7488
30357
30779
36447
28408
18330
25644
6673
39121
12741
33806
24512
38718
35465
14106
25364
15194
35436
36942
30051
12853
34571
14433
24529
38507
36447
11260
30908
16380
18240
10791
10327
18007
15143
26370
8340
26808
27960
22197
19528
20660
25216
9385
14730
25363
32635
11001
33627
37597
24281
32291
32397
27319
34177
24836
11741
16496
38871
13571
16739
18136
29754
14988
9516
29137
22225
13760
25381
24744
27272
19306
23610
17061
27477
10805
7360
27104
15808
21533
20496
32855
8098
7204
38773
37694
22061
11334
18505
26774
32044
10158
21850
21249
23436
15658
26515
30677
24860
15837
27096
15215
12689
35892
35889
18378
24781
30491
33323
24912
17505
21872
32891
32239
32336
30135
15845
21104
9494
13840
31580
18948
11496
22631
22379
7200
30270
26347
28883
29835
9615
15553
7286
25014
10331
34553
12915
32075
35695
20929
13971
33544
34405
30168
24548
18894
24682
31302
17315
21237
37444
15947
10079
25571
18835
32661
15964
24029
12630
37045
22070
18460
9138
21460
14022
16420
10479
19874
14665
17489
26564
25744
23231
36019
27348
8255
19858
26140
24440
32056
20088
17270
12735
10461
16538
31066
10675
14752
21750
22495
28126
14194
16642
38576
36621
34942
18578
18274
33108
38424
7931
16900
9810
15856
25465
16375
19638
25484
15566
39168
18690
13813
22572
22171
35728
32176
20309
37266
22482
34543
14849
19919
32989
31753
28288
18542
20265
17448
13728
27671
29586
14913
30161
24459
11171
20554
39303
25212
31508
29351
13536
27810
7825
16357
11911
17163
7102
26794
28632
30643
37495
19436
24645
34644
13148
9058
12280
35199
32653
21560
13753
9964
13746
14343
25619
18959
36927
29188
39346
15851
14582
9336
20752
12075
38317
6768
29521
17263
21073
14773
21099
15076
19499
20734
36489
20503
16994
38501
27314
18955
28609
27160
21669
29833
29115
12625
9224
29367
8364
23944
21698
8172
15714
29671
16550
29379
38876
10494
7249
38510
37713
25784
15189
11853
11125
17037
24471
30655
24311
25082
38901
15929
9038
6958
29228
21909
17845
27655
33785
36524
23924
12604
36735
23078
13154
32732
18153
36241
17064
13047
29520
32433
14023
33178
33503
26903
35549
12545
16949
20981
11812
14089
17674
24113
20923
24804
16918
20152
17321
21008
26158
38677
31519
28554
25265
16962
14845
35647
15138
39358
26520
25539
38422
17119
35002
19525
38225
18026
30955
37059
31020
13921
18671
27258
37690
26140
26256
39073
19498
26779
29086
29014
16623
18715
25139
32473
15135
12775
25659
31992
34969
30065
35892
19146
30315
11681
18739
9376
29427
25965
14376
14905
6980
32938
15458
30005
14282
22050
33110
33740
27698
12262
18844
31680
7812
9702
12090
10640
22930
34494
14629
24559
11926
17107
27141
23412
23063
36255
11321
36499
12300
10569
16155
27084
37700
36985
35205
29730
31749
29290
30100
18383
20980
13633
14763
18230
7476
29341
12987
7705
21202
8815
13250
25356
16481
26636
28306
27946
23265
13696
22996
12806
29926
14629
14412
16357
8182
18805
9567
10282
15666
17181
19154
28177
33080
36178
9172
19872
28489
14440
28991
28379
36775
27297
17179
22840
25921
36675
15204
15186
26258
31725
28172
23265
32199
32810
33348
16618
21536
37703
30968
30259
27800
37986
15512
25594
20936
20676
24094
11494
23305
17521
9037
37438
19673
18684
18998
14681
22656
9888
9729
25942
16115
15245
30954
30989
39672
11648
12170
21828
38539
22934
24920
26407
36736
30306
14959
31474
28523
7229
12946
9969
15037
10205
13677
25258
6959
11050
8221
7769
26980
24652
14323
28316
31177
21257
32373
8304
12481
13390
34470
18780
8703
35851
12168
10220
16178
15684
26590
26721
23016
36966
24374
8615
31916
14295
18471
7815
24434
33488
36824
18206
31542
12911
11969
16014
32991
9480
30390
35059
14185
19389
33313
19865
34115
7758
10383
35180
10486
33074
7278
17839
25864
20966
38420
9969
8992
36229
12292
26685
21098
17817
22637
38546
34109
22320
31732
8338
37372
38963
19891
36478
15162
28404
20610
30306
8993
34822
34165
32909
36372
7761
25510
36932
14483
35173
32052
25784
17503
34319
30091
17973
32991
27946
11494
37787
37571
19640
17683
17426
16103
38706
25462
12538
23674
23836
21585
15393
12895
17627
29507
9785
17363
13515
32014
10633
20561
25485
11933
11490
35506
17054
21829
8917
19353
30510
13387
26915
17166
21807
25510
15477
28009
37036
35847
37965
20338
39260
9239
31549
15814
21623
37631
14167
13181
10440
23598
22244
31753
37124
14422
30041
13409
10330
16312
19590
26464
25931
35234
26129
18791
30396
25910
33059
22346
30537
36716
32865
23658
27357
35419
29726
9246
14975
31156
38094
23128
8815
10383
16830
24453
18034
7274
22531
37812
24682
22894
30129
23803
15657
15349
32077
27926
31623
35658
28036
35410
16818
10671
24860
24490
23750
34213
19244
38959
32414
12391
17288
18861
36329
15800
30592
29323
15488
20702
37578
36595
22519
31471
13500
35123
34929
20043
17854
35171
29113
19306
16640
26696
27279
35544
18024
18809
15936
18557
35023
8384
11386
13346
27756
9923
39773
11057
27024
32996
12245
16316
34708
8293
16424
12481
33808
7376
21707
14253
31310
36246
11130
20254
7935
9974
28807
22253
25644
7712
8819
14700
39279
39067
21435
30188
23650
10980
16116
13443
27992
10840
24858
18188
15435
22099
36390
15214
16918
7322
13278
25378
31204
31990
16113
29679
36585
20514
22083
9720
37456
30183
24710
29433
19828
11910
34826
23246
33874
9046
12502
20789
15423
25262
38135
14548
23254
21253
31512
36734
12597
24920
15187
12210
18281
28365
34375
19300
31782
16789
8811
33792
19643
32022
37793
17325
22854
25930
24847
15311
31012
29026
27946
11471
29612
29104
37907
23326
12573
19651
33831
21879
30676
38868
34002
28773
35267
36449
8099
39686
13854
11543
24486
28942
13143
29685
39662
11790
21837
37807
31345
26103
29633
35408
13337
9946
38153
29476
11031
26609
12552
36309
27259
27107
8285
16596
11777
27716
35803
39674
27950
23643
28729
39024
7324
24873
35339
11980
39315
26790
15857
25724
29656
39502
20751
30568
35274
21212
34237
22227
10922
36182
28799
29826
13115
23881
39223
12577
22667
24150
15513
26594
38160
15597
16864
23911
27638
15449
14527
38370
30392
24061
29595
22139
28910
36317
37367
22002
13926
30816
36656
24709
26485
27988
10602
29460
10127
29746
13514
37251
10774
30115
12006
23648
33136
7748
9849
10693
25692
24230
19292
9600
23942
11418
15025
15474
39257
27051
23393
22325
17940
37611
24266
10242
14880
7667
14769
36817
21665
10021
10622
24257
19531
21812
39336
29627
24694
38375
32110
32594
8309
38937
29128
28142
15652
9989
15261
15658
39105
19136
30262
16506
35069
20999
34291
39185
32594
10555
9020
25858
35734
8874
37307
27045
27857
37904
22472
15676
9292
27998
35365
13270
16106
11449
32748
37748
18619
21446
33477
21355
7887
16933
20316
27401
37704
39227
31251
29563
38835
36149
35828
8430
24985
18249
27625
22261
15696
15679
26671
23595
33559
8753
29704
28953
25187
21647
28080
20058
30579
28005
32915
19964
24362
21729
30653
17450
15646
32784
38034
19208
26605
15336
15807
34271
12240
10635
39536
8058
29554
20426
28100
34768
30466
26088
18045
13539
12678
15265
22269
27367
33907
25195
35182
20391
37243
31740
9280
19749
8871
21004
37592
34688
22693
39772
9862
27163
37731
37367
25528
36860
18653
16056
12142
35698
15923
7692
28910
20731
22270
33273
31673
18788
28388
21856
21949
20274
29034
9343
11724
39745
9226
36537
38477
25771
22150
34202
22578
14315
28027
32022
29226
18755
31545
28945
38935
18011
23250
25637
18114
27434
33137
15263
16333
24089
31213
40138
33258
38758
16030
12145
37195
22471
25968
27039
9306
29265
21045
18601
34985
28055
25408
39790
21548
16406
19503
16862
13990
11217
37640
34233
32609
32056
25480
28825
11042
12622
11447
17203
36444
18187
15552
29146
28580
16383
20224
19013
9829
37945
16477
9873
37333
40295
24025
20873
31783
15679
33126
32806
15875
17181
28925
33874
13875
21741
13290
40177
27039
24395
21098
34594
24443
20713
13175
13506
36287
9521
36067
19507
27095
33324
39332
21851
29084
28067
35439
14319
16516
23940
25736
28401
34069
10118
17112
38263
27296
37904
11584
12463
19243
39000
31277
23328
15791
31688
28268
13618
21636
27813
36672
16113
8217
18418
23218
32526
18920
39058
23081
39718
23465
37294
17210
17735
34502
34902
39617
8881
32784
12395
36401
36825
17328
8380
30504
26036
21856
25199
15687
9265
20699
36771
35392
9736
24209
17747
33840
16818
24736
27773
33328
31672
27648
7812
28454
11825
25085
10452
20194
18822
15851
29636
39270
37497
27413
20672
24708
33126
14070
29607
29615
9928
13228
39794
30219
14590
7849
11799
39622
12112
8108
19372
31659
36397
29679
40144
15860
18614
22946
24647
31072
23425
20377
31716
38278
33942
32066
38060
37225
15550
22233
29240
26956
22014
20959
12635
36552
25438
15816
35333
10011
19950
38132
11367
33731
15115
23008
31064
35148
10207
21662
39416
30822
24103
17538
14995
19770
9785
23071
27848
10494
23109
36209
29930
31175
16091
9308
34470
21663
17581
32085
13542
13784
38807
29280
39158
39840
7900
26682
29925
11989
21171
24023
21807
28186
35586
36879
30104
36650
11113
34196
27995
35436
20610
38695
26244
33992
25191
18443
25755
35770
12405
33466
24194
22436
31312
36312
12192
34921
35367
19813
9280
36919
17466
9270
9523
16548
20377
35238
18109
11773
15406
10121
16047
23770
18941
37985
34256
28150
13739
32213
10369
15422
11837
22366
35489
8488
22563
24900
8879
21318
33141
39881
28718
37659
27516
31395
12622
39469
19828
27824
39880
32859
29840
35814
40202
35697
9535
35209
26004
40186
8622
10912
17314
12886
31118
26793
37131
11020
34583
35468
14441
18785
15693
18894
38266
8489
11138
22535
13510
26845
23068
22678
13954
24814
25752
8851
22709
17753
29903
24325
27801
32124
33656
22357
15172
32295
33263
34819
40327
37367
20789
19352
19223
31711
10807
12764
9450
10248
23379
22344
32484
24283
32536
20670
11443
11868
36941
32632
22008
32185
32565
24895
21927
32546
11282
12509
10416
29660
27368
27348
12255
30353
29827
35408
18688
16363
26811
37467
33608
39265
17911
14160
29424
29264
31216
15506
26659
19277
28600
23165
36122
27578
16122
16541
12166
38295
24707
34846
14638
11163
35841
10884
39897
32131
8971
20637
13422
11947
19810
36275
26970
27355
10871
23301
34866
23907
15405
26489
9881
40554
28383
36747
35429
35459
25253
37257
23805
14465
22995
20994
11781
33165
28867
17532
35134
20341
33493
19557
9127
9543
24755
10828
25577
38431
15322
18769
18929
40509
27478
32986
31199
37466
28108
40584
28191
39228
19646
19562
38101
25481
17675
10096
23679
38361
22709
39458
29654
39182
11751
20369
16628
17640
24375
21134
21436
39124
8488
11547
22391
30469
24819
39967
18363
38342
16519
11102
27793
39695
37838
19879
25046
38486
17202
17743
11746
19623
14176
28895
11112
35575
12875
20490
19101
29366
14708
21730
28061
29859
30058
21835
25610
28132
10892
12463
18934
39766
12054
32243
19971
22306
33372
21930
8904
21649
26960
35977
40823
20001
13386
29211
21437
23000
37385
26550
37610
22488
37877
25518
14930
12084
18342
13512
14067
19714
35242
39410
36440
39345
30083
33329
28349
22685
38640
35034
35443
9697
16494
33285
17030
34412
11005
11071
25758
15960
17191
21631
32803
24951
18239
38236
38564
21038
39655
25212
11130
8838
29652
38736
30376
35712
17366
18430
16134
28329
33810
28575
40863
38383
17810
20139
15447
9651
11009
36273
10705
29983
12207
30796
35983
16570
24540
25682
13147
27449
26162
39246
12518
16537
37523
19505
14512
28522
15893
33604
17191
11374
12363
30305
15635
13410
27079
16227
17969
40988
30684
28379
17182
16086
13737
22789
18039
27338
40530
12026
38207
35839
38033
14374
19073
15714
17262
16381
24118
18456
31818
35818
37736
26899
13858
28040
37272
38115
37394
17685
11614
11727
35096
34852
9295
24613
10011
8337
20515
39118
30508
14266
38168
18981
34059
16876
36753
29450
38893
24092
17667
39985
35452
24024
23569
16320
25632
35197
40950
20250
38781
29865
21284
19189
35389
30451
38186
8627
18959
40154
24539
18415
37615
9468
24493
16214
35497
23945
11103
32696
21912
30198
40671
30302
26804
39158
23914
36767
15564
25254
16117
32430
18191
34567
11468
14262
23249
15538
12665
20521
22668
16327
16359
14677
20005
33063
30151
35128
27761
21987
23859
17813
30200
15092
29073
25927
35577
33068
27579
31702
30382
30060
39261
17224
25040
22808
17310
30777
36446
16072
26882
15406
32923
40768
20110
29223
14678
15011
11310
18803
25965
39395
30805
27336
9876
17532
38627
31635
22867
32354
28491
27533
31822
8759
11765
16527
40137
27586
13537
21671
27755
18077
32654
14955
25666
29997
32282
15245
39176
9175
11178
9648
9381
15473
25612
22906
18676
36343
15515
20459
12234
40064
25699
35309
27701
11632
20358
40492
8449
25582
12767
22823
28801
33177
36068
9096
39308
40822
21713
8880
26053
29485
28931
18327
19743
29814
39841
16339
29345
30414
25730
31990
24167
35694
23371
17949
39146
16253
9432
34758
35713
35461
32734
21986
18983
33060
31950
21548
10878
40964
27900
30904
19476
17164
19712
23759
30181
40152
11868
36858
27938
16999
25696
8541
10545
40724
30795
21318
35061
25800
10419
11526
27983
19565
30759
24320
23781
15014
36626
11519
38178
40125
29922
21197
11390
37341
25706
38657
10751
13441
16261
32792
13823
38956
26109
24519
18481
20315
29611
10384
30431
36279
10719
16788
19317
14992
34818
19624
16451
34695
22393
37546
19327
24458
11981
35350
39817
16902
12297
11220
26739
24151
34404
35412
32449
33668
26400
24285
26477
14377
39346
33058
20783
36532
19235
32023
40699
35284
12470
15106
16330
9519
15819
28117
13213
22100
28931
15291
25023
39408
31909
21745
9291
24900
20033
27863
11503
29654
14739
18759
9967
39271
19113
23589
14957
40998
33608
39735
21735
37667
34701
35383
23297
13574
32208
11047
10117
37633
9677
18661
31656
17411
27398
20479
17551
10287
30307
10696
23057
15500
33564
19884
39615
22270
31448
31936
35105
24181
40215
23453
20035
21348
13773
24175
17776
15477
10063
15177
30014
19323
19315
22204
39371
20135
28659
24231
9285
16896
29203
34640
21424
38157
15748
40628
19171
30932
12935
27164
18388
18953
14166
33265
24598
27519
30911
40913
26272
9442
40466
37602
24272
22952
29757
20071
41136
11333
21558
18065
37495
24990
18585
36759
39763
39105
13971
29449
13157
10963
36350
28513
13581
18249
17613
21979
21353
41052
41387
31366
23064
15286
39391
10907
39492
15218
18035
23822
10463
13123
13461
20836
21036
24051
38205
37060
26242
18192
36880
34128
17485
15586
15749
39862
17237
40607
35910
8961
25923
23266
38361
24246
28513
12890
9855
32540
20897
37567
31836
29659
32481
40459
33241
19656
39533
12774
34631
40192
40645
33634
16325
37940
24993
8936
34147
16963
39219
31859
10375
14606
18092
10235
20112
32904
10753
40501
9146
37132
8943
9593
25665
18420
9021
35587
32970
35431
38465
31839
25086
35442
24997
38175
36728
25178
25451
29903
15841
31281
37167
28971
34905
27560
40108
14479
22809
22564
16770
30894
17751
25876
41015
23943
24682
21121
19067
31893
18991
24550
25776
32838
31915
29507
32937
10159
40178
13933
38322
28286
21319
40616
14801
28976
28292
37495
32844
24964
22205
41395
41323
40751
37664
33755
20351
18641
26399
20651
23843
22824
19154
9968
39106
9347
17046
13722
33114
19066
23035
23315
14463
28637
17885
20175
21922
21738
29136
35109
32403
39875
31938
23901
26949
21279
26843
31242
10962
39231
33448
17306
30654
27428
17273
15659
14720
29695
13063
29600
40254
28905
35930
40692
32729
31956
10730
28111
23337
22721
32005
12119
39050
33844
38000
20297
27799
14821
30289
22600
41013
9401
20812
28789
27348
24816
18669
33855
16881
40352
24902
37757
16863
29282
19929
21690
37832
15691
10168
8911
29935
40222
20202
26808
17207
23487
31505
32672
13033
23787
16202
13118
37298
25895
34133
24676
15083
19702
17398
25045
41245
29775
29850
16216
37061
35406
35902
21258
36948
32042
31629
22776
33146
9831
31304
40173
26532
34637
41451
14985
30660
10648
39822
9107
21840
30833
25865
24720
41101
9629
29019
16277
14861
28405
10317
25945
24438
22550
35154
29838
34182
11353
30130
16242
37716
23814
26087
14241
25305
36804
36423
36909
10926
29012
14052
17904
13591
41087
19121
33313
34881
17741
25062
35622
25544
10360
19365
14249
14204
24352
23261
38894
30565
24256
31343
18788
28933
36193
19599
10362
34268
41486
22893
21683
28466
27015
37141
15101
28432
17210
9364
39487
37520
27246
31325
13873
26966
24514
16875
11376
22111
34518
27303
40914
24058
19528
33291
11766
38163
26594
15624
25376
38327
36625
12453
41028
40149
11161
32234
10081
13634
27272
29948
16913
37888
14184
29577
13917
35264
30649
33382
32213
11685
39583
30327
29409
9547
20695
39120
26706
11784
33007
39449
24380
19314
19383
21815
20232
16161
13555
9513
13253
11702
17490
21039
22207
38171
12964
23090
34131
30733
30535
39008
10753
25304
18914
36887
31683
11618
27734
24324
14237
40555
20722
39564
39030
21523
28903
40042
33062
38301
26363
33434
36048
29298
41601
26230
31090
21097
18056
36640
41146
23365
35155
41759
29468
20352
10249
40269
10529
19015
17070
35056
40706
31941
13394
18727
36469
20644
15240
28552
39623
37841
34586
26119
25387
37248
31483
28697
36690
15473
16765
18202
35387
20081
31940
21996
24397
33059
11387
22498
28067
17408
39877
24284
26023
37789
27511
33971
17634
22060
35972
19415
17426
24902
16057
29494
27517
36072
26538
16736
16774
30651
21996
35561
18302
24728
17540
30735
14524
14667
12960
19869
16368
22167
25477
15632
38580
24955
39625
32759
17252
28084
26818
17056
26928
22915
39742
41456
24175
23216
9844
16531
32054
23759
39483
14166
25130
38082
30586
25808
36242
28031
31200
24648
39601
12820
10709
37843
33106
39144
19120
16829
38308
37955
31018
31018
14920
35856
36370
15869
30889
25826
39235
26617
29580
30774
35028
32038
26600
25080
20622
35703
12279
18248
9635
17833
31885
31357
41628
26478
14505
41066
26516
9419
19273
15073
35492
10431
11139
15478
27806
26405
31442
35205
17918
17883
39342
35447
32797
24868
27231
13120
11944
28491
13842
42028
15697
34698
26669
18396
9668
20521
37856
37515
16861
22506
30716
18071
36376
40613
29961
25148
28745
37168
10643
39586
22157
31873
10436
34842
17024
15383
32568
26532
38064
10134
31244
38326
11346
33713
25656
9784
12084
31308
11807
15827
36339
24034
13157
36971
39022
15397
37633
10474
13946
33765
19859
24128
39128
16947
40439
39336
30308
15046
16410
21036
10638
24478
39436
24939
16910
27622
31575
38298
24276
9759
26256
9417
25662
36219
39211
25959
25230
30343
17811
28681
16539
23309
13179
36455
32455
24889
14958
39847
9776
24058
19118
14815
14379
22187
30779
32981
12782
17907
15410
35337
30860
10218
24664
32245
16679
37245
18679
34451
18784
22291
37097
19232
29715
34417
11250
22816
40514
14298
33619
40610
16462
31355
16539
22981
12141
24583
15041
41339
37720
27551
14704
27533
25668
26612
33442
13279
34068
26799
26224
10486
19917
31505
15656
33207
39498
18902
35745
24689
12593
14432
16843
26398
38693
14609
18314
24806
41533
25337
19397
9445
25013
35505
35258
38446
11748
25222
30868
25872
29806
26074
39231
30104
38075
37832
22139
36694
24744
15623
11055
14948
38268
26897
33536
28069
24861
38532
35107
29259
18308
23240
22895
41116
31854
42226
18359
23029
34132
10216
12630
25615
14238
12230
36107
35201
26388
26241
11528
41862
22677
19403
26437
28929
19723
25654
38938
24254
14494
25499
13069
42235
31272
22205
21993
24103
9961
36906
37392
31465
15997
23650
24593
14180
23306
16699
29053
30138
12734
19588
21751
41422
30585
13801
41099
33359
32198
22550
38465
39666
39952
17696
30449
33790
14611
31264
30552
23310
34960
30241
35692
12562
20805
14396
31725
39320
20252
26881
31293
16202
34211
13081
9841
41399
38588
36650
15272
24662
29078
34555
22171
14023
28123
13273
35446
36445
10027
31801
14311
18650
11466
21662
23156
10361
22933
34749
16401
31026
26683
18911
24306
24377
38825
39816
15774
28360
29638
16214
41285
28958
38497
18219
30291
31432
29799
31887
10053
14111
35674
10319
21947
36114
33534
32106
10703
33061
38742
11054
11174
30906
24270
23199
23364
17039
16570
39704
31397
34953
12287
33333
15881
36528
32272
33519
22159
25466
23069
16393
35589
25932
20615
23980
21247
16702
24214
38478
10278
20255
28270
38616
33235
28345
20287
26119
11997
19029
32189
23314
33199
41602
20688
26510
33437
34579
24204
14479
40056
41319
11619
29457
30559
29677
34201
36758
30169
13030
30457
39184
34849
39533
26311
21248
18881
26037
14837
35552
40290
19347
28569
39103
15075
42044
16287
21291
25512
40015
37307
31315
12597
39190
24738
24173
12795
12809
23930
17750
18545
25491
26511
21368
32871
24345
11335
31729
20120
39993
33624
15346
28286
36687
23352
42340
21098
10558
18902
31954
22995
33901
38279
28291
16878
25359
19011
40678
33920
25256
12049
39476
39153
35020
12224
26448
19361
36138
36568
16882
40831
33994
29648
16388
28119
21139
10625
26188
14443
33040
41179
28748
25030
26996
35799
20326
16333
19419
42156
42308
15511
15570
30022
15735
31102
35866
13044
19038
10358
34985
33377
26954
36766
17906
14277
12767
27413
18022
26460
21694
41231
12091
23064
36193
31784
26988
14995
27461
24568
21505
36423
13903
11239
27536
20225
29289
16450
35588
14483
18028
22927
10653
40649
19010
13854
14904
24479
32844
14817
36817
17841
32257
33917
27462
28403
34776
11681
38493
35746
42088
39831
12297
35195
27342
10265
36329
32554
36944
34661
22290
27653
31040
42388
15374
40954
20770
28199
28708
24518
28177
12771
18394
39272
33630
40671
41145
15574
26491
32475
30288
36078
28951
12243
18556
31919
12171
35540
14054
27817
33397
11535
30156
23730
21666
22316
32773
26075
32306
22240
10815
37027
37366
11970
31628
23402
39453
28762
28445
34088
34832
31867
33612
28766
23450
40403
14816
12877
17740
12737
28045
41575
18464
21350
41147
32259
40540
15615
10633
29780
26041
21362
24336
11932
22213
36902
11244
10397
35718
15640
10745
27984
39264
14124
11098
35802
33336
10945
21696
22716
16602
32391
11496
20298
29848
24725
17766
10078
28724
10678
24738
29517
12289
35588
14624
23066
31556
14777
19972
16874
13536
36161
22741
32440
40755
17300
20609
22858
38715
24514
40353
33380
35581
22223
25599
17979
12071
32450
34133
37932
14324
29689
16728
11950
39248
26815
38645
38790
37437
37665
19163
35898
34677
11517
14137
42695
29008
14939
18633
30358
24809
35328
19725
42413
24700
42049
30169
32291
13075
39958
13841
25558
14178
30319
23476
38496
29167
39883
35609
20294
33398
34822
32633
36979
34955
11378
13486
14053
15233
14378
24122
42407
14731
15011
20363
40191
21025
21636
14718
37352
20389
27320
24865
39362
33863
36801
13245
15945
40486
38735
23572
19908
34487
34833
15591
31614
20843
24523
29883
25722
32140
23977
20189
19555
36712
18131
17828
42690
17586
22849
31222
16500
26661
24785
17421
40282
34922
41622
16763
24146
38460
37491
33900
17254
11722
34537
18476
40516
36701
24366
20201
18670
35642
20351
19641
29875
25802
18358
33759
25950
28920
10271
30282
27821
29659
14472
20574
14853
33173
38295
28919
21091
26235
34913
12971
17558
23158
31799
23120
28076
33704
34499
20158
25002
35923
13909
32214
19584
20471
39543
37572
24379
25531
15047
24960
40317
32270
28678
11163
40746
33166
21356
41528
39525
12073
14398
18777
18875
17282
25507
41052
33437
33686
30388
13253
36884
31903
16082
31805
42416
31545
24636
11995
32450
32195
36576
25251
32202
42504
18802
12108
24627
28190
19132
10567
23102
42127
42293
24316
12093
29623
15572
15191
39425
30829
37670
29059
39317
11238
39327
22005
30253
42197
32302
18605
37465
29655
42515
38072
23678
40719
19189
26874
29831
33037
28207
20010
23000
36597
38508
15902
13699
18909
35699
16457
38079
24438
33860
12162
42902
15855
31587
36102
22493
40726
40308
33985
19561
20161
34312
34505
11392
12396
16055
39468
14222
18467
13423
19691
34073
19107
38667
25926
33015
30908
22311
14394
30655
18937
13875
18761
18301
10883
40135
38777
34986
20547
11062
15263
17243
27463
14438
15325
33976
13671
13023
14442
26800
42280
38945
21905
27627
18400
30267
34557
39424
34587
11161
41011
27625
23870
22814
20064
27316
15722
14963
24405
27258
12963
22686
31184
29077
31282
19158
11005
40974
40263
31125
27964
11093
19939
38896
35877
16949
35573
18212
35273
27910
20420
39025
26939
15909
21132
24875
33360
26273
38508
38158
17058
33591
21631
39634
32731
13697
32842
20223
16176
23914
27478
10499
38443
34533
19485
13953
34990
24543
11307
24813
34869
19057
33149
12630
30811
24411
30509
34434
23712
29870
10577
28992
37737
31944
22560
11002
16968
20869
22102
23178
22398
16308
14042
39758
17598
26312
32158
31359
22324
16592
22471
24254
20678
26282
40719
36336
42650
25715
11367
17740
35032
12865
15840
38834
38833
42261
29643
34367
27040
27659
10527
34590
18159
28116
11036
28321
15998
39526
37934
28304
30656
34034
19988
40897
26118
23063
32577
18920
16640
34389
26499
23985
26240
41156
28642
21772
35202
28166
29131
28104
21098
36730
31086
29284
21644
12978
34660
34082
31985
21800
38293
41308
24152
28716
25433
18203
32380
41249
19677
34022
34965
41449
12745
21464
35105
42398
12063
31222
38628
28035
12390
26303
36142
10810
39945
15876
15196
32055
40698
34041
11681
11892
23450
42381
29447
27238
32733
15351
33968
39985
34473
25233
12898
14360
43136
28650
14403
35383
16223
23318
25056
23924
41446
14921
24180
36531
14776
36773
10856
24649
22821
22607
12822
41395
37895
37320
37330
32649
40937
10619
38699
36781
32623
35474
26478
28104
31986
15886
28524
31735
14442
20759
32893
39873
19601
30096
16069
29517
20293
37103
17590
37585
12590
11596
40918
36430
16546
32951
35523
24443
21445
32463
34932
41982
24053
43153
17601
35810
29797
36461
24102
35910
34311
14495
31940
10834
19120
27068
23208
29296
11639
28555
41296
28600
13918
30231
16491
14251
14132
37122
41441
24101
16313
28444
24339
25997
40196
27700
23396
32591
26658
29999
26616
12428
26624
29271
21692
12048
19082
11253
37542
35460
30997
23841
19262
30180
35834
26841
37213
17716
41348
25937
36660
29551
39949
29066
21905
17601
35683
35110
12382
22773
17777
19067
42090
16945
29211
25318
31341
29665
36457
38241
31558
40433
10984
36696
16774
18495
26957
32697
17458
16976
32092
42059
32453
15170
13576
16704
23157
38401
19420
14093
15543
19902
36249
10873
24325
32413
35873
29428
21471
26286
27795
17195
23824
29471
36792
16345
30514
11696
39326
30944
15988
40550
40066
30872
37019
30084
27379
23911
36935
37303
21813
12690
28024
13969
21988
30034
38736
34616
29145
36651
15131
39264
20306
38521
13452
13430
18508
11340
21321
37150
31796
22133
39339
11488
42175
37089
22718
34334
12823
35110
19856
21578
29239
14428
41896
36950
18328
20270
32980
24939
13069
43056
32296
16861
13547
13428
12867
28767
18798
38488
12500
33139
33880
24225
41821
42277
36827
40910
24375
29945
37561
19366
40151
24098
16810
36628
13391
31732
40958
41012
33559
30364
13187
12974
24334
14863
12201
34371
15036
39232
23524
17317
24282
12694
14674
39820
23828
41629
11166
23558
40973
28156
43300
28686
15524
37799
13910
32097
26742
15957
12382
38029
14755
37941
11013
42827
37846
32732
26067
14606
26239
34178
40055
32220
41059
30831
13930
23389
31831
42160
39376
32818
35656
16654
42399
34183
40831
15681
38658
20204
32035
16480
24064
40032
29696
27548
42329
33455
18054
13614
37296
15871
33301
28558
31727
37541
11384
20710
10984
12349
27311
36550
20536
19193
34033
25113
19569
24377
27633
34648
32376
21340
41825
36605
41515
27606
13748
37435
33351
17795
38185
40940
33161
19004
36357
30155
16148
21415
11807
23011
23059
28755
17826
43079
39071
32516
25871
26884
30179
37963
31873
33364
23422
24154
32821
23316
35368
31511
13897
33144
30105
29807
37316
43518
38823
22253
16087
39584
32430
38539
17507
22094
39732
13768
24250
40091
37069
25338
30634
37303
36413
32742
24504
41629
28893
18318
11433
31117
14144
34378
24903
38589
34581
38938
16993
24908
19023
41275
32020
17527
42884
13560
33353
11535
22931
24259
15231
31530
10890
16772
31947
15386
38343
16689
22556
16539
21853
27295
13764
25424
24249
36248
22068
37745
37509
15661
41223
30654
41932
43597
25923
15799
31327
35991
28379
26894
38008
36205
38264
14173
11166
26954
43128
27669
41160
15189
23607
39094
29637
42806
40078
13638
18907
21800
26778
40188
18351
29775
39871
17212
16996
14157
18412
13512
35847
32528
34080
14644
24363
42989
23085
43162
11728
11507
41660
18832
22410
38265
38545
19287
35551
24826
22032
12373
22000
25891
40960
15557
43612
21033
38032
15790
22625
20832
43415
15377
17732
29194
13344
28775
24819
22636
11046
35403
40682
25384
34716
41075
30291
15046
26033
23780
11633
32660
19281
14694
29758
35248
14319
24630
37459
28515
24962
34044
11273
17840
17101
18940
25310
20269
24292
34192
21786
36114
24044
31702
16562
26256
26402
24742
19820
23140
23583
13767
16964
28331
22874
22882
43534
21240
40942
22710
11102
26788
19613
23310
38821
42341
32789
14576
30108
33826
23667
37784
35558
30726
31750
32933
43249
38356
17749
40465
16669
26490
16483
41574
33824
40424
20785
15663
37033
38178
31621
23469
30019
24212
37866
42444
35196
17831
33272
18261
25159
33425
30677
22885
26016
36721
17148
32798
16750
21403
39485
37020
18861
39216
36101
21291
33228
33011
30688
13751
21844
26711
41532
33412
17355
30173
26992
28447
33752
16284
40189
38804
25000
16417
28691
14817
23695
36218
42071
17835
18419
34446
20963
37936
29542
27312
28814
23677
40466
36723
34414
14304
14682
43199
40860
19105
16062
22308
29495
25837
40191
28783
22956
12307
32900
13947
30772
15347
31485
28746
17822
32946
20038
39252
19534
43187
24206
39711
19846
14019
36792
17680
43492
23700
37377
30337
13100
38253
25060
12052
19272
22815
32571
31046
29837
31547
40870
25415
14144
35458
24624
31241
32857
17565
14896
31382
23942
29199
16238
11688
14963
15975
24967
41331
33609
24762
18579
13766
20597
43088
32004
11858
32682
16798
26833
16201
24105
18292
29653
18476
18496
29816
16242
12510
25104
35027
17785
40188
19860
14378
24142
26993
33247
13264
29255
43076
42917
42298
23126
36533
40701
11443
13288
35209
37477
14416
11276
27554
15111
18215
34264
27346
14907
27836
24584
24305
11340
43196
32233
30509
22655
26350
38774
22946
41553
15206
29888
24875
40961
12028
22675
28023
31310
12284
32342
31071
31106
31519
12083
27510
25519
37050
12920
21730
36921
35382
40253
37483
21652
25536
17736
33746
11855
36417
23341
19812
20050
23953
28601
22478
26980
42728
26769
33331
29168
41877
43031
14972
40712
27634
27789
28656
25770
40599
43645
37892
16706
34766
26200
40308
33905
23879
20829
16786
29453
25101
11708
22494
27753
34489
15868
39896
29910
23014
17306
16658
18793
23780
20723
36233
24831
37041
29283
28213
32383
20260
29359
14815
14431
17516
16032
38451
39274
40121
44017
13078
16064
14905
42860
20538
38686
34630
36431
16623
42847
14558
14068
25148
30787
38227
27825
14126
37232
37699
25342
40816
42422
25803
25557
23580
21655
17144
15711
22225
42247
36222
13004
24326
40304
37549
29826
20893
40185
37792
25467
24251
23048
22712
41960
25048
43525
27209
17179
32786
30306
16786
29859
32967
33496
34291
43705
37986
26867
43610
36315
32117
27856
32511
38838
20489
36646
35665
21833
15154
32899
17455
37960
37094
23000
29276
32702
32782
15928
23853
28663
13534
18909
36229
29085
21346
29292
15619
18465
32858
15481
17786
28508
27720
27214
42146
24695
38087
34792
26637
40456
12318
30787
38236
19325
30485
26584
25266
21438
16648
18531
21353
25358
42553
14825
36100
14386
40042
34042
30821
37078
16812
35380
33601
13612
18802
19208
38352
26326
16361
28609
37065
14086
38796
28353
26509
34788
13555
14606
43682
15664
27883
36878
38500
24616
43212
26767
31223
15020
42247
32522
35456
11680
32255
33065
30357
18066
32538
28806
19954
22684
26647
41654
37229
40076
40098
33414
32556
40003
29221
30340
28437
27995
36834
37058
21382
32525
38207
27606
12870
32593
31328
22821
43452
39750
24315
17506
22111
40661
15208
28753
44142
14225
43000
28881
39393
24290
11912
34329
33951
12131
23126
15682
30961
43400
31251
31238
39991
43908
18489
19911
14298
41066
28062
16338
28801
43666
37450
27366
32136
19774
28805
37872
29870
22909
40501
40473
32269
41552
32871
32770
33872
15372
40236
40526
13600
19199
16294
12130
26079
42326
41570
35944
12441
19518
37864
37786
23863
32842
18833
32701
27382
29973
21657
22763
19992
26664
28021
25238
13786
40734
35175
43722
28325
37126
28239
40626
13448
16136
14532
18526
35302
32844
34915
39363
26220
17687
18023
26884
21062
38199
14971
33264
16787
19874
25036
28875
17430
24922
15457
27217
23854
41363
33967
29944
38920
20760
34152
14198
44051
34539
33173
36995
17844
42027
25316
23520
18236
24891
41539
34968
38423
13857
40621
25734
18501
41516
22084
16663
17935
38618
13729
21841
13298
35320
29032
33044
14560
29451
40479
21920
29864
14319
31296
34648
15026
19646
40588
44230
25839
35572
34979
28382
21264
33744
13266
36487
27126
20989
13356
25431
42858
11889
34780
14238
40463
19606
37561
42407
28052
16807
30747
23098
35630
31581
18157
24677
28230
35276
44036
23165
30063
16519
40623
19551
38810
29451
15248
23291
13709
20571
16810
42260
40849
41447
26042
39233
41835
29106
28619
27960
13966
23476
22277
39499
37007
36478
20422
33587
18905
16156
32756
42765
21154
37951
19857
34210
22046
19612
31631
39147
24050
42127
35046
34773
18923
16132
34277
30273
28656
38295
21445
38479
30773
13306
33412
24284
18866
17047
16625
35657
39636
42103
37635
18558
31346
44131
17006
13103
25858
44361
15736
35678
14861
27105
22537
16674
42464
42895
41730
16038
21381
26764
19920
37748
31473
37185
17985
25844
40831
31987
35478
18479
37533
17829
25049
26841
36549
17210
28273
41359
32432
34267
20211
26973
17606
20376
16699
14979
38616
20818
31676
22137
16913
11992
12564
35632
27434
36432
29155
23963
40670
14041
24798
15726
18078
33390
27935
42534
21893
42765
34495
20809
16782
39705
33191
24047
40197
39166
39587
37249
25659
34323
21177
38337
21374
16580
38072
22538
22856
39408
22803
28121
30903
32144
15344
41613
12349
36506
14717
37483
14489
14885
33923
30437
12294
34253
43837
34844
34226
40281
32362
38819
14705
25499
28321
18566
17331
35480
21477
34955
14772
30441
21369
11959
33266
29281
22517
25364
44260
29168
20378
13234
17897
29383
42211
31468
12415
12989
42332
31468
26037
18418
19127
21106
42467
23474
39453
11984
29336
35996
36290
24378
25812
15363
15548
44348
13175
19092
13589
40588
32250
34873
15391
33794
12125
23358
26887
31205
36192
25267
19885
15720
18422
38929
41395
31604
40183
13344
41941
31912
25621
23319
42360
21151
38673
21509
29829
27249
43567
20337
38775
43132
18663
33085
36787
29028
19165
37329
38424
17496
29971
43637
34264
19095
23389
41213
27014
32819
30230
34476
24176
23061
16402
40531
16942
36162
28883
32185
24187
23389
42752
24127
34628
34924
38674
24772
24319
24031
37457
18631
13630
24270
31231
29387
13188
37250
29395
35328
19543
33335
27817
16671
41110
25376
21111
37526
20237
28076
30339
19429
25159
26888
36563
26696
20643
31205
21989
32406
17066
40827
41889
18025
37792
33229
37516
30847
16473
29999
34110
36448
14415
22278
40982
42305
17649
42960
35628
34857
31549
34404
36999
42322
27536
28794
27281
29394
33725
27757
22215
34426
22365
32832
16565
25855
16999
39392
39202
19543
39425
19624
44424
32102
24469
34858
37831
18650
43558
44077
32281
25428
14821
40434
35657
17608
27135
17084
26400
38694
29882
33678
20257
30778
15808
15927
20342
37585
38586
18316
19497
21277
12833
25333
43671
14938
14417
21291
44834
38322
13024
26687
25383
40030
16941
44767
38704
14607
20796
42197
21866
33420
15297
38608
22617
42908
39546
35687
22986
21030
43458
24411
19977
17815
32356
30492
24405
15492
31917
43407
15761
18833
17861
18447
38460
16273
36671
26546
18595
25838
39150
20429
43605
30283
13562
12730
28632
15465
38452
36312
36250
14663
22695
27092
42282
12430
30831
15399
21160
36651
43727
12512
28283
30270
19837
43940
38721
27955
24640
43763
38924
32558
15549
28844
32459
18349
32910
37844
30470
12905
23957
24467
15567
29309
17552
41855
15349
29897
40429
22814
44922
20889
34015
17061
21831
33154
14513
26374
35359
22925
14427
36650
25042
37528
15443
43131
36787
24568
33445
12454
13131
22883
41286
36511
23887
15374
21157
31973
24784
18194
28804
26887
17586
14100
37126
27751
26975
42277
31241
16958
14012
19687
24245
24288
26205
32241
39765
35906
15861
15477
25446
44985
19984
21792
38382
40196
35076
26690
44048
39565
17956
12335
30172
31468
34104
34533
39276
28589
34346
28399
34860
31059
35074
41865
24185
39068
18964
29700
24942
42247
36472
28268
36602
27796
21691
40297
29750
32971
32212
23907
15862
21759
33370
36073
14239
37332
34804
40020
44088
16895
27408
16551
24003
15437
37080
19898
34509
28391
38241
31640
39492
28628
43558
39717
13705
30399
14518
32260
30918
41979
40361
38327
14722
14532
36824
36360
17266
42184
34766
26280
39826
36070
15225
20503
31093
44853
33317
20419
27353
18504
13484
28532
21887
23984
24038
31719
19258
37315
20327
38585
25669
25756
28266
40840
37849
34403
19720
14420
43775
40655
25518
26923
32164
44520
32461
42757
24043
27154
13523
16877
25031
16199
30811
32353
42696
21412
39584
24060
34869
13607
21048
23378
31580
38071
39423
40220
34342
12900
31825
25749
33774
24305
40572
15139
44179
13967
41076
41786
37324
30956
42185
20605
34492
41580
38103
43815
42439
43702
30013
41642
26787
35955
24208
37782
34482
31314
28240
17595
36239
25936
17434
16274
26599
14390
24352
34777
18058
27747
28631
30334
40897
23499
29167
15294
14563
29760
41608
19598
28195
45041
42659
16186
44204
30512
30166
23372
21232
20344
23877
24751
27452
31662
44749
18964
29840
29095
28802
36501
44463
18667
41052
42648
38514
34488
24621
22519
39777
27466
40406
36190
40836
42074
35771
15604
22647
35045
32116
41533
12477
16942
31942
20287
42070
34310
43729
22755
19348
17995
16778
41631
34858
31151
18796
36178
34950
25018
22379
36207
38241
29203
26410
27742
23956
15611
42349
14623
13357
35098
16081
44081
29890
29822
34491
33458
33285
18657
35470
38087
37529
25898
25889
43838
16420
24631
26224
22642
36006
18650
25489
22639
21001
42785
17130
15447
20473
41691
39074
25861
19445
29527
26453
37103
30630
31855
22796
33105
37232
15557
33900
31368
29512
29005
37421
41915
33733
37388
22222
35265
15737
35871
13447
18751
16513
23806
22912
42001
41563
29442
44608
34284
28664
30501
34920
15425
38418
25610
30113
25956
41920
36413
13011
23277
39752
33211
41880
39775
17716
22709
24048
30471
14760
28561
40502
33831
37874
39474
14162
40532
33891
15993
21297
29981
13405
30731
38770
28141
45230
43349
33378
23859
19996
40398
37931
23231
15425
41340
38984
13679
15002
12730
41788
18956
41946
43832
39044
16751
17284
39235
19658
31208
43448
35399
39003
40928
29005
36242
28123
14780
44065
15962
18744
43781
27053
32770
35548
29382
35805
20377
37671
43318
24094
20132
12828
32919
41656
27421
16218
19806
35422
18619
28238
22932
18947
20340
12968
34684
17136
33601
18699
34678
28948
35105
14345
42275
37787
32096
23886
28618
17346
32537
23323
16891
28137
38138
31223
27762
24809
20295
21153
34877
26537
19233
21576
13346
41196
31497
31486
16699
35181
22688
19051
37603
27694
25520
24766
13782
44301
37488
13801
29331
41368
38660
23310
24325
27682
40516
20020
13155
36119
27582
13887
26197
40588
30462
39711
21592
28186
28173
28231
30307
26861
16695
30561
27595
36376
39953
31040
23396
23339
28603
41750
28649
26376
29283
41447
29597
40690
14346
26173
20275
23015
18571
29214
28651
13872
22233
17211
22783
30006
32136
44394
25661
18839
42127
14678
30197
19321
29772
23413
43029
34591
31176
38715
45203
22970
24637
25230
34571
36993
25557
23929
36266
32259
25013
12836
16714
31164
43322
45316
13534
32231
29314
32079
23569
22420
40495
23987
26922
40186
41575
34119
16947
24078
18719
26818
20826
17237
41882
29675
13463
36598
22316
13136
37007
13331
42820
17979
35513
30809
24746
44258
44735
21462
35332
18142
17191
33547
32159
38366
20786
32579
20588
39069
25604
20771
43593
21009
17158
29057
29570
20710
43913
44154
31640
19242
19884
15038
32065
41546
36991
34095
41903
25405
24936
18091
29973
38655
37574
32805
18024
30529
36309
29435
40035
23391
23506
38275
40397
29074
19039
13799
31486
39015
44840
16180
28320
27759
36551
21677
15283
24120
43749
14181
19667
25725
15266
43533
22718
40602
22583
18186
45073
31554
21210
31947
38994
14196
35811
42073
22579
18859
32812
26159
22805
36182
38589
24909
33228
17031
29097
18568
44706
13807
17971
27172
27294
42250
32821
21924
19974
12951
13507
37857
42530
32587
43019
42330
19011
15046
27263
15051
16900
16582
20791
23553
41168
38555
19856
28908
15012
23771
26650
24822
38422
35158
25265
15507
16279
32076
17897
42265
25077
19422
23984
26323
18468
17603
26926
31056
44093
38716
33264
23041
30663
41290
32326
29956
22838
16158
21225
36922
21169
44753
14305
27807
42520
23637
38054
37339
16966
43436
30598
30740
38291
34647
40006
33799
27037
28946
17932
35159
44105
41662
28797
18212
18948
39327
39970
37600
32079
13767
14864
42334
14202
36818
31432
15916
34479
22228
33884
37155
40243
19088
21459
45628
24041
42475
19919
29606
37400
36256
17005
27157
44141
22324
26733
35676
15684
15405
37779
39742
31779
19839
43596
23169
35463
15175
40597
44101
21476
17595
28185
42388
44775
25697
28057
15162
41982
35968
25489
33239
32026
34773
13849
13362
33460
21126
45065
29648
35342
32604
41312
30662
14523
32044
24295
40395
41313
20630
25873
37265
40382
38386
41510
32342
35305
24456
43936
32438
17626
17407
25302
16067
39469
45337
19671
33879
31011
22173
41369
37289
40170
15764
22099
38431
35358
24503
42791
41315
34191
21289
25604
19641
26693
24162
33995
36496
29889
34923
18608
27734
37254
31057
25828
32401
36056
16084
34417
31532
19908
18783
43877
14862
38496
13629
38706
26610
15188
13321
26197
23410
29849
43622
34102
16484
43905
22001
36431
36202
27128
36724
21393
30661
20233
32093
38659
22890
44196
19054
13997
15704
45726
13493
20404
34344
19193
35007
40134
25318
35686
23817
37816
34335
24584
41399
34414
21307
21371
22664
19196
30221
38933
35082
44810
39081
13931
17674
14973
43894
34071
20815
34132
29572
19897
18056
42191
21279
17212
16002
29655
32932
44379
24990
15002
40851
28003
26755
31094
28646
16442
26128
23320
34721
24992
28052
37349
19115
29877
26946
42136
38108
21947
13535
28205
19031
14622
20670
21759
16922
15281
16622
32045
16083
18491
27826
31297
27125
30258
37425
17428
34060
17862
41583
29420
17742
23842
39292
34536
36210
43758
42732
16030
31173
37400
14982
16642
29306
33492
18753
40586
14401
42209
24172
28047
40732
30478
19756
34295
27502
34814
38443
40977
34133
44072
21903
23232
30266
21793
19753
27868
25767
28190
24303
34261
33368
25013
35757
41369
41108
44259
18935
21432
24254
41811
18786
19910
42791
18653
30196
42242
28198
25678
20440
39732
26475
44903
27478
28380
42384
18472
44291
30344
22513
18254
38453
35718
39614
40986
13754
34747
36174
44372
37066
23251
41654
36752
38969
31387
24731
16560
32241
45738
32836
32938
32416
38727
42483
32651
29614
40839
41590
26812
16754
43702
29433
45956
30117
29944
29470
23759
43543
16176
30032
28206
32672
44577
13652
30238
17754
42196
22816
21901
40973
40505
29681
34458
17899
18960
16280
16541
41598
28938
32788
40295
30430
25644
17766
41931
18983
31605
32673
23389
15914
26560
39233
19833
40035
23532
35773
38791
44844
20793
41568
29310
15151
27381
24404
21415
44321
15705
14080
35492
20398
31662
38292
32944
40367
20915
25313
32040
33955
27715
30831
37707
43869
30003
15817
40254
37114
34426
24348
26706
38934
22676
20992
30346
21056
45096
40086
31064
40874
20200
37587
27048
30501
27576
32283
24863
27213
30227
25362
39077
14849
43179
22959
45089
36631
44880
43922
41859
43853
25619
44183
37128
42626
26539
33195
13497
35878
39192
18910
15670
27887
45190
23994
23985
14541
33139
39123
16701
29985
43028
24992
17225
41770
42485
25481
37223
27327
45537
44865
39507
23876
16129
13654
28208
25815
32583
20231
29716
46026
25870
18773
39111
18518
26618
42589
23240
22669
37158
35044
22417
14993
37502
32308
15900
40196
28009
39463
19110
41919
27820
39297
44979
15559
30091
32386
36946
16764
29744
23484
28578
14356
26449
16675
14741
18760
20238
32611
18676
15949
33560
13686
36516
39686
46104
23669
15911
43128
40015
17838
41829
33662
41849
16120
34221
33726
31224
20803
15351
36571
28462
19827
22124
44013
34603
39791
33064
27438
37768
32628
33854
30197
21394
18864
34044
23273
24492
41996
27761
27246
25582
29257
38701
14180
28178
30798
45640
36881
21137
15040
27046
33627
27913
19924
19320
17979
16354
34401
34054
36206
14129
16698
23725
44910
37596
46266
36131
41632
15360
32928
26115
43983
35215
28701
21893
20697
14398
41516
16268
25512
39326
35874
17895
14692
16008
35462
26064
25063
41151
29730
36537
29554
36817
25434
38473
16030
25918
43453
44449
32405
17372
41434
15331
22913
26234
21333
16885
17733
16836
40250
43906
42092
32103
23184
45378
44894
34933
13618
45180
32218
19722
39642
39881
17568
18224
34943
26906
39790
33536
40929
41212
24366
17930
15202
29467
33902
26615
29719
29701
28176
40557
19999
26673
40003
16435
32563
16448
18354
17302
33663
43650
15611
31755
29872
23996
35938
23317
22351
33065
25031
14441
21069
21950
39125
25937
34015
33970
24957
36686
28300
14142
34978
13825
40323
23458
14614
14411
38707
15208
18630
15540
44822
18156
26161
30985
16333
14876
14879
40265
31346
32381
20879
26051
16426
28271
25585
39032
14841
23985
18837
29126
41691
35623
13924
17480
30736
24539
36046
20472
33719
40771
23811
38038
30110
27842
25702
41806
32345
19056
41278
45973
41105
29982
20143
32596
44191
16789
23786
43592
39513
24351
14752
14504
46380
41801
31932
22793
20076
17126
19793
34176
27111
40023
37585
16390
39104
30474
18049
28192
30331
23617
31017
38847
31828
27925
24848
36196
40661
22970
33831
14729
27047
24068
21125
41277
36265
26410
17683
22542
38207
18123
21641
27435
45805
38702
23705
34762
24100
46286
16233
24776
45659
28950
23879
38799
17506
25193
46233
44093
25075
30053
15890
14595
28555
41833
22828
31946
22647
29268
23762
31005
17714
41360
41052
42819
35822
43088
37057
34987
36721
26901
42504
38542
32802
15991
19712
21711
45924
17698
39217
35878
34082
34591
21266
28541
30635
27733
13949
45210
34241
37967
30047
18431
23276
32063
21172
29710
26133
40003
27059
45937
31311
19176
30021
16057
29176
44525
43964
17733
34817
31049
33474
29030
23434
46446
28559
30656
20914
27088
30560
46580
18861
20641
42020
42108
22295
30687
45432
40918
30343
29585
34261
19684
28776
34126
19464
40083
24068
23806
16611
45755
34018
22245
35123
46150
31826
23261
41970
16533
20806
16610
19645
39455
40035
24276
25224
16987
15960
41849
42640
36065
13935
25282
26513
28108
18273
14159
27961
34658
24175
40244
14301
15095
28846
43518
26732
16654
17059
34289
25761
36034
19983
35476
35708
32356
14860
43632
36338
43366
39257
34324
16356
45431
25331
21084
30030
33520
22757
29683
16321
27247
20832
29719
40979
20417
38414
45724
32853
38918
19876
31028
35333
29455
41911
21485
44165
38923
41680
21243
26572
46435
29890
39352
44892
38882
32059
24297
31091
19737
33434
16963
20102
17666
22784
39726
27883
14051
17322
42184
21718
19829
32894
43821
20614
24134
45539
40438
19648
45148
39638
44031
38269
38427
24891
19566
19168
24169
19056
22768
41578
24847
42536
40262
18545
43618
23415
32769
30158
35364
19497
43145
36311
35237
33368
18020
22669
36141
23614
23989
44310
42142
43591
15619
41069
20310
29546
32828
35928
14163
21434
17658
33434
42906
43320
29700
32874
16857
33516
17432
30245
14155
34356
23016
30528
35036
15963
43362
42624
37518
35437
31796
45677
26139
40266
16784
30212
14556
17402
35628
37292
26857
26176
23438
36971
23938
30066
43398
27994
18093
15751
15612
36182
32801
19570
18667
33017
39779
25519
26286
41672
21807
43035
22139
26030
31257
33800
43309
26538
32372
28561
14150
40132
19827
37675
35124
42565
37774
30845
38099
43559
34855
15730
29748
16075
31342
32140
31133
16106
42370
25979
17616
39374
36825
42222
15760
29634
31201
45737
38754
43719
40935
38615
17041
37768
21305
44962
28276
33424
44679
41986
33011
30139
27023
30930
42824
29162
36858
31785
25603
26875
40832
31463
15953
15353
20819
29838
30333
44431
37563
16724
25527
22723
28925
24182
24341
32737
31874
21710
24535
18356
26421
28072
44271
45820
25133
43474
18369
29213
32396
44786
29735
23317
38311
40732
33208
40368
31847
36516
14922
34815
34287
35889
39349
28422
39294
28435
45786
36789
24471
24535
26084
31770
19040
20248
19406
26836
32073
20120
31526
28363
22509
32911
35344
38174
43069
37186
29069
46941
18395
28376
46589
39929
43204
45929
30947
20216
38194
30041
22505
38125
42689
29156
15652
35368
14544
17913
33944
16938
23082
43340
39679
31580
33254
24487
31174
15104
35723
21632
42073
25959
15992
38097
35488
42596
25731
39716
29897
15874
46049
41453
23625
34162
36934
28701
22045
16455
26444
21492
29270
36326
44057
16407
46292
36663
46652
16098
35666
38049
34777
45055
25763
26678
16134
33848
19770
34858
46708
27529
46320
25994
39250
43386
16898
31530
28270
33708
21849
20704
24222
32433
41999
16111
14942
23840
35374
34246
33466
38121
31419
36331
31087
44775
45299
25650
31821
17588
34516
17970
45023
37057
38111
21241
15694
17574
32541
46079
42883
39350
37728
21081
31628
20439
40139
27695
24641
36497
37012
40560
18727
23652
30729
46788
20628
41055
15313
25027
32020
25070
46197
35172
30220
15092
42015
30648
27549
45081
32161
37336
46539
25446
40120
16156
28383
21775
21394
20621
36105
42639
29071
31901
16202
37882
42821
17174
37265
38799
27590
19793
39973
27533
18213
40616
16962
24137
42550
43309
17415
44156
39830
39581
42896
21985
45547
30095
15711
40960
45933
19185
17408
15172
35494
42933
28396
15956
41077
35528
21679
27552
23385
30532
34886
30010
41964
30438
25035
45800
37550
41154
14932
32375
43780
30773
40728
43602
18305
47132
16339
18003
39779
24131
40044
42712
28001
35617
46549
25114
28580
35266
17972
47034
22803
37892
17472
38557
41939
42758
46573
46330
38158
31710
38475
28337
29172
30858
21163
24031
34304
44329
41733
25007
24189
45420
16790
34675
24392
30279
17869
35315
38103
24556
42600
23300
26490
15353
42715
27485
37857
26608
46065
42151
36063
15337
29621
18899
43629
36227
35987
45488
18930
24352
26555
36797
17346
36690
29382
16188
23012
40080
42140
17543
33816
20782
18837
30887
15640
27532
23262
37667
46367
38541
25887
34326
36264
17994
16986
24708
33400
19720
43799
43758
41950
15464
25278
29220
34362
26334
33604
29787
35516
38244
44041
42111
42350
17776
38913
30667
17525
33571
24339
45462
15508
46019
26302
41328
24305
25707
17922
34669
39964
28929
41086
37569
22605
38761
15574
44685
21741
19192
23127
37113
21336
23596
35294
16515
21730
18586
36341
33687
39960
18215
34368
28255
21320
25723
27160
33500
31811
17331
38517
38710
36193
22358
29457
30288
24518
42635
29386
28320
21220
29321
29512
17214
18753
20558
16353
45882
25210
35476
15289
35635
38537
24577
30510
29989
38467
29086
46195
31363
38180
30090
40826
27782
24655
33264
15640
42692
26321
33846
21860
24580
38694
47223
23904
32081
46590
46388
41947
39757
37441
24390
17813
16840
14928
23063
44197
30097
38542
18450
40728
40076
36127
28504
41179
26629
37615
38581
44251
14660
19958
44754
35178
46178
44219
39852
15333
30043
38679
45636
24467
39779
39996
16025
25553
40574
16885
42451
30060
41803
22832
30913
38735
16672
31673
35461
44638
28252
38728
24462
33953
34553
43454
35015
34725
41313
37548
16142
17951
42371
40469
21224
28883
23077
44149
17523
25268
23676
39937
38812
29773
46586
22321
47249
40543
33895
44156
33914
45004
26675
21346
19044
39603
44299
17072
22653
40157
24746
15360
27015
18264
19442
45183
34439
43361
33339
25331
45245
41608
31467
27388
26585
40974
26950
32153
24684
18834
18056
40687
32413
24812
16945
41286
26909
22874
36001
38229
18525
27098
45028
36799
34302
40662
27343
26589
41097
44806
16972
21438
26464
38803
15602
34156
45812
17272
31961
44401
27961
16942
43948
34458
32343
20872
27903
20219
29091
16092
19171
21043
26317
25443
20664
26866
41818
16354
18499
37304
22613
31626
19713
34527
28738
18973
43450
30171
31060
32083
46168
15297
32736
17788
39930
19206
27920
25958
23877
40585
15836
23937
20730
24020
42550
21057
35022
38559
29829
45508
28278
44950
18773
23733
22785
30813
30541
22128
35946
31440
40801
16487
22382
29071
23881
42180
17307
34746
38961
21584
35754
17913
19378
23443
19470
20672
23809
21309
41421
23505
20582
36804
43919
30466
29424
29775
41204
38976
19560
27859
29739
34516
28035
21371
45505
35813
28251
17742
37558
35902
45344
43532
29910
28498
15627
29528
44358
30589
17812
22300
26974
28557
45541
35114
37302
20865
47246
47135
25476
19089
25466
20877
46117
16494
36898
20825
37625
15306
16384
41057
15732
23579
19783
18018
39282
47260
22481
29466
43467
21141
32345
41641
45352
31965
47082
24893
30485
23709
24983
29166
25431
26454
21613
23783
25471
33318
38822
43207
20159
42567
33567
17223
15357
44760
26125
23836
32294
46048
34283
15647
15045
38544
35255
20139
20180
41672
42333
28486
30161
27101
39284
16260
26389
15002
23336
31529
23906
23172
30839
40078
15547
25698
36001
20294
19064
28669
22745
30208
43929
26405
21825
18351
40283
44020
19989
18409
39945
29783
24870
40589
27669
32457
28555
37545
47463
33890
22419
44187
16629
35857
35582
17270
47252
33574
21868
31143
26893
16147
26389
27864
44660
19571
30651
40212
21173
44875
38365
20268
30320
30864
30254
28250
31751
21738
22341
45349
43253
30904
19862
34180
29025
36180
35745
34886
41458
33688
31337
35761
23526
28577
46632
29034
38750
20946
17217
23445
40956
28956
36726
31036
16304
43645
37723
29173
35791
22983
43018
46271
34918
16291
25881
44590
38349
35029
39625
43464
23679
23234
15488
25262
43816
35119
20346
34687
31488
22859
45499
46457
36440
30192
19784
44769
23922
31014
35734
20645
17814
44777
40259
35649
44642
29996
27140
25311
39266
23837
15583
47810
20449
29099
32922
28644
41726
18245
41075
34526
29186
47333
24849
28937
27376
30286
17851
44259
47454
18322
21960
17844
38788
43478
22102
30321
30099
43353
19519
29664
43848
40115
23113
41469
26560
42331
20381
47261
21390
39276
31355
39761
39179
47785
37675
26765
18157
24254
21303
33801
16667
27849
36055
41064
46016
21528
22189
35864
15518
24628
40882
17785
16038
36383
16241
39489
37829
18139
22131
22047
37120
41771
37626
17566
37059
40094
44530
35405
30582
20424
46116
39197
26194
46035
28589
17418
36979
27447
34222
46589
26158
37317
40006
20465
35492
44010
40125
45653
18327
39730
26114
30130
29565
15371
33624
22158
32211
37068
15180
22672
38324
40437
35562
42213
40618
23480
24880
42977
26564
24761
44739
45546
22761
43539
40417
40850
35435
42139
34455
19715
31455
23400
29492
22688
22317
28563
18685
30953
35043
15675
26914
27039
32463
20940
24049
46121
25548
38785
26698
22327
47068
23080
33107
37285
32631
35110
42092
21666
32035
23226
30054
41233
43333
46214
38639
21551
23607
32075
17745
42871
24218
15348
35165
26563
21486
42966
38817
42931
45920
36406
45026
29010
17122
45323
37062
47863
18561
33542
21456
41834
26099
25808
17809
47432
21104
18323
36381
20905
26308
22715
15805
45567
44961
39678
37347
37186
31289
37017
34403
46154
36620
23261
34527
43388
36607
29419
21635
26536
42671
24508
29683
21554
35844
36196
46978
29808
31241
43415
47525
20052
40699
43372
23463
15435
45216
23649
40094
47204
39641
45215
23709
25269
31867
35968
24619
18171
26203
24911
42996
42368
37032
23375
28863
17218
31358
21246
28576
34129
42935
25498
40559
23417
28933
19173
44152
15905
39486
30246
26484
17267
41718
24688
45241
36797
34131
42534
21165
42263
22301
29119
19072
22087
33045
42439
23067
24801
32904
26662
30291
29363
26403
29349
25955
40543
36105
19630
41369
33610
43299
21075
21583
44213
17335
44179
32029
27690
46909
40664
39245
45850
45934
19907
24463
44996
30365
25388
25582
45400
45386
45925
47107
38749
18421
18367
23401
20560
26416
29264
36977
43918
40440
20211
26902
33396
29253
21903
41011
31940
41952
24989
37619
29770
37237
21220
28297
48064
29673
43911
26146
19696
25581
20290
34072
41496
24020
18417
29033
16018
47009
45906
45671
43700
15717
15883
20401
26358
26568
20463
23649
39506
24805
19837
17031
32753
19291
37545
25303
22531
32672
35552
23710
24559
45977
35398
37371
38316
16488
19522
48203
19054
31366
47932
42213
18566
20497
26021
22024
36995
41319
17464
22545
29086
34803
46464
20209
33109
32583
21147
35807
46677
42091
33085
26442
43677
32629
26360
30482
18657
35674
41402
29943
26924
28676
27031
26962
41162
41637
32712
28163
18789
24650
36596
40362
33646
46771
24751
33562
47039
36706
35905
40202
23678
28914
33448
18958
33092
27306
39904
45254
26238
24146
35169
30805
42004
40005
20970
25877
41801
34248
47741
44426
28643
43418
16554
39828
42123
36557
35345
19944
30326
41427
27939
44480
42053
30684
30504
27858
19498
23648
37766
40831
27981
23799
47168
18254
39022
18289
48061
24984
37835
20003
47051
20101
30276
18047
40419
42039
32189
46568
24751
16964
42180
41156
22217
47466
47987
20434
47814
23422
34712
32701
27763
34726
45076
44786
22366
34504
30593
32175
41624
35906
35352
21597
36282
44764
25297
17440
40742
28154
35787
21932
34703
38679
15855
47706
24252
40814
41937
37755
40328
17914
17366
17388
31022
37281
21916
32747
33731
32685
34454
36648
46596
30331
29175
29983
18002
20599
20434
29606
28923
37704
40831
39874
38331
42823
20800
24767
20099
41782
45860
24960
25464
32815
42284
23571
16447
18906
22701
32648
20088
40675
40693
36868
22920
38315
35633
37137
24476
22846
27535
27192
29675
37510
23967
47570
38459
29118
33279
18971
41894
27688
37687
23688
17566
33283
25570
16219
31791
41144
34831
24948
48260
30036
44518
22634
42157
17210
27023
36058
19359
37658
30799
33023
48252
19997
16116
25987
34837
39266
34676
28821
36782
34222
16849
43836
27905
26463
19519
43243
39813
27298
34441
23893
18159
47078
46257
33922
25337
48273
29911
20771
28771
27633
19547
21795
37688
35957
36934
22654
24147
25885
44262
37462
30753
24367
37049
30788
31913
28716
16013
38892
16585
24578
19172
44756
23234
16259
18589
29814
37879
41750
26833
19091
42993
30124
20988
18379
29863
30710
29277
20587
32764
16342
20895
45446
30346
19475
42424
29255
34718
32848
44818
20357
17027
40255
40936
38296
22788
35090
37620
19563
27436
31794
21831
27091
16464
26164
34680
32287
37200
40713
23040
36593
18457
47220
26853
37964
22638
33729
31382
19437
38377
40885
42518
22239
43836
41665
42077
21834
38589
46458
20732
29836
20514
45390
40447
41866
31624
38767
32535
24904
19899
29716
36857
22968
34225
33249
31233
17616
40791
41379
23835
48095
41873
31297
16355
31009
47483
21744
19211
46481
23798
35237
21501
39166
24160
36816
31426
28769
36770
34631
24355
40558
17008
19840
45326
31337
31692
29444
41019
37179
32972
42272
28430
31941
41118
24542
44224
17780
24521
31796
23226
33302
26805
28282
33089
43500
25966
18721
30552
19712
42661
22435
25058
42680
48120
26038
44552
16044
24947
34501
35546
35765
26198
29088
42553
19782
28952
17523
45300
36608
17581
17653
28209
35456
27397
28897
21007
23420
26837
29354
29577
47630
24217
20075
21918
44879
47834
23324
19374
30760
25004
23564
32040
35429
28028
20107
19554
28683
27912
16359
42184
27884
17071
16283
29753
41592
35051
16834
21422
42454
40988
34258
41757
48180
18823
21894
40093
45403
29598
45084
41674
31878
39810
46529
20075
42868
26566
26442
32594
43964
24694
36388
29828
47713
26711
24718
44954
41382
23409
46597
42855
17699
30411
24576
36315
23577
28022
31454
44327
27139
20172
19229
40994
42349
41466
31436
27116
16649
23228
19267
45265
19200
35688
36625
41072
38534
30766
32822
46876
25521
28574
18067
33410
47499
35946
17054
36748
42598
17518
28762
37254
23151
26861
30343
33920
20614
31774
46613
20211
31053
32743
28127
42663
40063
41448
18070
48339
25732
26811
23291
30087
18498
18042
36946
44615
18229
46210
21267
22520
43970
48247
35810
26625
18376
37513
24769
25770
24441
42229
38533
37063
46696
17614
42630
31387
29410
19453
23707
29175
19330
25735
37190
43426
45824
21774
21547
34813
30282
30363
39623
27367
32982
47002
18270
25311
47926
20518
39989
43368
47085
35719
28418
22194
41601
19193
45217
39542
42193
42415
40200
31778
46761
18968
42877
26166
35732
33889
30471
33006
37617
36411
34594
40993
48713
35806
16566
18537
33248
23118
40778
36740
17290
37597
46709
23546
43968
26609
43926
18432
36083
16135
30661
43933
21792
44024
34314
37387
48549
45435
33228
40544
44371
27372
27020
41838
32964
33612
47571
29415
44271
40328
17512
42949
28665
37374
34759
28648
33871
42301
39631
39169
35313
39948
32955
25776
39441
20655
31059
26601
47324
44389
41315
31132
39320
45109
30573
29845
26863
23530
39067
20641
37258
47709
18935
22258
44770
21490
41438
30148
41555
16485
26034
30529
32371
46279
28624
40866
48289
45763
45506
30360
28897
48422
42677
16362
28647
46495
18989
26463
39793
18370
26359
25566
18650
34131
21088
21972
30188
38850
26532
25814
16375
43762
22441
41096
20767
30014
41197
26813
47098
32958
17341
41183
23899
39366
34473
45714
35944
34480
24372
41876
16627
27868
21200
17127
45063
34548
25609
45363
48832
36981
24576
18534
23392
35435
40987
42653
27808
48508
37883
24647
19268
40231
42926
40327
31218
28750
23078
42715
36676
25330
38890
42236
34332
25919
44556
38917
26680
31688
26971
18902
34566
25875
46553
16315
46777
47192
21104
28489
16284
24966
27872
47753
31142
40583
47612
30553
17999
25029
24086
34318
23715
48621
47544
47966
39829
48883
28309
41342
22165
21590
45246
21639
20581
45221
47129
32286
22568
16962
26128
46164
48316
43366
29574
16331
35401
20325
47887
36123
17946
33587
29536
19827
40108
48935
28164
35460
46597
31744
44625
45466
42055
46374
27803
23052
41093
33330
22951
19159
35285
27055
46690
33670
23207
20770
37843
19541
34901
44617
20303
37269
33019
23969
40684
36434
48008
16938
16952
35380
36373
37486
43818
44707
48758
30400
45912
46894
33039
23746
45419
33070
23017
42026
33488
48806
37894
35013
23985
20590
17137
28092
32548
35729
33432
28182
35234
28147
26974
22142
42938
34359
24685
27718
18182
37599
22089
42413
32607
40117
32683
46941
31309
36970
39564
39736
28353
39806
26496
29780
34055
20575
19781
29764
46838
21973
23196
42394
32874
42397
39511
49065
29684
40533
28084
26512
34767
27800
24809
33396
44822
36713
44544
32012
37685
31701
25061
44131
33182
41940
22462
43993
25021
25713
32378
23659
18221
40746
40109
26933
29740
33434
34459
30005
24652
18005
31378
22098
38764
24084
38782
33181
34023
26642
41399
36054
32523
23221
35357
26930
42701
46449
27495
47963
28602
47338
29112
29881
25649
27224
24691
37360
31184
26160
43601
41642
35372
17921
20401
32406
17349
40347
30511
19377
42809
21367
29815
47556
25783
22611
45404
38701
44471
33309
44324
41699
20200
36370
34342
49077
42602
36391
16792
27858
19006
17832
17826
42894
29435
47391
47542
39523
32450
30071
16676
48438
41075
21089
17385
19164
36641
46071
47560
45021
18884
36767
43933
22136
17198
47155
24301
29671
35393
46431
24513
47844
16990
43594
23733
38763
32800
36728
35148
22466
24139
17391
31366
26295
24319
47512
45493
31529
27954
16617
18828
24777
37469
47041
31097
48674
46196
40851
25397
31703
28700
24263
24217
45356
25369
45405
47027
47560
31493
36052
37657
22714
40008
31562
27773
36025
46404
45540
25474
31152
37328
26224
19150
35706
33512
43081
44384
46569
44706
49275
48676
30222
40036
23848
26053
30900
20821
35883
25283
35374
37137
18682
44997
45907
38561
41425
42032
42950
22954
47117
33528
27003
46052
40918
27575
17782
31438
25344
25084
36310
24993
43827
24293
46355
46978
22346
41200
44676
22011
32762
44558
47140
21420
44980
48121
29077
20286
20940
29384
25701
26265
40154
48577
24977
44631
31841
40558
22599
48504
48558
46579
35312
41303
33795
30878
49006
19932
18421
49088
25506
24052
26131
44475
42802
47166
32968
39005
37257
27656
47491
28012
41759
23161
34068
17794
27898
32783
40794
39195
16757
29261
25115
19437
25152
26029
33587
33400
20392
20444
32241
30173
40216
31270
43966
47603
28384
38959
20479
43416
34102
46821
39741
27973
30842
38834
27011
20454
35519
19446
49160
21992
45702
42164
19982
19091
17100
19084
29962
47002
21576
37353
39941
31472
21486
24443
21058
28382
23223
45288
34081
22611
45732
40382
19779
36731
44289
25773
38639
38546
44519
22771
43445
37627
37124
17431
21329
23692
19358
36826
47570
38701
28630
19563
39163
35489
29994
26330
28393
44195
27198
41935
23542
37173
29660
45692
47582
46389
48441
27600
44576
22321
48506
37357
48039
21116
30326
41949
38826
45185
37054
39296
17873
25688
30939
39881
49049
25751
25046
36138
43769
38763
20734
30285
25670
17639
38629
43781
24404
33691
22956
48004
41950
21353
38016
34254
26919
23188
45157
31598
38114
31002
39474
28519
41295
42564
31197
32877
44712
19579
28409
29525
17339
38749
30333
37323
33240
26640
24007
24899
20461
25558
26337
17970
49392
20706
33282
26493
47485
46443
49240
26161
39105
27902
25604
48502
26774
43032
45415
24254
22767
35316
26012
24130
35447
22690
30277
17327
27765
29529
32395
21276
45555
33550
32096
25152
41503
39237
18695
36322
18417
45352
23511
25488
17678
18134
24124
21396
19437
30973
37374
32548
34104
26795
33478
46809
25717
19297
40926
48483
45029
25450
41784
41594
49068
21098
27058
18967
47155
31290
41112
29669
17355
24563
27754
22258
36755
17737
27872
42411
36763
27675
16940
36359
20041
47175
30591
35330
19196
41923
30414
37965
44016
47338
27094
38212
18274
34579
44126
39968
18420
17768
46012
47214
28754
38902
36762
34752
49686
43776
26618
19362
35817
39065
40056
39887
41707
19570
26831
34981
19286
23024
45727
49623
37982
30849
25710
38242
43867
39473
31212
23234
27177
20600
41339
40549
42191
29526
38638
41312
31328
48802
39825
33121
44319
22944
44906
40164
17894
31953
28607
34730
34505
43535
48857
41831
28918
43737
39175
45244
25055
18667
47845
27748
35740
29969
31965
36018
19594
20542
34799
45883
43577
19160
18350
42704
29573
20055
48523
27055
19970
42254
39254
32761
45726
37960
47874
31335
40321
23703
33193
39225
30008
37993
35791
39792
27923
37084
19691
36413
26315
20692
39972
45241
38760
40522
41048
49110
29538
23015
48482
48790
42503
42193
26269
36475
38940
23749
31396
27710
18887
40550
35932
42180
33709
49620
48437
38477
41815
34177
36012
20975
34522
23360
49429
28995
23479
35743
19863
29790
21760
41847
22904
48130
36028
24513
19610
29718
38029
35755
34118
33364
31120
34028
39721
19778
49029
23124
21404
28515
38704
47271
43817
43694
21502
39339
38986
45119
25836
27008
27507
36941
21669
38448
28755
26204
38122
48519
46168
38323
39223
27941
38513
43537
33956
43217
33815
45212
28425
43792
34702
40218
34149
37878
35688
36707
35201
31293
30540
36118
29904
37524
35317
33676
49818
24889
38013
42506
42329
43466
31452
31803
43876
37209
40364
46301
38602
42686
37167
37050
27777
17713
17810
31194
32448
34072
33907
39671
30377
44829
26530
35633
41259
25988
44324
25091
33575
30651
35966
18294
30929
37939
28976
21652
25690
19567
48767
22560
45004
40795
32887
21380
42549
32222
44593
17419
26631
32178
24914
35920
32447
44660
42708
37367
21445
17655
19721
25498
36499
37086
21212
31494
40474
28778
23643
28584
29025
46736
20594
44354
41840
46927
33785
33506
40556
28224
38386
40469
31235
29551
24843
18008
39179
45673
42603
27855
19045
38806
21930
25658
28968
42953
38433
21796
30715
46614
30053
49757
37827
44004
24334
45483
39295
38722
49597
19645
27503
29567
34141
36448
49532
24564
46760
20470
20692
47397
35821
19235
38613
18441
42769
25545
19244
31653
47317
20023
48446
24800
26966
26013
41159
19602
43482
18115
36288
27614
21449
33531
46983
44738
47354
32597
40762
49388
35120
21521
17763
33999
45285
49242
40667
17655
38214
34353
20712
36761
20862
49831
30889
28783
22839
38479
33204
31938
42078
45555
20477
26057
18471
39814
49402
34097
41298
48986
18436
38909
29612
41363
43521
39824
41688
17372
40000
33032
26703
37720
19108
43726
43686
29403
35077
26731
23056
46427
46035
25758
30243
40097
33788
47531
41183
45124
23056
40949
25324
32984
17572
27343
34083
43875
17908
18320
41808
45328
40140
29413
23606
30504
38056
22636
49876
33597
41242
20606
29927
18345
18540
28748
31408
37943
41350
41005
21495
32543
26899
27702
22096
23096
29152
49932
49309
34921
29828
38646
42964
18272
33350
38198
41219
49543
40763
26522
19601
31796
18351
46158
42694
30241
25798
20468
49549
35355
29795
22006
19321
27134
26697
39707
34823
17888
32897
44633
40227
29581
42235
23531
23021
43572
33400
26275
23228
42591
28326
27520
44643
18984
22413
41859
24756
36266
49707
30655
36419
21431
40027
39856
25965
30409
26108
41421
47256
41530
30030
48736
34235
19383
23199
44182
38690
24818
42792
27090
41323
32151
39730
47943
33493
48514
32637
45510
34746
32559
44513
40916
22617
43633
36150
46592
29657
20327
33906
47476
23691
45484
43281
35017
22896
37839
44218
25376
28923
22275
19999
42350
33047
49943
20773
29207
39020
35496
49733
30399
29918
24469
35121
50268
19287
43955
36539
28048
48327
49602
31219
24375
40041
39584
18576
42812
27463
29373
18066
40368
44288
23503
43301
42013
31177
38599
20679
28439
29106
18947
30381
36373
29995
26565
18787
42367
18118
22756
48308
36616
31294
49089
37065
21566
21689
26493
21653
46943
33354
45929
26480
48751
17594
41662
48641
29831
32648
48271
28258
21872
17710
30715
18303
38769
18854
29863
30655
18276
24109
38764
34535
27407
23111
24396
42811
40370
38403
34475
41446
23261
22912
17595
25243
27524
26032
49977
26237
43349
31324
40023
37436
35913
32104
29945
45953
46714
42841
34595
45453
29236
22804
45234
45341
22094
32488
23115
44944
33979
42191
19090
22859
46940
40945
47516
40797
36632
29034
47270
20575
22831
17997
49671
47262
48843
47337
34147
36221
37593
46923
50210
43028
45590
45828
21024
21277
43373
32300
36518
45073
38528
31142
27034
30606
30341
30886
18674
39164
22355
32113
25198
32112
40636
45924
23943
29136
23582
19000
20899
31801
22581
38532
29834
41117
22323
39811
36125
22705
49427
25112
32326
49926
42026
49423
32299
19829
17919
31398
19879
24257
46684
21324
33786
50040
39077
34216
49855
25114
38761
47069
26143
31357
46647
22029
34117
29808
30131
30236
22289
33183
32232
43190
20241
38583
49888
23443
34477
32714
22386
45305
18081
37876
25180
28803
50353
19519
27026
29986
27031
49604
26581
48225
45889
22291
24710
31469
34617
37077
26045
23124
35173
25008
50326
50189
19184
28011
19403
23993
25992
34643
24712
39592
22218
28637
21882
34463
45050
38284
47146
44504
28152
23829
34953
17995
36207
46274
36555
32300
44880
30484
50041
37813
24959
24748
32194
39461
24524
40299
23571
36873
24868
45273
39655
43706
50440
48579
19935
31527
46399
28969
44821
20436
36808
37975
30894
30755
44307
35409
31918
19667
22129
48244
28432
41414
32968
47707
38423
34055
40843
37120
21727
28427
41961
40227
50231
18487
31813
23792
19891
26531
42983
34012
31996
28446
45809
23504
31595
43122
44692
41609
27094
18409
31107
35391
36010
47119
27816
32388
32314
21178
49175
18032
23383
43848
48192
49403
40481
20008
35688
49322
39708
39324
48986
19054
21639
37820
24409
48073
38889
25023
37466
39986
39404
50294
47472
40379
33902
48665
36488
37105
43734
50502
39766
20483
22692
43335
40079
25895
28237
35732
42329
28730
49221
37528
38656
36774
27741
47544
49386
20617
39247
25234
48333
27156
21655
35714
23327
18481
33413
20331
46030
43368
38033
37556
44850
21507
31214
33168
39744
42608
32354
50051
41216
34536
35668
34850
44609
30286
32551
20762
42891
19034
36550
40307
30293
21238
25984
23062
18296
28392
30487
48013
36324
21426
47123
25867
40337
36022
45148
32940
29369
30110
39944
44285
31045
46075
36466
25535
26757
29740
19340
48616
34595
28034
19318
47339
27482
29090
40015
24889
35683
35626
38475
34312
45616
28567
38405
23123
44125
18534
45335
42786
49508
38777
39145
29451
19728
47805
40902
49913
36148
21258
37941
22572
30620
37450
26246
36737
44100
46302
19627
50676
22472
43581
22601
26211
39452
45278
45839
33941
50557
26969
30023
43386
35239
42185
19114
46260
24393
29300
22905
30551
18358
45230
40905
27629
46301
42234
47903
44990
44411
24435
20028
41294
33167
28010
31034
18470
41743
40785
38872
27095
30425
26071
47635
28733
45548
35413
35574
34049
38616
50793
39346
34401
42867
32480
47345
47412
40654
42458
26728
23592
18279
34856
31915
32847
33184
35321
31046
19162
36464
38582
20745
33828
29273
18474
32931
38898
33946
35046
46963
27385
32421
46564
33434
43424
40915
33642
44629
29704
47447
43313
20874
35657
46705
39367
47008
25599
29924
18738
40084
49670
33193
18134
28489
49537
36325
44697
36384
28961
45081
46404
45513
24996
50584
21548
31321
20123
34879
22547
21148
50289
44128
22345
40364
26537
39679
21270
25282
49511
40001
34909
27469
46386
34337
45945
34625
33784
50021
19307
27570
32850
18128
30775
24481
22538
48794
18571
43798
38619
39965
27298
31855
50807
50129
27752
47095
20431
31098
50911
26042
33166
23712
47297
45464
24550
35136
46183
45465
41360
45249
25833
26240
32270
48937
36487
43683
45364
24721
20039
33529
22502
31447
31968
34421
35363
28562
47319
20370
22083
47691
23528
44080
33148
48874
24487
32670
45483
23662
30055
35576
25681
38881
21851
36787
22236
29579
35067
32886
50217
50791
46249
46123
39750
42963
42133
20311
37756
50059
41182
22438
49549
43480
19706
42443
37434
28677
38487
43398
19976
46355
30274
46086
35396
24238
35593
48242
43845
41567
19548
21187
23537
44802
24313
46292
40579
35451
19337
47548
23179
30629
40132
34651
35893
30859
43228
50739
30927
49371
35353
18297
35974
44183
35520
20844
50544
36622
34874
34278
20432
28171
37234
38705
46997
32076
50303
48923
21283
28213
44931
44109
19286
26566
47315
23000
25796
47819
21080
34065
28227
42578
31797
46495
30892
49250
23209
35794
48094
22250
25399
18743
19717
23800
25861
51049
35356
47147
28803
20777
24240
33387
25164
37297
50663
37847
38225
36422
44482
26879
32820
24077
40863
47444
49650
37919
20994
20957
25029
36831
34708
34859
50761
42892
24428
22926
42973
24850
31374
35465
33356
44326
39601
23172
18861
22673
40518
40897
26247
42956
32181
24465
48441
20686
44522
46792
50329
50978
35856
42606
28636
36412
46748
39095
28598
34317
30606
45621
36545
26069
41971
49997
44323
22841
38063
28136
40812
29589
40057
21354
29885
28051
40743
24296
26671
24829
44588
32662
33138
30415
20063
26494
43189
48017
19198
41592
45510
36323
47602
39254
41595
23386
38228
21855
47184
40842
36401
38911
29009
22884
31882
39612
39995
27331
37023
35692
46046
38465
43374
39077
35269
36687
29814
41590
33817
20613
47808
25428
29379
44086
32544
42327
49105
19272
20921
22439
32539
36418
31935
38961
41254
33959
28289
34206
19784
28291
33958
28037
42765
31811
40118
43743
33498
49353
36317
18620
19920
35264
28652
48437
44275
37421
21409
20642
38796
49991
20520
34061
28876
30601
35297
37350
25777
29701
38500
51191
35886
35835
25027
29083
40070
41642
30991
33579
42489
32614
24093
44986
42402
42987
18569
46594
28320
46321
30716
31133
44660
21761
31659
48249
37034
29062
37664
35974
50620
43559
35901
47537
28979
39508
49790
26646
49935
40223
41854
37489
49257
33614
23741
37078
32599
28590
38560
30627
23056
19882
24761
25266
23888
38427
45897
32979
30206
22114
43523
29561
41485
44469
23571
22195
43168
46262
30047
34142
40305
33610
29965
28058
45939
18600
46405
35194
41654
43440
41016
20480
42379
22911
46689
45640
20714
41024
18954
30979
19472
50244
37907
38439
43884
35158
34287
48869
29372
47688
31983
25052
33396
28882
47811
19852
29791
36765
51006
39693
43912
41626
40793
45312
39771
39320
21883
29383
35336
37142
34551
28657
21032
40277
19158
43000
26531
19378
32216
46639
41937
20019
36789
31222
40159
34144
46504
36656
35957
23636
42542
43767
35221
43795
49676
45198
39367
37662
20111
37526
23923
35397
42263
21637
23438
34749
31703
49237
45176
34674
43990
42105
42021
22430
38969
44565
27516
25755
39621
45934
39164
30454
39328
33440
32933
38852
43607
34959
37654
36665
26149
25631
29683
45430
21363
47528
20361
28067
34971
23204
46005
21310
27633
38315
28673
33202
46340
49826
49425
46636
37665
24367
19262
27562
40217
20335
43136
49493
28228
38636
36241
39696
38086
40393
19023
45137
46353
22080
43363
32047
34476
22095
29472
18877
36402
47533
38829
48023
47261
24579
50279
42426
48068
23385
26753
35481
24611
41678
27885
33901
38875
23949
41856
34764
34553
23036
45393
46205
24827
34103
30818
43147
49041
30396
50306
35224
22176
25704
49009
47220
43404
37538
28742
25326
42423
38102
18958
26602
50757
29221
36278
49588
42275
33370
33579
27284
40263
38688
19903
28579
25145
50547
24527
42460
45266
25429
20898
46454
32067
36290
40853
28530
49754
19173
37749
41328
22017
40076
23853
23494
26376
38618
40609
24019
34852
20283
28377
40081
27703
47005
39010
38762
47057
47582
38641
28493
35831
42880
38986
29696
44580
20900
33888
39864
29070
23862
20670
39143
50602
42853
41765
33365
36338
20054
34679
49522
42726
45593
48339
47851
48209
33244
24066
25979
21709
43358
26898
49924
46729
45735
27200
28638
35146
28663
19996
48238
22960
33276
40679
34043
25019
36423
45376
48062
47757
47617
33792
22840
23410
48346
22370
42697
35357
41027
48999
38781
41013
32477
46456
41769
18960
22577
27981
22455
41662
19617
28943
38078
20809
21918
51385
42326
35643
19996
45252
44074
41057
24387
41987
38350
29647
42344
48332
34131
34340
41275
45400
28441
29967
51522
28524
21989
37906
20358
39737
24115
33414
28556
30082
43982
25312
22662
27900
48541
38706
34763
24314
48064
42741
42885
19273
27612
45573
50601
32601
49074
38125
30509
31902
45559
41573
47989
40502
25951
38425
46094
49612
47612
42156
33950
30652
19654
19709
28443
32376
38267
20137
32828
36138
38569
27089
24621
45467
21512
19485
39815
50515
33550
20224
30847
48642
43454
27454
44126
23838
40897
34220
34097
33486
42423
31031
23489
43015
34511
33320
25029
50164
30869
28327
41047
41116
44300
47229
47781
25279
19197
27678
51433
51456
49294
32998
24475
26186
42006
34467
38628
23404
38704
19540
42583
21510
24591
25648
26844
19113
44305
43242
23788
22586
46742
43060
29956
37527
45842
38530
19539
48765
20833
45072
37814
22698
44379
43814
19175
47678
29353
40859
39410
23655
41431
34712
24296
32573
43945
48542
50134
47083
22195
39882
28920
43536
41764
41048
44843
28773
41187
47975
36513
30879
27613
43515
26072
22167
49821
33352
48333
21160
27421
21806
30829
46936
23003
35072
23116
41531
20272
20873
43161
23573
24285
26961
37458
31807
38375
28700
41908
23372
45734
37556
24310
39147
41752
24552
19766
47375
48507
28373
39860
40014
26394
47716
39230
22407
40295
22036
42987
44744
38218
24570
30476
46959
25785
21510
39264
25999
27273
42119
19335
34965
26755
48113
32441
31531
33723
19422
31672
35420
40733
36180
45571
22521
50249
22086
34637
48188
36513
43101
47917
27308
19615
40184
45847
24128
19309
21105
49803
20679
32943
48802
50060
49543
34467
35495
37716
20261
40557
23526
51014
26821
44204
44621
44580
39537
25681
41947
29058
30911
37809
28002
27515
28590
51161
45195
33954
30930
47649
36634
44603
31921
48132
45939
19628
25452
38190
34397
42542
39074
34775
29191
43464
34449
28496
22089
41598
19582
44251
37419
43718
46167
22208
50859
29755
43928
23965
46779
46997
50027
39934
26762
24793
31763
33837
27652
19405
24458
24652
27292
42159
44905
22688
25673
49446
43529
46128
48590
34169
43752
34703
33855
43519
43598
50678
35265
29911
24624
26773
49041
48088
36436
41003
29000
49867
46518
50389
50525
51672
47915
30755
42731
24639
48964
44401
31924
20297
44405
35957
20839
45437
50806
25108
20766
35350
43498
37754
49195
28853
41791
51049
20244
42324
48597
47569
28636
41083
25698
28066
36996
29622
36757
45278
24274
36422
51193
42738
31057
47639
32541
19782
45465
25842
33778
44563
50128
35316
38516
46453
42865
20287
24204
23745
23884
44015
51765
40984
24271
43600
38623
29244
37507
39502
35344
41635
27097
51244
40273
27082
35879
35705
41288
36812
45806
49728
39970
24883
39774
35968
26420
26126
45340
23515
20449
36676
22082
43922
49086
20007
27816
29873
45044
51788
33890
45703
27622
43419
21385
35673
26388
40610
23359
29016
43583
45358
24045
20431
39887
29981
35535
39073
42865
41838
33459
50675
35076
51610
39421
42022
48822
33575
31727
30728
26218
29050
37671
21835
35422
26093
23401
47414
41226
29217
32927
48538
50251
21142
28446
30728
25536
26488
47403
22849
30324
44988
30142
41198
28606
31340
31878
47505
31590
49727
41772
37052
50441
26477
24540
49025
20159
48065
29954
38697
39674
38128
35409
26152
44466
22825
22282
35153
43199
47597
49531
40263
34694
37153
38854
25652
48599
37986
50659
46013
48662
21144
44264
32565
43673
45006
32648
21008
46674
21313
51162
20123
30894
48054
31324
34027
47292
28177
47672
46611
29586
29220
45766
22427
41453
37317
43601
27437
33047
36387
45598
32400
25358
48986
38826
26587
51682
21060
31540
37346
21087
39058
44923
27893
45548
40732
50889
22474
52147
32374
28976
38071
41218
39364
36884
40740
41201
49103
41706
30017
39750
25176
28990
43508
23189
22444
38395
21270
43436
23160
20455
42974
51246
48095
47981
25501
37501
31690
22943
49324
24797
47999
34939
40867
25047
48758
20589
44748
29660
28007
43798
42456
49707
36776
42828
27088
43253
44726
36450
44366
42174
22546
28329
24812
20742
45390
44854
34813
47657
37479
37094
50555
34436
39509
49312
46401
47833
29153
24282
25978
40436
45239
41055
33882
32655
39100
27727
38412
26228
39841
39783
50923
27105
24249
48258
44532
47664
45319
33376
37755
40119
42908
48807
36894
24302
21536
36391
38904
33999
51630
39522
50711
46723
25573
37964
31791
45370
33851
52303
43663
48987
47509
35730
21589
31709
34325
37499
41950
25844
46899
24691
41857
33265
33808
43241
28285
41059
26118
39321
28207
27779
24452
22030
30601
26831
42265
52325
23743
35060
23758
51029
51011
29681
26553
24940
28148
45434
27087
48539
31635
50842
33786
43253
47478
34205
29804
35252
21120
38189
37170
49021
49744
29371
20748
22757
50361
29729
22140
49715
22898
35973
45341
20839
45071
22656
51510
21372
36912
46463
43407
32491
37369
26730
39811
28528
47810
38788
51543
36624
21007
39827
23242
36955
33474
27712
49133
24047
40079
43968
40501
41789
35249
38324
37839
21136
19675
21838
50483
52299
39794
34486
26876
35697
26617
26540
50679
31595
28877
31598
22394
23302
42770
42460
35831
20668
33261
33242
20944
37940
37363
30454
26221
20748
26850
21067
39821
42709
43407
26276
34521
27231
21536
30693
20415
35895
41595
30119
36733
51311
35071
51491
30588
33693
44913
47697
45536
31014
30265
45137
45149
40637
23502
20745
23884
24870
22127
50192
25342
40512
30228
40138
32080
32834
25252
45013
35199
40517
35432
22436
51262
34307
38080
27754
34310
37598
27924
29498
40366
46628
31246
51308
35131
38033
21766
51522
29945
40213
38334
49356
35019
31960
34384
39944
23487
38012
21348
43342
50661
21154
36006
26347
33890
38831
35192
42253
25536
34512
34275
32479
25736
26683
35796
28404
36371
32952
31877
33513
25501
33376
20025
29254
44955
31397
21036
40102
39246
24979
38602
45848
47257
44630
47647
37060
39952
38139
49295
34514
30033
20859
50119
40839
24471
41973
36339
40113
29836
25147
30001
46406
41823
49808
35654
22088
32279
50096
30097
27371
28967
22033
33085
28666
39234
43625
51130
22135
43888
51568
30573
31106
41826
22759
38054
43899
44034
45529
50899
40555
30287
44065
34292
43936
29288
49964
48207
48792
40678
30720
45157
26401
25199
38013
52004
22205
41865
46051
36446
52555
37547
46229
20346
47332
23194
30493
35434
36100
43763
36463
24797
38122
20739
50546
39349
50497
21215
40380
46267
20735
49329
43933
26257
34190
45137
29536
37097
45610
38677
43981
35573
40586
30185
35315
19998
21698
35746
31268
23289
49768
33167
27200
27255
29941
50769
35127
48988
30063
35565
40905
44018
34629
38432
26256
40958
20091
25075
32065
21235
41222
46990
26415
24166
34682
48465
45328
23746
45282
43809
41988
24637
24047
39168
43475
22026
34646
39905
50806
43472
50035
42170
51930
48476
44850
21978
42208
34963
24111
49789
28840
30122
38428
52382
44815
52633
22884
38156
50550
51404
34061
45504
43718
38940
34275
40558
26032
31231
26835
39770
49210
45051
51861
28269
21623
26721
27278
47752
22165
28727
25844
24856
49182
49526
22579
41451
49271
49526
31119
27970
38573
50086
23819
39975
47216
42112
29834
33536
27232
37052
35381
37477
44424
52420
47644
31279
42536
36969
44832
33489
24504
51924
42768
37100
37417
25279
33298
34589
52334
50917
24901
31258
43067
25270
39076
27389
27405
52048
30766
31711
47210
47275
45124
21161
47466
40723
21842
40487
23926
31964
50865
29022
38992
45137
31948
26912
49491
27117
33410
20445
30717
36558
40396
46012
45482
40806
27552
41706
21666
30324
29461
33330
33878
29746
29639
45519
33511
27088
29565
29822
52200
22818
20233
52439
52325
23702
21104
50396
23588
52072
40011
21459
23594
28185
20589
22097
40577
22301
24006
52376
31545
46036
23431
21282
46765
43451
49543
35198
40200
37860
32742
23387
30471
46243
47600
24547
48128
44939
43076
49994
42275
24472
26165
28326
34304
23982
44656
25089
36425
52034
51935
29868
22745
46423
48078
28631
27638
41901
23117
46943
36563
43061
31189
29927
39001
33479
52526
31018
39719
44311
37519
51087
37592
25318
51976
32767
30340
31349
33053
39667
21641
41279
25268
43985
23435
20711
45617
40312
29881
36976
21215
40217
21330
21932
29842
42826
40296
39671
41610
27477
37349
32037
47515
30934
20427
30136
35211
27525
41664
34134
42428
35152
30921
25211
43274
34477
25942
32876
28919
25902
21887
33388
37894
41045
22925
28465
38756
40107
42940
47257
42957
36108
48191
27546
22958
49733
47749
40055
46215
39137
29627
25402
36244
31039
46738
31838
30124
40424
52290
25036
48745
37920
50895
28681
23177
43707
33930
27565
40340
49970
36060
31511
40639
47350
43583
26719
49937
21252
25997
49036
45764
29626
50813
40199
48622
31465
32106
49232
29793
36395
23127
46832
29903
47991
46385
45999
46898
43506
43859
26118
22122
52488
22096
26071
40232
52668
24556
34652
23052
40508
38763
43870
48906
27577
27663
24487
20498
25205
28892
25529
42224
30750
52638
26048
33393
45146
49453
35782
36551
36771
39152
40230
42286
45141
49568
24643
36048
44549
21838
32889
38630
23317
51880
36948
26657
29829
43384
31744
29000
51212
26733
32769
23330
32872
22558
30756
27030
35826
48972
39606
39441
20853
35943
29683
33064
42816
49236
46529
43903
49274
30318
44959
34281
33974
44491
33496
37072
34247
47040
26364
25304
34774
28583
37520
48831
20402
40927
39941
49288
43878
47125
26343
26072
26897
47298
29015
30112
45042
30709
38331
35580
28611
41811
38068
51035
23112
41820
31569
28641
39719
50160
47490
31241
49658
50705
31951
52111
37539
48874
41801
45453
45023
26640
23233
21220
21535
50441
49209
41437
35987
49675
37784
37136
43655
45061
21410
36741
24306
49636
22054
36890
46156
28431
45177
40996
23201
24371
33828
20825
31204
49990
33754
31470
32389
49094
50349
38396
37957
52290
44929
47400
49994
44060
42688
30595
25454
25741
46159
42671
23005
21481
21441
20548
21727
52773
44235
21105
31218
25238
20984
29671
47644
44795
22430
28402
49279
25534
22289
47081
44846
23927
45590
33481
40511
30642
43675
52253
37154
31986
41637
26913
22065
22518
39049
25382
33927
27194
45919
41528
35862
43969
29620
43775
35828
30738
23679
29667
25334
44161
43094
38259
44672
31663
24290
23048
43931
39508
24209
28837
44616
43324
44682
50978
41749
32912
44262
53130
52973
49239
27933
46273
49460
51772
23230
49770
44052
34962
29796
33799
38673
42645
45797
24418
40932
40435
28876
44589
48518
48523
26122
39653
47499
36212
35816
50428
21425
46145
32064
28726
50105
49539
42733
50004
36213
33168
23680
23024
23331
48771
42292
44456
20985
37508
21797
39550
38145
44874
50876
33407
27175
48861
51310
21667
46481
49569
37542
31477
48942
36240
23039
29683
30354
21191
20919
39736
43265
51524
45665
25944
24009
27630
39129
37644
52437
25813
20861
40847
41856
36540
25498
28231
35751
45013
28965
31656
43266
20939
48812
38230
32948
23301
30603
23945
32544
52522
33379
40374
36863
52448
31176
44140
31919
22234
40250
27260
33998
50705
52823
39772
25864
36689
28238
40141
49197
22008
44951
49596
40583
48635
45026
21606
30570
40745
28237
33728
30988
32180
29145
49174
33431
27629
46111
51954
33917
47439
42047
32319
47884
37567
22042
36526
30530
30738
45505
52569
27106
43728
46892
44199
42183
31287
43568
35951
50809
36995
47787
37216
33790
42349
32002
35744
34035
47602
50893
45235
50651
49493
50128
44191
29878
23399
22318
52813
31702
33798
40153
21299
44782
23524
40781
38448
52844
28298
38270
42423
21768
39324
48398
34096
50077
31070
42180
40347
24376
32375
31546
41335
38255
37109
46549
26594
31477
25746
41978
33537
39019
25141
49791
38306
31096
51900
25440
44064
45595
30457
32180
40071
52800
22778
47583
45561
24466
41614
36360
42833
40337
46340
32462
46341
52196
48694
22582
46673
23280
42695
29416
43410
30377
46504
22940
36848
30632
36065
25295
28735
27263
25486
37562
33063
41289
41255
22916
48771
33669
48645
33207
28168
36900
36130
25329
22311
50656
21281
44252
45620
26064
52878
24159
37575
50233
38246
48406
20835
39848
27610
24832
47189
38461
30800
43128
30687
33098
30891
43111
42390
24349
23756
27831
51977
51993
27224
40203
51107
25612
52668
22957
35283
45244
48239
25799
25449
45763
35959
27607
32068
39837
25903
34141
44586
22528
27975
46806
47351
25963
39436
38638
46586
42498
33770
24562
43932
42649
25647
34436
39490
35599
40977
43154
32629
38109
34035
26761
37953
30702
39396
35013
51930
29106
43625
23373
53126
22126
28284
22973
37046
35030
29652
31107
37494
36829
44135
36942
37128
48844
50734
23748
46796
41873
45096
34676
26980
44890
28833
45067
29204
52579
45236
23242
34159
23564
41231
21047
28208
48175
39926
53523
24422
27312
43147
34957
45524
22614
49996
22197
37015
29657
36829
49459
22793
39484
22536
34873
45542
24924
31746
26038
40365
28874
47087
52429
35913
23766
25257
48517
45041
47084
35261
32962
39245
52772
36535
24692
24282
48916
43424
45070
21391
27113
29892
47418
37057
24502
26041
24778
22340
53259
22428
38898
35795
41930
35486
28085
21169
47670
48319
21662
36497
31821
49114
28848
50868
47704
45282
33183
47185
34752
46187
48449
38713
35107
23660
44607
49595
26791
39747
27408
27589
25742
26617
47400
34125
44043
30664
28780
24559
32340
45274
45802
22488
49145
47700
52423
33762
31348
52627
53368
45312
31233
44213
49973
44253
32176
25180
28075
41920
44472
44718
42226
38323
52238
50593
40894
42724
21302
49781
43993
53067
30554
29826
22481
44429
48537
26931
25838
33057
40353
22355
38246
36785
24960
53127
43732
31171
47031
22044
43239
49816
43920
51715
45143
36692
30642
48410
34334
24928
26355
41390
39652
53261
46957
28989
42683
34170
46036
45184
44300
33463
30471
29864
31953
28458
36324
52713
33029
30514
27489
47925
30041
32267
25304
35658
21289
42738
40099
52974
35502
31113
47337
49273
23669
42364
38071
50325
26384
43365
25939
26690
48395
24813
40397
32797
38690
48692
21206
52449
30384
45684
37077
51502
52331
35297
22584
33929
30543
48851
46088
44965
45016
34854
40641
48608
45940
42721
43360
49169
50232
46871
39101
23681
53458
34827
27931
34871
22719
49047
34814
25977
24766
52431
25661
27535
35716
28129
37975
48074
43697
52544
31498
51141
23555
31233
29218
44267
34505
49029
21392
26937
52635
41048
39099
52549
51273
30809
33819
53120
39441
35355
35075
42168
47125
31628
26046
49633
29708
34260
41950
43796
40759
23680
29393
46040
22934
36832
37045
38049
24925
28333
46445
31126
30370
43759
46069
28311
42840
50718
50674
52351
38784
34952
46478
35750
39326
34802
22914
40875
43882
33154
38772
49264
43721
35549
24708
50277
22267
24204
23586
28682
29206
51108
46370
24239
38579
28838
48402
26750
38375
39332
22987
43452
29045
31141
28998
36684
50753
53067
51121
35957
47880
25779
33730
24037
51023
35485
52556
32245
26265
52941
47632
44590
35805
29105
31957
47628
26935
24387
35515
22275
24542
44849
43724
50624
44118
28731
41940
39089
41703
49885
31858
50119
36941
34607
33136
22907
37553
41481
34384
39183
32472
40298
37927
45590
42395
43035
31407
24886
36247
47247
30615
51757
29989
22286
26653
45842
45197
21267
47327
34013
47222
26610
34798
46378
31905
38077
44325
32058
52951
43881
40121
33339
31264
23341
22544
53961
23094
47659
24791
23988
34617
37458
25167
50692
27044
30083
34023
47162
51840
23794
40976
42201
46040
22480
48717
33829
46444
36135
42889
34603
25001
38149
26030
23041
38617
27868
30579
23375
26776
35625
42358
27918
48519
22100
44426
49808
30020
33495
47186
53185
43673
40099
52495
48556
26099
49087
47030
34881
21526
50227
38214
43349
21776
24868
31320
29930
30571
35648
26615
35505
45991
37469
33459
32973
31720
49756
49137
43994
29675
35668
32133
43054
25918
29933
46979
34910
50097
24841
53329
52484
22024
25002
40705
35264
22258
42512
47070
23421
41535
49953
41797
37878
49741
23310
30391
48760
29123
26676
33835
25065
25986
44864
37801
41993
29401
40087
23316
45560
26104
37109
43080
37369
40104
24915
29029
49781
47417
36367
49001
51779
33211
30023
42757
40486
49009
33925
50089
32663
45698
44450
26850
47301
28146
41700
32229
23003
45009
40554
46956
23425
35250
47306
41920
51877
27999
37624
48407
24955
29131
22378
30241
45506
25672
22137
29918
50250
31226
49675
28594
53683
46476
52335
24763
30839
21793
44680
33634
37931
23694
22830
53296
39425
36806
21969
27364
40594
29077
39519
46786
26842
39570
21608
34093
46724
31823
28545
37496
38248
25810
23270
50426
30291
22089
53859
25184
23814
34553
44660
44871
53633
40312
32683
44299
30337
32028
31058
27097
26951
46771
28498
38668
52891
29044
27475
22966
45329
24630
40229
35196
38027
38624
43614
53672
25343
21537
41285
26745
38522
37729
37615
53437
50277
31479
39080
22946
28168
31388
51349
53450
47692
44575
23959
39581
31941
22619
38513
42211
44527
35431
36910
26514
47288
51980
40893
26596
49471
53884
28383
29101
51420
44608
24643
31468
54112
24947
32494
26016
29086
21806
31969
37853
21802
44355
34038
33310
53600
21806
25612
23517
28072
22856
52579
48737
27897
24638
48713
40408
28316
22722
50423
32933
35891
44928
44726
34043
39161
41300
24902
25771
26187
32186
25471
27450
45416
28038
22841
37431
40565
37333
30314
47051
25796
36675
44430
41874
36949
22878
40268
52649
31901
53851
33110
39945
27783
37640
43665
35347
25529
28418
49782
28267
42264
35112
23992
54026
31374
35919
41510
37775
43531
23608
33748
46550
48073
53951
23925
45260
30165
23892
26636
38274
45259
36527
21956
52864
27104
30912
37915
26971
46630
25317
31046
40586
31500
45152
24785
35701
36900
35592
31623
53967
44586
42558
22161
38694
53057
44579
24034
33720
25727
46857
24018
22409
33964
49447
51208
42674
30791
42128
49054
50684
50890
31078
45184
38061
43312
53322
30229
39074
34227
53016
21794
41118
22746
34257
52459
24802
44979
36825
33691
48638
38749
21859
53733
47590
42442
33065
45548
46920
32707
32352
38240
34589
32813
37611
26346
29823
25738
27087
47819
49850
41667
41447
29376
53669
52260
46297
22824
23603
41384
51784
30568
34117
48503
52043
43919
42690
30125
51742
49462
38634
23645
37400
37291
22503
32982
29661
28494
26021
22052
41429
24634
38372
25306
45277
27688
48780
40463
37180
33169
38464
40359
37848
46611
33589
31188
53162
26134
52293
35291
31599
30639
24639
24092
36768
50373
42882
39757
50341
28786
37834
39686
49478
43947
25161
30082
36194
44324
50170
22692
40163
24686
24626
53304
34545
36962
25976
25468
48486
37059
40086
43998
22658
43807
45552
51464
51937
54006
43285
22042
37289
25887
44692
50230
46344
30310
48145
48706
44254
30074
49815
31209
32182
41991
53040
39395
41467
43807
23987
34167
37737
52958
52702
22846
35009
34126
44708
54569
48065
29832
54216
27589
52051
39964
27051
22206
36357
44467
31587
54435
26809
22771
40716
29672
32157
36515
48227
36657
51038
32528
41361
24270
29849
22447
23108
50049
38803
33795
32004
44680
32297
30145
25285
51927
50698
47155
31928
52134
33059
53978
48231
33835
32347
48983
49665
44201
35457
30348
50418
30889
48514
22782
27319
25223
42976
30333
32753
53297
29791
30984
51128
29996
53762
46827
54577
38360
47669
45098
41827
36852
26444
31522
24390
52324
36652
25710
38941
32306
46664
50696
51718
53972
44752
22960
30416
30637
38948
35474
49420
39126
29327
35363
48487
48413
39730
44108
28215
41806
50238
52938
40275
33970
48487
53205
34856
24790
41109
22527
37385
46733
46812
31584
28871
52792
43438
30192
34690
31045
54351
34612
25534
27382
51594
45341
37049
36452
24995
24109
46333
32195
25740
45787
44593
32487
42075
36409
40756
43271
39932
32212
42093
38850
26147
43227
41564
53087
41093
30340
25205
46681
36680
29612
29231
51227
38072
48062
30808
25864
53563
26837
29867
25534
32647
53029
40356
51100
24850
34711
53395
49282
52938
36275
51184
22487
49671
29891
35822
28369
27070
30773
53586
29168
40951
27458
47750
26060
54145
52173
44777
45329
47588
31886
48234
51144
23959
27247
46933
39896
23667
41270
35948
30412
27240
37733
31034
41174
27759
39262
40612
30996
49087
27595
41409
25363
33092
40253
52972
44434
26957
22291
29463
22152
36741
23966
24418
53352
43812
40835
51948
44195
41830
54368
34536
53102
33853
28338
47348
37063
43842
25846
36775
28338
49394
38414
42345
46281
53783
52455
34184
48371
40324
42841
34696
44404
27141
25678
29882
22566
30870
23847
44048
40709
26323
44635
47151
33265
38320
54113
35782
47536
26730
47569
22558
33843
28606
36806
45555
34330
54616
53638
30851
25978
39822
23141
45796
33245
34126
31974
22426
28042
47701
26148
45673
35847
31650
53360
23656
31197
31787
51516
31319
41371
45518
36408
46386
41501
45706
50618
41222
27150
29167
38499
34308
44204
29395
25088
49108
37835
49479
42926
42796
54045
51402
53570
47520
32944
23228
28647
29628
22200
30997
44041
37200
49807
47446
27762
43019
25850
54208
30899
53323
26542
45764
39622
53300
52243
38588
33777
32000
38727
41432
30957
50837
32614
24667
35144
41309
32265
41223
54792
49746
27660
45525
43921
24920
35477
54506
29385
30160
40273
33223
48505
41322
31233
50880
29175
48442
45366
24239
23042
48399
46168
52969
39149
23808
40173
41329
52480
52551
31000
36716
24603
53331
49504
45013
52124
32536
23475
32370
54147
42922
53163
52999
31956
31242
36880
32969
49981
30527
32157
34325
53753
54953
34567
37986
50164
54675
35387
36981
44848
42247
23271
35540
32615
27110
37437
24700
25586
33592
35828
54230
54505
35520
46223
45544
29580
50131
36065
22472
51681
27755
34513
44119
44447
42104
40795
25131
51787
24438
22999
38349
38561
37956
32894
39973
47413
40756
52778
38194
41050
35423
25949
38655
53571
45115
47237
34002
45672
27759
51070
26278
54571
52965
54873
54491
33468
34081
33116
52269
36922
28114
53833
32227
48667
35495
47844
28744
42701
50276
39087
33631
32925
46389
42488
44499
46809
27970
31765
34349
40497
25987
35567
27721
51299
38102
43453
26379
47896
23375
42258
35406
36360
47055
28186
31005
46181
31704
53024
22566
30071
29087
51540
50283
22660
43107
32716
41531
34802
23294
54216
22625
28591
42170
38458
52123
39633
30821
29318
44622
38010
36264
30342
30839
53247
47252
23505
39909
23625
24446
30269
51366
26235
33549
27554
54719
53204
35985
39137
41504
23256
54934
51237
33238
45994
41914
40041
35715
22461
30651
54843
23051
41131
34516
54719
38545
30309
44874
32246
24226
27789
45378
23872
23215
53024
39125
48928
39105
25176
36454
35648
32616
22993
33075
38325
27892
51946
24619
50307
55016
40558
54528
44644
32172
50548
46460
38597
34946
46467
40728
27410
40379
28666
28875
42291
52011
39087
38688
46935
53978
24535
24203
25840
45052
49958
49149
44286
26660
27191
23478
43409
31924
41517
38491
34953
37016
48283
35912
33185
38452
54689
53031
28076
39322
50520
41409
25374
31489
49264
42517
31693
44403
27672
45479
43001
52677
26910
48155
45706
42444
39512
39938
23194
28622
43586
34292
42547
28215
37864
33247
53850
43917
45831
51870
33868
30374
40815
52174
40967
28441
55211
45533
26636
46578
32484
49251
51812
38570
45571
25270
32481
48214
47126
43705
23206
50974
37365
45556
31977
54769
44325
37098
47352
22647
48636
24742
24954
48455
34054
31384
22776
53339
33704
27295
35740
24000
25603
51047
46648
27794
38939
25845
40585
42536
29753
38272
41150
48524
51342
27779
46644
27438
48664
47120
22916
53465
31434
42087
27583
23013
53479
48583
32504
27567
32175
50308
43523
31302
47933
34650
51581
54631
43440
47105
53772
49580
54153
28161
38888
45568
53588
52168
44955
46422
53387
31226
52229
27803
33207
27912
48546
40168
45528
43268
30480
45565
37639
30644
47819
50411
30810
50405
54844
31504
35080
38145
36338
53576
44749
51684
40751
42850
50064
43500
31398
40913
49732
23887
40067
42916
32524
54706
42412
47801
43682
54263
39494
47149
42233
32854
27004
23318
25377
51375
41595
43893
27756
31006
31425
31590
45775
49873
35224
50330
51850
42262
23773
31239
50443
27832
51974
41438
45840
48524
42596
52158
37389
23111
46500
46887
43213
40594
38300
48689
38747
24417
26693
55422
40483
42368
29955
51821
24661
30318
40493
54416
42378
40815
53193
30561
24234
46813
52119
40752
29197
51135
30290
52320
37600
23453
35378
35795
42955
54930
53941
54179
34000
22946
54687
38931
31863
40782
36159
44229
35880
34406
38901
50733
42968
48927
33009
44869
26856
52837
34365
34690
42057
23410
32766
40199
44005
31648
52471
46874
48954
28795
26702
25812
28488
35867
35987
42012
31150
44977
34814
29910
24336
39007
42488
44119
47291
28237
53725
40220
37260
51705
55041
26300
50702
41934
25073
33308
45026
25081
42747
24034
41060
30840
53744
40748
28299
53107
41768
23169
39953
25552
24007
22792
54740
54786
27455
48631
54141
23329
55318
41039
23135
50240
36330
27847
26530
36859
28338
41989
50592
47695
46406
51476
37007
48815
48930
37907
28257
32851
41830
48426
32232
36052
47906
29635
49470
27894
32465
54774
34660
30660
23843
31812
39209
23523
28416
28041
44365
54048
44233
36652
26599
46155
35041
26009
26884
55112
37740
47345
44689
32611
35670
29183
52603
49124
32919
50031
50708
36579
27574
29498
30649
31326
24204
55397
30642
45961
45643
24811
53081
25701
54975
46072
25982
33684
42707
50263
38667
39532
26198
26414
49892
45386
52479
49897
52497
54825
49839
43636
23839
29043
45303
47277
23491
23830
36314
49177
29633
29147
33748
25301
39436
32500
23323
26320
24879
24531
34852
39480
39915
42051
33641
23602
37666
32433
52842
40398
54004
27850
51697
28474
54055
52812
49563
27958
32460
24085
53396
41671
24351
49537
33698
45872
28080
41458
23653
24606
53696
33968
39389
49187
36078
54516
27180
47461
23315
54335
27037
38040
51562
25840
37606
48169
51444
25366
33962
31676
49178
32643
49218
54233
24469
53538
50621
46562
48779
37002
45349
48201
33274
45522
48388
45823
37722
53415
52775
33840
43646
41629
27810
23853
44732
25539
52757
40874
45901
29050
54573
29481
37622
34695
43629
35510
28392
54118
53806
29397
38118
53729
25572
31673
37029
43746
50852
37814
27768
32646
38627
42489
25901
24178
39297
53623
38193
53866
24582
35875
23291
48928
33323
34404
32424
32841
37020
25286
23267
32502
42236
38384
36104
45346
45865
33494
28809
46983
32706
42799
27024
36279
24551
27690
49894
32871
42560
28508
41747
24078
24897
55293
23751
38319
52908
35925
40568
47090
43095
23409
50509
36474
44591
28442
55099
48499
37245
39432
26734
41834
42344
54866
28650
27490
30907
34857
53106
34084
48361
55494
37544
30678
40527
48545
43383
49871
29112
32740
41390
49322
23334
55327
41965
49305
53712
29245
47045
51708
42343
28087
37659
48691
26781
44551
30925
52400
25832
36704
27289
27984
31619
54172
45626
54507
38839
23414
34259
38954
38488
32761
52113
28824
50834
41016
49292
55292
26598
46912
34543
28135
51567
36427
24409
23433
28266
24374
37251
43464
23541
31541
51234
48532
29719
51654
25615
28276
33281
46051
35493
27493
23443
53116
29546
25061
48162
24356
47346
39755
48249
31243
45313
33881
35869
28716
36848
54036
53206
48839
23378
48851
51562
43282
28631
32407
44204
51500
40560
33178
50613
44370
42163
38443
54386
54613
33922
29368
49503
42059
32487
54573
36753
39557
46659
44157
45050
27586
48040
32893
39401
50594
35715
35833
52432
55902
48510
48386
40778
33717
27556
36741
32604
37418
38086
30242
34811
40044
32286
50490
36815
25366
55347
54346
38199
40088
43772
51576
43917
48501
52552
50028
52651
37040
27486
54625
47534
46208
24800
35196
47610
53067
27125
23900
32638
37074
28582
27890
28985
54186
29577
49043
38140
29419
24221
27467
30066
43052
46966
33397
43359
34222
33690
32648
24613
24791
55338
41780
38796
49378
24005
30894
24258
42454
52137
29768
51873
48052
40475
24644
32561
52725
35850
35818
29294
36659
32751
28888
52299
35111
38903
49818
34806
51411
29028
40058
47710
39680
49968
49561
41459
27883
35828
41791
25516
42300
55049
41328
39247
35127
23789
47552
38125
33334
33512
39016
32171
55127
32239
49048
43465
44914
40136
47375
55772
28494
32111
34282
47454
51220
45497
49337
51305
35331
38711
42456
37568
36710
26205
30205
55311
54211
48355
26381
35188
35670
42860
38708
49213
52925
28262
46644
37364
44789
43569
55549
26009
50565
25219
43903
44590
38137
48395
29884
44665
52626
32596
41249
43525
51772
26605
50966
42858
55744
41671
55764
42958
43067
23774
32374
30636
23759
47899
46931
31956
49048
47225
55692
42419
31714
44904
32993
24021
53913
37487
30153
43944
53504
38932
47553
23427
24486
24064
44516
23526
48535
51039
34748
44804
48079
39558
34904
38270
52468
41432
43422
54898
48452
54250
46563
51380
42700
50917
32185
33115
30170
29484
40968
52096
37302
35135
39009
52546
32141
24288
34702
32269
34222
46964
27246
53789
52473
27563
45824
48957
52883
46179
30653
32469
42975
40138
44331
45347
48810
24515
40367
50633
38822
46220
37794
52616
28954
52893
27048
39243
30167
38099
30013
51815
40046
54221
32657
47137
34464
28567
49302
52849
29974
55429
36951
51717
41811
51042
49803
30089
40934
33994
24682
52262
29924
49109
46271
42312
46229
47094
24127
52645
48750
48674
23577
45435
53311
53556
51406
31768
47022
55696
46915
53408
47076
51206
26133
32779
30598
39930
48428
24685
35559
38082
51603
43386
28284
37456
43910
31305
34192
26897
43725
27736
28984
44308
25929
55249
54154
47215
52173
44299
54026
28895
24879
34644
29285
37038
28574
23790
36962
30426
43061
28759
42005
49779
24785
26317
35158
48453
25632
43026
29041
55735
34811
27501
52255
51187
32246
38385
48309
26183
37429
52737
28572
37067
52353
26644
25601
37957
42906
37046
32205
51273
53967
55248
29656
38053
45517
33064
28249
26108
36533
48683
27042
54704
45681
46315
45322
35077
55111
30820
34346
35716
43438
54787
51276
43166
52065
40041
45088
34962
36019
49004
29617
38033
53282
32094
26264
26143
52270
27026
27247
50620
40812
32797
50057
31940
27350
42714
42464
32404
26213
49073
36431
44270
41954
45080
48130
48031
29689
33241
24106
30558
41359
33046
51701
29688
30549
31627
52413
26026
50077
34068
28288
43470
52845
25967
47248
49851
30162
37698
54411
51942
25719
24672
38798
41805
38518
47944
52646
24853
41070
43503
55687
48753
27862
25023
31873
37575
25489
41183
55983
38414
44994
44213
36722
29563
38881
39337
26141
28508
39951
49196
35570
42052
52902
33529
51278
39784
39701
51867
42016
50249
28395
55856
29087
36755
31025
24940
43837
45381
29693
28641
43222
52755
44100
44413
34350
38921
48112
31828
52634
40560
43570
26527
47869
54517
26138
33797
43766
38408
53093
42266
35416
42115
49558
35878
55771
28812
54600
29735
39441
41916
52162
40729
45979
47233
55500
51316
44956
41152
48833
41207
54382
49087
28902
47012
31380
47939
45050
29708
44528
26613
54542
34252
28470
54538
48791
27992
43425
47907
37826
33271
45285
53874
53767
39183
56164
54303
55553
45731
36004
43754
26749
53018
50177
38673
50385
53826
33695
51572
30063
38804
41891
47607
53689
39866
26019
48424
53271
24398
56410
40226
52039
26341
31649
47537
45557
31820
25755
29622
54412
38161
49711
26573
50507
33349
51643
48174
32411
52609
46086
34257
50080
26407
49783
35030
28430
35306
42117
55331
42046
30609
53615
38991
38529
29431
43565
27071
55988
39767
30630
48654
30484
36038
39203
40114
42324
27137
30468
39645
31469
45929
36274
35490
27574
36684
42196
42329
55988
26470
34502
46404
44339
32680
52294
33395
37909
27192
36977
34532
32619
31928
41199
44527
28738
43723
32362
41697
40127
27093
49476
29416
39535
33283
46729
34351
33496
28812
51490
46153
50772
48950
35660
30675
41247
29979
29769
34133
26286
33965
42581
51562
38722
56056
53468
37409
29630
29735
33514
26530
33717
39242
33251
55317
49608
43862
30836
47807
25135
40813
37321
44654
26517
36960
54529
55064
31273
35187
54495
40639
46322
28256
34754
32151
23906
42142
56279
36203
47407
25058
56205
27709
30302
50151
30281
45613
55713
38251
49500
32412
42722
25722
50482
24720
30752
52718
43723
40538
30330
41527
56687
41079
43401
51032
29854
33717
53491
31794
31303
38550
31805
24837
24890
50681
54497
26932
49118
48375
52897
39496
41767
48140
45594
48184
36291
27511
46492
24296
30612
44259
38969
55535
24931
45126
29468
41885
53459
53258
46365
47165
51347
30827
31890
53911
37080
40480
50023
48313
25611
34877
37233
34807
54206
29016
43263
55089
31205
50154
25010
40532
51779
30201
42383
31523
38946
51188
50259
35640
42055
27359
37126
25413
50981
53679
32211
35744
35665
45560
43543
42495
52278
30661
38584
41088
44298
45255
29880
39404
31745
45747
49674
56124
54720
32997
43172
35420
40212
46409
54229
31280
39652
28795
45017
48085
55908
38189
51115
54569
38284
53962
46362
49293
50633
50008
55071
39401
44274
41123
49774
40177
27261
54424
41035
55463
28915
26863
28575
48161
28577
39437
56395
24717
33937
37160
41148
46194
51896
35244
42431
27705
39025
26077
54423
56299
33322
30398
53070
40508
30045
31538
33608
44233
32707
39522
51742
52638
38596
56670
36009
31227
29489
27655
40028
41560
54581
37164
46807
29606
50313
51699
26554
33240
41192
25723
48311
31650
38595
29119
32748
52096
52277
36542
27759
51707
55865
51417
37162
25896
26139
41340
54761
24945
28460
29952
54961
38807
42170
51408
35156
54264
55359
50379
24898
47886
24537
56298
26018
55097
31994
26659
28065
46014
39777
48525
30474
43279
31817
30916
51992
48717
41440
35983
25992
50187
36602
53952
53745
35925
44807
42076
29528
25584
31298
48380
27135
45284
43564
28019
35711
55864
37433
25009
41238
56573
28873
32232
24642
45710
52313
38637
53647
27669
45307
35296
39341
42833
25091
30479
55493
49303
54276
42008
37901
26135
33531
51534
56731
28769
30921
52830
44663
42024
38887
47667
42739
49477
32341
55830
43327
33534
38099
25626
33336
30089
40532
39095
38017
50380
56240
42933
47573
26727
38809
56395
52891
53492
44752
54409
39867
31373
26776
51187
37553
34959
45932
41327
36832
52894
39405
28769
38696
27370
33822
29972
48826
54704
39123
52316
48171
35331
54119
32377
51144
43980
41390
30015
51754
53008
40490
40308
34826
50289
47746
46970
49238
36600
28207
39725
28803
26385
48505
29455
45862
28375
44194
45731
27838
31634
29537
52246
47828
39038
33938
26916
55623
42703
48683
43834
29153
48881
54642
46808
35373
46868
54125
36410
33677
29416
46490
32567
24967
24741
34529
43113
51808
51023
33991
55694
30188
51768
42212
54062
32420
50630
36503
43391
51449
26998
56568
52869
29928
45857
48398
34685
36303
44927
48195
53628
27775
41961
56084
31060
32658
34147
47117
27319
28159
24793
26357
31391
51179
39081
51270
45292
47554
39778
29920
54607
30087
30667
37373
50024
50792
29224
41320
51755
33430
32440
41450
39560
53075
50562
37893
35147
27469
37714
46821
43073
29482
56318
37268
31388
54372
45549
40045
51352
25175
55002
40659
54879
49560
51670
38179
33322
40329
30348
45798
36266
56362
27081
54604
38566
50226
44860
31190
33509
51551
48250
36178
25422
29450
36164
42764
37454
37118
54541
33859
37242
45706
27063
55258
27254
37845
52126
49744
38677
30066
28375
34290
46273
37428
43450
52047
34590
42820
27805
35309
36330
49776
42723
26938
45608
51910
32054
44485
52861
30562
46352
34478
38618
43140
31104
53084
41819
55014
56619
39277
41583
36172
48529
37619
30266
41052
27537
40157
49463
39088
48431
42419
42530
33578
27798
40071
48917
39815
26713
36904
36849
34103
30974
52888
30719
34412
24509
39104
26327
31090
53893
48739
55425
26686
31040
46673
56539
34377
53336
34525
44602
31903
38010
37520
39764
48178
39834
40223
51294
51829
48951
40091
35697
48166
48096
43752
26674
53867
43511
43888
28338
28193
29621
31000
33171
52593
27758
45172
51053
51108
27926
27190
52079
31544
39429
31213
37194
41523
46583
34028
41034
32951
42583
34183
51654
41431
36029
36486
44731
54953
39349
25299
51380
43932
31938
46454
31213
51212
38306
42435
26807
27668
51924
52178
43550
32932
43352
26928
32714
28115
45494
37332
44323
43894
30273
24917
42937
49137
28317
36954
42722
41293
42111
32337
54949
44171
40372
33636
45526
42808
42853
40616
51075
32578
26265
54424
28559
48394
53755
53699
45725
56250
30942
42433
26927
31705
47998
43627
54799
42013
55432
27468
49135
33920
29661
41298
52812
28565
31379
38601
44440
32285
34877
34698
48791
37078
45421
53616
54538
42131
55159
35084
51595
44177
26999
50842
25272
26377
46741
48947
55699
57346
46471
32324
32041
38505
25944
54078
47474
30563
43880
51087
34169
41954
53941
45266
31932
46199
36952
45890
42966
28519
45395
51317
47195
42240
54665
40519
48132
42541
56334
25108
35596
35145
25761
52266
30169
45361
35447
32637
30175
51869
48187
37277
26050
46000
54610
52966
33978
33229
56419
36598
51516
39341
35607
44389
50903
36270
33565
31408
43868
46702
54386
47477
38721
47513
47327
31718
54599
29439
43203
30072
46427
29674
44306
38107
36538
36014
37534
31279
44377
38017
25237
40309
44676
25485
50251
47427
37061
45892
44090
52668
31495
55540
31816
53184
32507
36507
31048
55392
55995
48636
47554
26773
32174
33266
29175
38193
54443
53765
49440
44821
41313
35899
25591
48037
24822
53552
28792
53625
34286
26217
32489
44373
35151
37606
25624
37724
38658
43510
24804
53376
55677
47184
27390
28733
43167
34654
29425
31367
40923
27356
52064
52737
57241
36002
38287
27247
32217
43710
55078
49006
27162
31686
40241
54115
51322
44397
53354
54961
34846
45395
40635
30511
47316
52258
40447
34777
25591
39638
35849
53445
27796
33372
53223
39769
47818
48479
41063
52924
46711
31839
29659
45194
54545
52227
40218
40396
48849
46512
47559
53287
53015
52826
54742
33619
29706
42906
26699
36559
45438
55041
36165
51155
51996
34733
41276
49031
55740
51737
41351
45426
53270
38457
30241
46645
45722
46023
34988
36473
34460
31960
52406
39462
48308
44722
40252
53205
39525
48353
37740
51337
26364
55944
47791
45977
57275
44534
50663
50929
46903
25209
43509
32635
41983
35959
49535
50647
49790
37818
56816
52050
52771
38924
27072
45846
30143
33796
32757
56222
53038
49695
40170
56429
44601
51218
52303
35840
25275
27743
30833
41473
41475
47655
48827
51645
40826
46911
28029
47320
39045
53382
36589
40511
55213
57461
42348
32095
29438
33783
32010
51605
51628
45435
46667
54757
34045
50760
28204
27886
41058
32273
42849
42269
48359
35018
55521
50466
50126
45754
50596
52384
40055
53968
33195
29993
31108
29498
51266
49001
33082
26676
34690
57505
54569
51486
50457
42072
48399
32722
49230
38477
30970
25140
30015
34991
32429
35339
25965
51856
42565
57103
51579
41624
35356
34626
36915
25078
40430
45444
52938
41884
49466
28258
34405
35756
53483
35632
25307
39725
31800
41815
54973
27651
57545
56303
47252
26910
45595
32145
50537
55025
28709
57446
44171
49190
28988
56964
34956
39568
49972
49275
27021
47201
42952
55338
54459
55709
45115
48600
56602
29134
48192
25472
47490
30202
57368
29291
31719
50898
30202
42756
52701
35628
57015
40681
54874
36531
46494
52542
44222
30941
31645
35142
32018
28702
32170
27444
49549
32092
31329
27454
46429
50082
51951
30452
25764
57368
37678
28880
32192
34355
48401
52750
51151
44073
49987
50877
25202
56232
36619
52247
45778
31431
28019
47374
41441
41277
57257
28967
36835
52688
51877
57739
41260
36881
51724
39004
51243
31303
43605
26181
45223
28585
52778
48725
28745
41680
33553
51213
41051
55403
35147
55223
50383
49717
54012
49402
42115
34340
48781
47020
30403
50659
53327
45799
35344
47747
44897
34399
51231
47214
27091
42482
47909
44956
50187
51073
30802
31753
38760
55039
37787
39526
33830
28871
32957
38158
31362
54835
34175
48445
57118
36970
41271
33916
52902
46457
36239
35424
50356
33702
48265
45684
43505
50944
30657
54900
36222
48443
34035
26812
36242
27579
29628
39679
45924
39919
30885
56636
50763
29152
31069
51438
55843
53514
44614
52356
40180
33642
32051
43792
42958
55000
29041
42051
55031
42135
29956
55449
27977
30507
44850
48593
34517
49770
44102
47008
40652
57814
45710
43174
44192
53546
26790
36769
40038
54067
45304
34017
42623
31457
56964
44028
51831
51870
42717
28098
28973
56798
30068
36467
31284
53496
33817
29744
47226
56116
56511
45488
41511
53029
43136
43316
47048
30009
28641
56253
26285
29838
45142
47228
27279
48647
27401
32906
29303
44448
37079
37593
36058
54782
28571
46187
40713
43595
33968
43201
27593
31296
55473
44695
27965
29827
51331
46286
34317
41780
57238
56234
52673
38594
42855
38461
31854
45828
36938
32803
47509
53893
55142
47984
53832
46111
36353
27367
39566
26315
42494
40045
32265
42935
42915
47037
33750
26265
29856
50524
51637
25668
48205
41424
47722
40824
34100
28941
33635
33791
28623
26160
36250
36853
38547
45935
32189
25448
44845
46672
32653
28193
53515
46106
57476
44992
34078
47753
48570
48655
33502
30918
51465
34192
48783
42134
26991
30808
44227
49106
47797
40736
57121
53783
45134
49306
56932
27326
57218
37633
26023
32527
46284
44020
58079
30897
39040
41604
57513
34917
50864
38796
48454
37109
56913
38977
53987
48742
27546
36617
29982
40309
29101
46737
26567
51010
46969
49945
45795
30022
56287
46611
30711
37258
29971
36845
44163
38683
48966
54315
56780
54969
40578
37816
57822
29647
30677
29054
39378
44456
42417
54580
43341
51423
35731
49271
51017
44311
36067
31261
35864
35565
27419
33734
57509
40491
53036
36275
29438
57406
33310
56540
54287
48875
39158
55100
41648
43837
38876
43632
26595
38082
53373
49280
34902
42231
32687
30461
28464
52992
28243
52300
54794
34716
39296
30529
52794
47449
42462
40176
28504
51460
41551
39103
52987
48740
56789
35520
42436
25896
54448
41022
50590
31261
30918
51862
50499
47268
55624
55368
34051
56420
28051
42062
28865
27452
34644
53165
41790
56187
45040
47433
52890
27220
29987
43005
36375
46732
26855
56043
34081
29558
55447
29713
28555
51233
32596
28958
34588
44752
47016
42627
57930
26794
28777
28876
45125
55731
26848
36913
30263
57595
30763
57960
45514
33046
25568
28350
34028
27851
35315
30822
52943
52240
57818
35601
54835
52535
39150
46527
26855
54882
52757
26580
38029
27452
45214
42094
56479
39659
34412
32758
37295
35392
56663
39925
44531
28209
27599
38185
56064
35466
25794
38873
34006
35039
49856
36453
40477
48069
52830
40481
31150
41538
25560
26211
56661
49025
48122
46555
45525
39626
48192
43555
29741
31666
37436
28055
52250
46735
40504
34663
27613
40239
28957
29163
40254
26570
57747
27446
40913
43572
31850
46061
48248
43351
54329
45146
45609
42209
29764
40892
57330
26938
31395
56801
53306
48569
40353
58103
35145
33559
41059
30112
50955
38436
31434
49988
33296
51896
47257
53931
26584
37613
54235
33995
43086
42635
36479
38878
48274
48836
36678
57528
35579
47650
50655
44632
35933
48317
55888
35773
54919
41137
43927
54267
45072
51919
41361
52365
37204
46995
54812
47597
46777
54358
55672
41570
43063
30917
38388
45849
55831
38034
38598
31608
51962
25962
46650
29359
49950
51494
30479
31632
39133
32837
36125
55968
40566
29850
55612
53870
40208
55362
56418
55843
33020
45273
26123
41563
39739
41709
33246
56371
40000
37299
26765
30371
44022
26361
30717
50703
49925
38748
30375
51736
43346
46779
42558
34232
48580
45292
27025
40334
27470
31405
33204
45174
28458
52957
42586
40541
54370
52204
32134
45396
51349
34192
46691
56546
44536
57017
52079
34719
36507
49096
45023
37630
54510
31995
27712
38251
28035
33068
28250
31382
46613
37052
36953
32270
56778
47306
39727
46097
39605
48808
51252
38051
55455
41871
34319
48349
50439
37009
34010
55944
56423
48848
52609
30186
56505
45038
26731
36320
49466
51908
55133
47661
43886
45143
26267
51218
56676
56583
39248
34079
43323
27146
46383
44104
31205
33561
45403
43323
55595
58473
35972
42481
38641
29917
52819
38531
30140
53370
47113
46912
32881
55067
26723
45308
28000
37734
30400
55210
45696
36350
51589
46894
44796
57594
43969
57964
36335
40855
26125
47269
50796
26153
57015
38147
56514
42584
34079
40050
51454
33672
35936
40370
42673
54169
47411
47018
37363
38865
50961
47616
54695
33302
43160
29670
52993
55905
42800
25911
43590
55407
42478
34242
56531
50618
35769
38630
32865
31655
39083
45919
29575
37377
43705
37215
58240
53670
46487
43744
41775
49024
29142
49209
29536
54199
34640
26864
41041
45349
46789
42704
39025
28939
50886
44859
57447
55042
47058
57025
34902
33076
33728
35569
34400
26827
27740
42606
39529
50858
40277
27462
40733
45147
42327
32640
27700
33097
35444
51188
44532
58416
32200
56672
54776
37073
29277
55223
35121
37354
39756
58300
44842
42853
38181
54992
34448
39120
48785
46344
58097
35853
33846
56707
30660
46155
41947
53499
54442
27957
43725
50841
30451
38504
45953
33550
37988
49963
42618
42463
33591
37466
33389
57600
58212
49828
28580
52901
27935
55031
41632
55637
34978
57143
53762
27200
37676
47414
50092
53714
30026
56801
46371
40584
28245
36535
41783
54787
47420
30592
46311
50267
28291
38971
52607
54709
51084
35672
35331
44568
42774
31783
44496
29564
35587
57745
49793
32292
52062
53510
28432
58158
51868
32182
51773
36201
31522
47108
44084
55398
56840
33079
50026
57810
57117
34675
28872
34050
45611
40425
44811
46288
38268
34122
35179
42918
40348
39041
58746
35288
28257
45473
42064
43575
34089
56092
57061
54499
30819
41271
49598
53344
53329
38842
52172
45292
56587
26604
29841
30224
44488
31422
32132
42614
36185
37703
29367
56826
42998
28016
40631
33283
48701
46321
30131
36884
35192
26748
48097
47774
46367
32055
27422
51225
37278
54896
39893
26706
58455
58765
29985
29703
30955
34369
26678
51889
55221
27398
47869
49825
50584
44487
42494
57166
28923
55516
35203
49646
28689
31804
32250
34883
29790
41710
50076
36280
55159
48321
54604
49836
58633
53309
41666
36366
34332
35033
46568
27946
45465
30063
51076
50626
50698
35564
34584
40545
45218
48972
39430
45292
34173
53446
38392
35706
27944
36163
31359
45925
35684
44565
28155
32418
49959
39910
49594
38733
31716
44782
33124
56712
52236
49002
37270
39814
44245
39497
41421
49123
39738
44584
30086
37431
51779
33920
51363
38378
51846
56094
54033
36682
51950
29140
44968
57050
54971
57455
43602
42733
46282
35048
47472
28532
52247
31199
42617
48149
45440
54596
43492
51325
49868
36696
32329
57078
29419
39380
44739
32060
43903
53095
42136
48012
26524
45926
47132
43519
27596
55744
51410
38934
48983
35632
41173
31382
51905
31158
42870
58262
49043
39239
42791
49366
44383
28868
43672
54354
26622
30505
46367
39703
41756
53511
55901
38486
26359
33332
31007
43703
49763
26560
40322
35311
56850
36396
52827
55957
54546
47063
51669
37425
30359
42937
30044
46487
54523
33875
33978
29555
50691
26342
40064
52516
47204
27364
29608
49614
33413
53668
47224
44970
36487
36441
48298
57249
34691
52805
44233
28442
27666
53546
55006
35856
43539
42498
50252
46951
42920
40943
43769
33152
56706
38773
31150
29963
58975
52199
33729
42012
42960
31007
36849
35713
30784
30066
52881
49236
58930
27620
31465
39884
33994
34455
43993
55640
57743
40330
38847
56047
34671
48512
53147
34721
45828
39741
46449
30835
39957
50936
45551
26473
30816
46094
27984
38116
39830
26868
36736
38702
55464
27503
52097
51284
34881
48391
47629
50740
55443
31673
51069
47318
51799
31468
47337
54016
32527
26790
35985
49412
48271
54016
47483
31197
51643
41431
37470
42618
34962
55493
53183
37722
29036
46415
34138
57433
54143
32096
34499
58058
32424
37367
32589
28101
47721
39452
49451
29890
44590
55832
36821
48231
40660
35557
27054
36255
42347
50660
38115
40684
49979
55502
29590
43006
30470
38381
58172
54148
46989
29836
43843
33602
30549
38316
48888
39524
38315
33016
54953
49682
57574
44539
41990
56388
36332
44433
42445
39128
51448
34715
56999
57570
50074
41207
29517
35907
58367
48560
29678
38269
31090
29553
54485
49093
39459
41024
55879
58202
36391
47464
31658
54294
27585
34487
33261
38466
51424
40426
58659
54703
42472
45670
44401
54018
30133
36137
56107
47952
59102
49407
39482
40427
53814
28409
50369
29819
29337
44827
30976
29008
51685
29013
50808
34806
55110
27317
46671
58378
33463
58074
45815
49741
57797
30124
37643
57335
47510
40266
52089
29774
57899
38980
36070
26742
28386
32779
53326
49547
49215
41893
38635
28909
58091
31397
57689
32475
57341
50267
41463
49988
57977
42824
44688
41177
54806
58580
30011
30311
58181
30020
30847
47716
27758
40934
54971
29896
28797
58254
57541
35614
30365
49990
33746
37594
59203
52034
35478
40429
30319
57874
31148
46487
33583
47643
35639
30588
36964
30536
36298
35067
47816
56573
43653
54459
53296
38989
54913
50822
27663
31340
29551
31067
48444
46951
58235
35774
55541
32018
38007
36435
48931
30274
50741
49323
29663
36413
36916
36958
53814
34927
27263
36442
31785
49247
48595
52858
35832
42465
48896
58715
27297
51596
39313
30827
28579
36206
44463
37954
44551
52735
58691
48438
37537
38740
58459
28201
46996
47765
39119
31142
37140
55217
27940
33069
55152
44880
41648
30410
53839
53514
38655
56556
26937
31190
30838
47221
40282
46789
44598
26894
53379
40944
30532
56253
32114
49070
34022
52153
50515
31243
37968
34173
30343
34934
52095
57371
28835
56762
56678
57555
35260
34352
47432
48356
55522
55346
51557
44450
35306
35026
34008
51913
40561
30924
55488
57105
49181
52666
44190
27394
34854
43911
34302
51722
57365
41510
36698
44493
57292
41860
34363
58300
52423
38331
54433
39145
40609
54664
55717
36889
44250
48383
42333
32283
27095
33405
44032
32857
53034
33759
46154
57773
57108
53745
34082
41334
57160
36905
38523
28906
45298
31894
51576
39598
27128
46099
27603
34980
37760
34496
35455
56324
45490
28851
55180
52142
30911
35562
42828
48318
54050
34948
51380
51553
40230
37937
48388
43496
47528
41448
37547
46107
58398
35032
59236
58576
58328
31136
54694
42940
33926
42178
53563
53640
30715
42325
46894
32807
34096
33787
38123
54632
43148
58899
27298
49095
35170
48432
27884
50569
26812
35529
35249
34312
27991
35890
46153
58699
28910
58058
48353
38361
45755
35959
46881
29903
37692
49231
46092
27697
48435
33688
54055
53118
57328
35571
28381
59015
57042
48084
59426
39552
39436
57909
54615
31064
46245
28300
39021
33606
31683
53242
41038
30373
54056
48837
55672
36353
51965
35592
37355
58482
49870
50089
54342
29736
48599
51596
32301
58184
52350
41734
38381
37623
44832
41877
41827
42163
38416
48078
36890
27114
41693
34198
53939
29125
36564
57493
27018
43333
39622
45800
59542
49554
44044
41494
40593
53392
47815
55366
38233
57266
30060
43439
29079
56595
48513
44623
30110
41667
57761
41952
43926
34910
47302
44040
31449
45796
33480
47824
44189
38596
45600
51543
41940
57402
33522
41160
52304
46555
33611
53641
34091
35183
28839
43701
35430
27390
36534
50637
41424
37422
56159
31402
36649
37324
50182
53174
37768
27048
49162
47708
31738
27302
29842
50109
33644
41234
50570
58789
35787
47412
30696
46013
29289
37412
51508
42242
33699
29408
41031
37237
53697
38300
47955
47124
29469
32089
32547
57610
27528
51641
52132
28707
50409
32018
31141
31618
39719
59585
58843
47766
40777
46017
44328
57674
54748
44924
32284
47996
38037
28384
41917
40113
33592
54198
44419
30727
41912
34351
55463
46187
42400
35520
40606
37131
34993
27184
36064
44558
53965
40944
51693
36227
56596
49834
27538
41112
31820
39708
33384
46349
34950
40231
32415
55016
34814
30499
53753
31337
33092
43894
29465
33344
47257
59493
42494
30206
56476
37418
44491
31946
58918
45894
52169
28757
44914
50968
44974
39952
34433
37551
48416
31900
48828
32733
51829
37761
34268
44684
48317
41764
32775
45141
42242
59123
28475
41551
49870
39907
27120
39205
36846
27932
58617
37740
47478
39154
38060
58931
43525
57880
59714
55259
35146
41232
43649
56617
54471
35302
30360
44185
30165
31262
43082
39925
30953
58091
59470
31783
51733
41890
28150
59212
39634
59501
45840
46345
54524
57668
40714
35106
48926
58649
27993
45128
46576
54611
54042
48947
40734
54654
43002
42993
31051
43841
38484
47486
44374
55952
38554
48532
34012
53794
47606
43204
27134
48166
34865
37062
54372
50994
29907
56590
34689
31612
44940
58783
34329
28748
54226
29732
57089
30129
48076
56125
46887
34420
31343
38935
46290
38474
49383
45631
45098
36941
45880
52664
52474
39341
28709
41803
57781
27811
53329
54046
53175
57255
41124
50568
45262
27875
56304
36388
32249
52711
42964
34084
37743
32670
39137
35560
46563
49793
33276
43472
32007
27402
54019
35406
51023
38508
51892
27967
39671
38785
32714
41083
38983
45060
34152
41386
57622
59904
44731
58202
39309
42376
46556
59471
58925
44713
51699
43290
35603
28573
51362
30702
36987
37697
42657
54958
36996
43978
52133
29514
37427
45491
58759
48716
38329
28409
30370
53166
46585
43659
41853
36335
33605
43004
33706
52070
31592
53116
31213
52693
49898
37382
55201
29761
33679
56795
53080
28417
37921
46894
31426
48662
52591
51489
30672
59834
45206
33520
57624
43323
49791
38252
42364
27658
49321
58540
33542
30991
37673
49663
43287
38976
40943
33316
50625
31346
58186
50110
33393
54127
29103
31234
46033
55880
50870
36787
49388
41965
34149
46672
34196
35834
36273
46476
46080
40916
35650
52990
31162
49141
57719
35354
27577
27524
39082
31840
32201
59945
45237
57811
35124
51231
31924
39341
42651
55435
27661
56145
57125
45580
58542
46977
30940
55699
37526
47569
57939
36725
53399
48731
33164
29374
36442
53173
59930
28361
55203
41248
48771
42765
57558
30978
49384
54586
48315
40855
55016
52613
40830
42467
33985
40255
54010
39147
41912
30637
49206
29988
55228
58644
45616
28204
34886
59411
46554
57016
57475
36149
47971
29902
39605
39111
56503
28212
39639
50919
27977
31016
40063
53726
46864
36177
30729
45744
35023
53494
49906
53233
31130
56942
53122
36569
34198
32215
53166
31387
59392
42763
40764
30195
54897
57296
31016
43774
33120
51791
40007
44367
32232
30664
41770
33343
31947
54147
37701
33668
29368
47626
59216
53254
38345
37013
39150
48878
54352
28870
28045
35071
43219
48278
35469
39977
28501
44688
38052
52571
40919
47677
56961
56474
37407
53471
60079
32592
44728
56929
50365
58598
45370
37519
30108
59796
57292
51843
38728
27512
56294
44639
52138
30182
28764
55106
39614
46848
32920
37236
31729
29574
32038
36580
36557
27887
33143
40405
50903
28088
32478
47060
36536
28668
39135
31981
42652
37445
38569
28446
49624
52898
36321
33292
42959
43001
43681
54005
56342
49567
47297
40166
37334
38182
53845
48430
28274
47734
55158
56338
57194
30239
37702
36290
34688
33262
45614
32652
34585
50111
28010
34128
41957
59025
36808
39732
37826
35296
47020
44952
28382
31535
31320
51533
36124
44516
52330
56833
53946
58712
54182
27902
45104
50479
34294
45589
55643
48101
47535
34004
30682
31658
35606
47104
56505
30064
47907
36159
30028
35394
60293
37140
34654
59095
56293
29456
30860
48487
35951
44615
42219
53693
59791
38402
35057
35726
58616
39603
49810
33545
40939
56110
44457
48047
35510
54805
40858
33125
40315
53140
34357
39879
36402
48975
28126
52160
42993
55961
45803
51031
42859
36583
57934
42956
49336
32900
36212
32228
45652
57734
38253
32897
35177
46336
45388
35189
31569
53881
46033
54424
30806
48541
54341
46361
56253
42547
32422
46353
56580
42063
28420
54110
42599
33993
39979
54190
46249
47597
46466
54490
58384
50292
47155
41334
52914
43188
57228
28326
57327
50195
29862
32050
49471
38593
49476
53469
33838
54695
43517
29171
44452
55450
45982
27938
34410
47317
30666
34186
54506
45990
52451
52503
58422
42343
42286
38671
31820
45232
59697
30951
44953
58827
53600
52571
41403
32360
33529
28094
43915
33170
29741
38286
32859
58338
56192
42059
47228
30707
44658
45449
58628
49941
29535
42821
37069
35398
60068
54901
53953
43870
54019
47586
54613
38537
52553
56122
30548
31738
41773
36449
59870
33246
30076
30473
28592
38543
38259
35970
41382
45835
36204
36819
56445
41380
40126
43017
48094
40185
43742
39119
50840
56100
30154
51007
45102
55605
32679
33016
54161
31456
32680
47473
52014
53874
55859
45453
51755
42249
58431
48495
39662
32517
30209
40079
59104
27834
37063
38925
43888
43879
39972
56134
32858
58988
32333
47782
37673
54455
37827
56509
31738
51840
51762
31124
53124
37686
58009
42049
37461
42937
40620
53945
29022
38089
56695
38886
58290
42431
60227
50169
39307
42874
35005
57090
56462
55197
27989
45501
50512
54264
51429
53423
59928
40515
34963
56690
60135
34834
58104
29262
32437
39685
28546
60425
58878
53567
52502
34303
59005
45594
39930
31861
46136
42777
52979
43306
60348
40223
38826
52783
33194
50654
29268
33529
52082
36241
38034
30645
34143
39150
50070
33499
31188
57174
54664
44294
44501
46416
57896
44803
46792
56117
59060
38439
40317
58413
57612
33510
29293
35161
42516
46498
30527
48466
30554
56769
33169
37843
39929
57090
31476
53682
32957
33041
41528
47381
41863
48473
29163
58850
52723
40729
53276
52855
58169
59834
60260
48284
50513
31072
59688
53941
38235
37311
51480
28989
54077
36656
41467
36975
41102
44547
39855
57926
43699
56343
51819
53416
32839
51369
53064
43998
54721
42602
57856
40264
32080
54228
42997
45647
38410
56765
31861
37786
46662
36909
36412
48261
38214
35181
30266
50895
30746
33632
43927
40594
58816
50966
30965
45689
59024
32415
55029
29741
53976
55581
53244
48400
29891
46365
53559
60206
33151
50472
36060
51825
44446
58004
53683
40468
57533
33440
31702
56921
52324
33217
58037
32383
59950
47414
59484
52974
42282
37602
36345
53174
45696
36699
45464
34615
56664
29247
55602
45345
51703
35015
44774
55712
29739
48798
37510
47312
60650
29939
58453
57975
39734
53197
60687
40435
33859
28062
34602
31345
57052
48412
60764
29536
30211
58700
53853
47398
40664
29663
42478
29201
50620
50626
43802
34704
54965
56817
50108
54179
34068
40588
38209
49808
46678
38956
60079
48344
37961
58231
30694
60777
35440
47346
57895
47125
45735
47895
45522
29763
29962
42664
37236
49124
57108
56642
32256
32425
30212
32309
52317
55667
34949
33171
43041
53772
50061
35207
28573
48916
36486
56808
37145
50238
29356
50702
52576
39612
37302
46309
33664
48631
28600
31551
59851
53380
37960
29807
55329
52563
50912
57619
34674
55594
60035
58417
60030
51282
48291
54918
33759
44177
31555
58394
56650
32600
46681
43032
33810
48188
53366
47837
44781
32682
29352
58959
28923
32215
30624
29808
40452
58871
37392
52275
50178
34223
45655
53390
56799
49356
28512
46544
41855
45365
30407
49461
39681
33566
51262
42679
53058
57727
49200
31016
53155
34501
46500
57470
56589
50631
44899
35438
59442
40699
29789
35132
50453
46570
31561
38097
47052
47841
32140
57870
48772
40170
45404
33888
48327
38906
28453
36244
60410
29548
50731
57325
46378
33966
50290
58996
55304
51771
30171
42896
33585
45769
56975
58838
49587
58563
29856
49954
57805
39417
56558
39399
47351
58263
28488
32963
59682
59987
50644
44119
35649
32491
56241
41813
58120
36559
32474
30938
32756
53530
39246
33023
28555
49095
38254
45995
58597
45346
57766
45483
31083
42364
55119
40964
60127
40227
35028
52615
31389
35474
47892
54951
53792
46308
36360
48008
37063
40591
39078
40024
59097
50254
31749
36834
57800
51295
45505
51296
52658
56815
39329
31377
53293
35027
35447
47884
41028
34168
59976
50644
32701
60701
37293
58412
55710
59967
32377
58541
43503
37205
39324
55701
37568
45502
37960
37218
49774
45816
41042
32160
36643
53778
34778
31743
60316
54116
59438
46504
39215
31869
37868
35025
47884
59997
57447
45199
44739
38885
57932
40684
52742
43147
56710
48442
32176
52050
60510
34471
44551
51706
41447
45329
45118
39027
43929
55323
34111
30872
46652
56960
35239
34330
39432
31143
41745
48826
37386
39800
53911
55996
33481
44655
53398
35224
37930
55278
38322
59122
41617
46296
29978
48076
52041
50267
44045
57339
38950
29965
35486
53207
36456
34875
39348
51767
42211
49021
57940
35485
58717
34958
47651
29613
48440
39771
47398
48612
49489
48730
48333
32390
59687
42269
39984
39640
34112
40231
29080
31632
29896
31998
40257
38026
56956
35202
58718
38076
28870
50556
55134
53868
60713
57210
52846
51104
33504
45531
49983
45783
48322
35110
51465
45046
34409
42144
56272
56709
35987
42269
58342
57883
31944
56854
37553
58903
59454
48380
31918
54673
52729
47820
38070
32401
36918
35812
60544
57214
55562
33301
56936
47577
45639
54521
33902
48427
54431
50310
41090
56891
29196
51684
55807
44677
32623
51836
29813
51176
49527
33106
58283
41119
41156
37524
57572
56178
35148
32115
58722
59437
55550
57393
44585
34898
41382
49787
44293
35851
49681
55802
35534
56162
39537
32037
40683
40884
57346
47193
32789
41315
54254
47403
37469
44492
57711
33789
46705
39289
59187
42959
32283
45719
45060
58456
35338
47018
57000
30293
29909
42623
53510
32290
61245
30562
48779
46215
29107
39058
38348
57812
42778
48626
56685
52016
29901
55553
40001
35374
50148
52492
36018
33441
28595
45987
40804
60082
32148
50505
37141
39215
33255
47727
38856
36390
54870
47268
60194
59827
34142
40966
44052
50454
36618
52476
28602
41480
60162
41511
29059
58448
60357
61077
45203
35217
59187
33848
31845
37734
51278
37527
46261
55216
60993
39364
49309
43823
31906
35214
33022
39504
33012
57591
49697
42054
37232
57833
28830
44124
51461
44324
38269
38282
50333
55931
56732
48198
34210
57664
45136
49820
56768
58621
39247
57985
51181
47716
35278
47717
53927
47241
46310
51207
32637
43599
35644
34189
48081
29728
39393
56532
55004
49634
53367
58629
39155
53542
29334
40553
57352
43938
47214
41086
58739
58849
58029
61002
37107
46649
50595
58607
31983
30718
36771
30848
36866
61173
52909
45843
53175
57099
31051
43543
53393
52295
32441
56808
59215
30462
41544
47009
32621
59462
42500
39218
47854
41644
34965
46002
48985
52010
55907
38902
54274
56915
60926
46434
46474
50641
59324
47871
49833
57873
28836
36558
58923
56381
37002
53084
57913
54379
29564
37783
57562
49172
40541
56544
60858
36039
54992
61281
48425
56094
49752
33953
58470
58866
32957
35925
59166
59851
50609
61306
48688
41114
46515
35232
48051
42411
35380
52361
28730
54741
49400
49650
30038
32756
56000
57265
49501
31129
60710
57856
59498
60415
35784
40985
61093
60737
52392
36611
36805
47563
60371
59051
40915
41486
53825
40246
59696
32889
33789
44182
43993
52132
47493
54875
41450
39118
43124
55756
44385
41609
48990
53303
37669
42932
55548
41861
59207
46762
43657
54033
36487
47289
29035
31419
31002
53718
42006
53304
31402
59534
43566
35500
58271
59968
57323
59514
49053
40842
59586
51034
56653
42241
38210
33453
33633
56357
57404
35854
30418
59540
50982
29226
46700
36221
33217
51665
36749
32600
56570
44365
61482
32212
48398
50674
39442
51729
35570
37878
39799
52496
37106
59523
45226
33384
35480
50699
29478
31546
60367
39644
31184
36198
41800
35316
52861
33535
56349
46614
56501
56829
33461
49949
48567
33842
37095
33169
34236
59264
58722
30840
30336
32328
43596
49518
47871
40997
36649
60152
36988
39643
55807
54550
32968
37770
37815
48151
37313
34856
54215
58801
36377
34093
61198
42065
52057
58256
36351
42160
37157
41715
60930
47527
34241
46107
53783
39492
50132
51106
59069
50717
32108
29936
40210
33764
53315
52583
49467
44604
44865
45022
53254
49867
34113
61521
53198
59281
29976
42966
45216
55928
56019
49363
30619
32556
29249
37743
47517
32556
50866
42566
43292
45090
53245
59233
47953
46192
57544
29029
43164
35339
51715
45322
52260
31628
55222
32463
42686
42884
35581
33005
35088
37392
46416
59785
43254
29870
55560
58669
42532
49231
29471
52601
49677
34222
37432
29718
52996
47071
57055
39404
39585
32043
30993
59029
55143
33307
52991
29713
51619
33491
53519
49851
48023
32417
42788
43387
31960
51670
51999
38462
61685
29141
44198
45731
29017
42857
49700
49399
34419
41820
43792
50532
48148
47429
51059
53093
38168
36001
59556
30589
57928
39973
32598
58665
32895
38739
60117
61715
49676
45644
52621
46984
34648
60389
35532
44844
51913
31228
53705
38893
41957
53261
55780
54837
34235
29696
46127
36452
48254
38213
54830
38013
61044
39459
49627
33823
41998
38733
61165
38072
39769
58807
55642
32245
60053
51879
55579
32893
46626
58895
42799
59102
32164
56090
46050
37575
50271
59141
45647
60025
39139
55856
32036
47736
49134
42869
47269
57222
34446
32184
54772
52433
32646
40895
56207
49772
45043
60996
38682
51196
61231
55369
40031
49076
32246
42412
46483
42371
39111
53243
43226
52875
35213
56713
30478
48342
31871
29378
30652
56132
40005
36283
30320
46536
47452
40974
46387
33236
32955
31460
30801
35602
34231
49491
32608
55381
41764
54507
36733
40143
30653
61579
29401
51588
33222
58745
37237
54014
40431
44722
34601
32579
60796
52863
56043
53252
59299
43593
47950
56599
39477
55470
58441
45864
56705
38357
37434
35499
32630
53758
42538
60180
43527
36445
57171
36427
35028
31784
52703
39002
29190
37359
58099
30569
38522
35628
49644
32749
32035
34331
46825
39196
52649
46027
30345
36260
44630
52853
35574
54428
47411
51726
37410
59067
52334
29464
45392
29640
47615
61373
57815
35921
39563
55070
31522
37792
51081
53993
40444
36331
49315
32553
58634
40651
32863
31843
32409
52207
33790
59358
37787
55314
35493
44610
40939
51754
53178
60517
40921
29923
50321
53857
46818
37451
36168
48362
46015
51151
50415
30942
38306
42598
52460
58654
30396
31500
43934
59037
32770
33650
48705
58038
51761
56052
49682
46019
53263
46027
30899
52203
54772
45188
60368
31291
60042
61872
37891
34296
58577
43998
59125
37940
33638
55750
37063
35744
37124
57031
56496
60065
45643
44436
37095
50086
49344
50986
49603
54200
55062
42501
57376
59219
29356
59795
34566
33140
52822
54761
52357
30963
55904
31669
39395
32787
30160
40051
52986
51800
52460
40676
46299
50328
33020
42940
33719
37717
32081
43675
32768
52042
40326
34623
29387
38980
35078
34552
33145
50739
59342
52828
43158
57473
54389
38715
56833
56226
44905
50902
40525
31981
46971
46155
59752
29866
35742
45908
62074
56940
31211
46897
34576
39841
49129
41443
61818
48231
40972
37787
55921
60065
61563
52850
60926
35658
34582
33370
51095
35338
42680
38229
59786
33543
53689
48101
50079
48894
42424
30147
36088
46482
42135
49875
30013
35300
36550
42072
61686
46435
45765
48741
42296
54502
54756
44436
46724
52216
39502
58617
32492
45682
34373
43097
61303
49232
37039
30360
41159
43965
54994
30833
55033
44400
57180
51050
31949
40763
36518
41222
55815
59617
45113
55868
35093
44841
47506
42792
61425
31024
43554
35585
49225
49155
44185
33867
49886
40045
56676
51533
61994
34574
55924
43206
43077
57005
32834
58076
58377
43216
30736
36437
59765
49289
31601
56841
49487
59282
61707
55959
56333
60828
50844
58456
56310
57829
44091
37265
51845
33545
38113
48365
48398
57626
40999
55338
44195
58866
53585
55058
34105
47048
46988
50861
45063
43522
60276
58549
40239
45130
34265
52042
37024
34788
29635
34023
46651
35647
52147
40085
49461
58314
34860
32350
39612
36360
52082
48133
58333
58343
37010
35316
52901
41294
60834
34934
37510
38645
52042
44326
32765
32633
46468
57512
30578
43696
43423
42134
51040
62266
34186
54717
46517
45656
31823
56970
47228
42497
46046
60863
41401
32051
61452
34154
49812
32392
61147
30232
51642
32009
55804
39494
57601
36678
61842
58904
52811
48295
54329
40782
39852
38141
34887
53619
35535
58972
43602
53847
55189
34093
58610
60096
36352
55935
38343
30557
30544
44190
50110
38395
57963
54759
51857
45819
52098
56794
57229
35588
42738
43121
54168
29941
54120
44976
46706
34846
30537
31614
48955
62127
52561
52147
40502
38000
42106
43122
39884
45491
38687
52409
43220
53896
48481
40758
50193
41519
57034
44381
55548
58067
59184
56503
31684
51573
41692
50813
42644
54822
34284
61797
56340
31865
33526
56764
54066
45112
46318
38837
36898
43606
57418
50177
36515
31269
36707
55967
57733
46793
52767
33782
60264
58605
51405
52257
38086
58548
53840
41098
41780
31730
38272
52154
38372
53405
30157
58223
43887
59262
58150
56559
29905
31532
42265
48029
39349
48955
57659
36298
45556
58289
57546
43981
55384
60601
55697
60758
55973
45724
48652
51455
43738
40428
55501
37412
30132
29699
46878
51445
33396
51116
42728
45257
49122
57887
52179
41142
41618
47155
36783
49758
47206
49103
61971
45835
38228
47521
31555
47871
32105
49939
54871
36613
61454
50299
54938
53324
30859
36754
60465
48757
59337
49704
52221
53227
56156
49430
52930
42099
46528
57203
52104
34308
60387
34315
61761
60376
52196
61196
58285
46019
41243
51715
40827
34244
55641
56327
59825
38362
36721
61492
52813
47128
40695
44124
61996
31484
42311
40440
48172
48125
37833
37733
39310
60003
46964
38221
57758
60507
55697
37987
40085
55883
56770
40787
45502
33891
33090
46328
49368
30325
40814
34512
43708
60934
40837
49070
36159
30373
61356
41647
46682
41083
45365
38511
53896
34084
31264
61565
55920
36541
53218
38156
33732
46398
48998
48875
47465
42506
46674
33719
57048
35269
33163
59471
58052
56422
38139
39304
58621
35725
32914
40226
62356
53014
46730
36603
41792
61422
34544
48771
34560
61733
62560
49264
51970
53061
50704
51379
30404
51683
31503
57514
39545
60275
33487
52631
60334
50017
57058
47953
38189
34397
37377
32569
48673
35062
32850
34672
35964
51306
42219
51783
42646
30140
49298
51703
30742
46856
58822
32915
48662
37652
34308
51258
40578
47911
58435
37777
52929
42782
37057
35440
36248
47036
53761
57052
62539
54082
40724
60982
58117
45119
36633
33457
35961
49834
57856
51466
58570
32558
34451
52851
30632
59589
49590
39632
59837
40072
56045
47909
43335
53190
61984
53327
37382
62547
58011
30195
34904
30498
55129
38325
53155
52502
62594
31402
40947
49686
47666
47375
48868
48736
33916
48699
40899
30239
52399
40146
52976
46911
36823
59708
44166
51584
32391
47701
47678
38089
55766
41574
32913
33216
41384
46165
53021
51351
30767
59672
56394
41512
57009
31087
34861
36677
44939
32723
50861
43593
31094
30377
62692
46835
40969
59068
40392
58485
58751
55786
61962
30151
49595
58910
30526
50241
43657
58494
45629
53353
45351
43237
53447
54538
39172
52627
38509
36998
52167
59171
37038
47212
52883
46270
54881
52045
40073
41103
54867
46284
35471
42102
31024
30709
38992
59137
39591
54224
53892
42136
40393
38453
43634
47351
41138
37089
59059
56546
37740
58570
37176
60435
46608
38832
34447
51064
49710
42997
35425
42907
50031
37550
34112
62306
58233
32762
53151
61176
44307
35219
44578
55051
35466
53154
58137
48184
33619
53208
31047
45763
31985
45754
44007
43660
33562
33596
36849
33598
56085
33938
58009
45258
58982
39491
41240
33812
39085
30335
52656
60395
33996
33458
34282
49727
50504
46681
52771
31118
50162
53269
46662
48800
42182
42237
48091
57972
55315
31289
36161
41082
38876
40141
37431
38147
54398
43954
56738
30709
54420
51243
60554
61379
35864
41046
54885
37020
61131
34817
53912
56291
49622
37824
46907
54240
45233
59964
54556
30645
43332
49102
54535
48019
49996
45133
31301
53549
46849
60196
61027
54381
42742
58791
31285
45158
49472
34727
53273
53387
31706
34371
52096
61982
61512
57602
51627
43499
39547
46367
32691
62005
32501
56100
61900
54513
31789
33466
61386
34354
52021
49344
47845
33509
62362
50074
47289
34750
46732
41420
55185
62578
46398
30407
34788
61223
54928
49666
61216
56360
45036
48205
47015
32222
62829
38755
41495
53500
46407
56254
48079
30969
57955
55471
57007
53443
62025
55981
56862
62386
37443
39918
34130
53946
47039
41780
51916
43494
36854
34026
56609
59905
37579
47727
60672
60054
48374
33714
55409
30748
46433
34559
39771
37482
57810
41752
43337
61297
44747
42888
37997
38441
36527
59188
42470
42444
62501
55603
52030
40259
52161
48095
32055
46813
47330
60972
33735
44103
39382
62265
47969
30393
38725
54309
49014
57197
49868
54308
40508
62549
35048
43730
31150
46349
31254
47303
47572
35855
44856
60011
46148
59430
52539
48395
60649
35365
60407
39469
54275
56024
58454
32033
42351
56635
51641
38617
52521
37098
37527
58363
62735
55513
46183
59699
40935
47685
46785
35278
62884
34794
33216
44165
42213
52599
60330
41622
32191
36671
51667
34074
43452
45617
35006
31890
42275
40970
36742
42691
56698
31689
62076
36548
39242
31331
47378
60245
36130
46009
47864
38770
49630
32711
55428
31016
45097
46110
37463
51880
46401
54676
50238
31130
50427
37434
34646
37043
32006
38798
32628
57226
32115
39154
38851
54439
43637
39517
62127
48605
47974
54097
37122
58075
47883
48653
62541
44541
56601
42755
49290
55144
52472
53388
41215
50773
55750
32475
62566
40109
41887
32815
33866
41175
44572
34125
52148
31181
31769
56878
37127
61814
39100
61173
55081
45360
45491
61732
59875
44203
42684
54542
35211
44798
45675
55184
31200
48628
36904
40956
30773
51111
50039
31318
56530
52817
58492
33219
60311
34398
38334
53054
38882
39622
34603
32909
49075
35737
43612
43891
41486
56028
31771
37160
38049
31635
34594
42502
48295
46879
33830
49541
53004
31946
47892
35433
39890
53153
35227
62266
59571
50818
45802
56053
57096
53877
56507
42497
37097
48959
56720
58212
55702
41525
49212
53815
40213
43855
41126
56151
43805
35965
50634
54110
51507
60222
40192
39122
43027
36974
31361
58012
51281
51807
49959
53947
37440
46380
58228
41273
42259
56650
47062
62302
41282
61536
51753
45861
62000
61529
34942
31468
56074
40119
55579
59759
51954
34346
44995
61943
48221
32865
34871
31951
41913
58912
59900
60408
45396
58259
55647
55325
60025
47842
55735
39369
56796
46853
58602
62168
30519
49370
31794
60460
46646
51828
46625
48033
52369
33974
60899
50754
59255
37665
30660
37565
43059
45547
32497
49172
36874
33361
61571
54422
58210
61742
38841
30990
51242
60363
53125
62522
41845
55033
60747
31358
31336
31837
51429
42458
55895
57868
34282
43546
35883
49240
33328
39244
38663
35305
36239
52343
54827
47631
52968
50314
42520
56662
31334
38803
60660
34907
48388
48689
33329
45279
33104
54604
47466
40218
61806
43011
38029
56657
55903
38374
57663
33707
54404
43366
50556
36417
54621
62089
32638
46964
36503
31203
56545
41091
48710
57281
44292
35421
54383
31655
45746
37043
37321
36861
55554
39762
33732
58885
44923
31152
33227
58896
61820
56516
36806
32754
40155
41755
51684
30643
56269
43817
48535
60039
50694
40925
54240
40960
48417
62328
45260
31619
59457
31902
44095
41465
37625
59821
51184
42950
62313
32335
50869
56063
39850
53067
51457
32215
39533
61601
37546
34139
36574
51669
56816
45152
46031
33931
57276
35513
42514
51540
57637
45229
59942
48840
37432
59048
62743
32469
31225
55600
48287
63062
42917
39195
37521
58087
35130
43007
53111
58104
35641
43243
36986
52257
58795
35156
35971
48053
47714
46674
50336
38298
59521
45581
37801
58712
47423
40305
57635
54639
51687
35370
31588
45294
55075
43212
56568
41793
52603
42833
57668
43595
49945
54217
44137
61109
48847
55117
51820
63109
61531
40245
51603
58866
48617
47755
54290
49782
51929
59839
36070
60454
56259
61083
46082
49471
48056
63098
54697
40961
34507
51381
35099
47808
32208
56159
33395
62008
51044
41010
31696
43553
49710
40392
47539
52227
52324
43279
44712
60492
42128
54007
33321
50592
51092
56941
32447
32368
61419
53901
43882
60622
39475
32019
37955
52351
45800
30995
34400
39762
53619
36331
49912
36785
42083
31349
60871
56694
62202
32897
47796
48384
55275
50306
40626
59525
39266
54663
34788
33705
49733
61805
57604
41296
57529
55635
58373
56241
36329
51791
32759
45741
41731
61023
54828
42078
49026
55715
37529
46066
33971
59337
41854
53946
43634
36296
37962
57214
53557
62417
36793
45076
46413
60290
52543
55600
42856
38494
60841
43134
61017
53370
35586
34030
63004
45944
32691
43344
61460
50617
43247
60704
51352
43471
43086
36771
38318
57905
59576
47411
58134
32051
60037
42710
32651
48437
39650
46102
44869
37146
47735
46861
59330
61692
38727
58048
30918
62237
40407
41902
50849
44321
34194
43688
31152
46459
40044
39394
50982
55590
62918
34891
46860
55701
32913
53018
35719
50924
51383
54697
44378
51824
59318
53127
49579
62780
59534
41161
52490
59191
41694
56480
34735
57922
53578
37425
50947
40374
59167
56224
41059
60941
59706
58222
43296
38111
52774
54278
63434
52497
43396
58770
51886
59209
42672
32275
63389
35492
38561
38833
35055
60844
38161
57679
43976
39812
35038
52579
54170
39270
33713
33541
46827
32848
50397
58694
35161
57081
58250
42178
38619
63498
58386
36729
42057
45195
48299
37594
47391
49819
36167
42017
46718
34917
36536
33507
57203
62287
32024
35303
46716
33652
33128
33336
54344
54101
56951
44152
39871
35787
58629
62583
61250
54337
62249
33541
52020
37663
33520
41476
59833
37513
35911
42689
54205
56650
48667
54916
33593
59403
53950
31077
31409
56009
33677
36706
62978
36486
57296
56239
39002
37694
35553
47693
48008
53788
42385
62430
50294
40942
59079
33720
41203
54231
42858
33848
53942
46659
58753
46424
43936
56352
33433
53636
40770
49740
49511
42154
52639
48457
50863
39313
43827
37176
41317
45419
59956
50693
40465
39341
35095
35807
59768
54302
43606
50155
50808
42286
39281
33081
56116
48266
41267
38391
55665
52205
38710
32996
34368
32825
49321
53000
58590
37062
62545
50595
35032
55546
40398
59491
54130
45082
34336
45017
41034
62303
34153
33838
42297
63053
33268
53266
35194
52544
57463
49142
63502
42568
51605
33147
45406
42038
59559
38698
57379
61431
34748
37989
46467
62497
44254
54685
36988
63180
40088
35014
46214
34211
58805
39432
54132
59451
55881
55480
61084
36003
39414
59526
54071
41532
37224
54008
46603
54986
37666
52503
45639
59852
60797
34152
44974
35337
41453
36381
62455
45420
41351
46989
58228
62225
45760
61154
46323
61344
58488
62737
40162
58330
45623
33296
46006
34161
48566
43075
39821
41501
49569
35895
43281
46316
41371
50322
37792
58842
48003
63050
61611
42913
56821
33046
32348
59346
34836
53282
33148
34085
54919
41735
47763
32781
49602
58106
46673
39312
37255
55363
32044
54358
43436
54258
58955
35840
37918
41421
37283
38587
60454
54924
52576
42260
36587
52809
60038
54286
46393
61234
50392
42353
55936
33921
33273
53862
38176
50606
52177
44097
50147
56802
35378
32670
46283
34736
57275
44463
43279
37120
60925
61396
55904
56139
42205
63852
58736
44046
41273
60396
48565
57720
57039
53550
36459
57190
49498
36875
44248
51346
47357
36651
32723
55303
34277
64028
32903
61145
57131
56482
47221
43538
33015
34894
57528
38127
58859
63570
34445
52045
44991
42900
55570
41054
33576
36097
33870
40352
56063
45604
48498
60944
38559
38903
58462
35227
51087
56825
56935
46293
33377
57216
36440
43245
46809
47953
36278
63457
54098
63854
35657
33006
46942
49967
62167
35147
47533
57748
49715
52502
50480
62938
44919
40079
53629
41036
33933
55684
47734
35164
54260
59660
47909
33010
60096
60792
36843
43012
41955
56455
33754
55399
32940
50649
60767
48869
43661
56742
56868
56207
49697
40880
35380
56404
40813
40566
43617
34259
59239
53931
56803
40558
39604
32486
53057
36768
33206
31643
41077
45456
39366
32586
57931
62694
59326
46838
39690
57053
54203
49881
41046
35737
61985
60246
51285
43708
56799
41519
46609
43572
34804
41976
50461
33622
41010
52684
55420
56881
31553
31550
37054
32540
39400
32914
44396
45714
46472
38190
40358
43840
62953
49739
33803
34395
46137
43504
45529
59959
61266
47649
56661
62230
54588
41044
38766
57918
34291
37156
50333
49998
62314
47177
40207
31697
33487
58568
63494
63764
54033
50535
59005
61493
52384
51556
57611
58493
56948
63846
36105
59375
35920
56500
56567
51745
45640
48805
36892
43339
41345
59480
54637
39326
64056
41636
38320
54999
59141
37970
43233
46099
40289
53386
64213
48613
51047
43404
58141
49830
47831
39841
46125
46348
41312
58448
50622
40190
63007
39380
32368
35495
31843
54990
41140
49098
37811
52792
57065
33621
36114
56218
64197
54072
58753
58240
62455
59511
35270
38955
35338
49534
34668
63111
38285
42678
53003
36701
31857
56661
60361
61642
50610
31866
54305
50160
36922
39033
47075
62187
61698
47219
61308
60166
31866
51755
61560
53039
32555
34836
60229
44713
43418
34223
63034
37889
45936
54803
59863
32835
47577
32973
53839
42605
56618
47339
39491
64292
57798
35412
53969
60582
55362
61787
48333
55040
37063
37011
63310
34945
56760
63716
63341
60014
59797
47070
44361
41463
42016
41038
64079
48490
35518
33039
56504
49575
53279
48675
62546
43988
42785
32770
50308
47954
46322
60722
55180
38895
61045
41496
42764
43101
58600
56078
60869
44259
50627
33974
50850
62034
37347
42637
48376
45371
53223
56259
45580
60767
48603
52810
48086
59751
50708
59437
57604
33493
47962
44835
54850
35387
41037
32356
41145
60330
32257
37563
49621
47982
36332
40156
53324
64248
47874
52729
41564
43548
48670
37520
60756
63613
55716
61319
32341
43845
63588
46458
61530
35609
46018
32340
33654
61004
34068
43292
63837
45906
42572
51218
39718
49016
58839
46331
52303
54739
61893
49081
52994
55926
56873
43806
40342
54760
60099
60418
32089
52438
52188
56979
44685
49156
64114
58861
56752
59529
53141
43499
47617
33852
61201
59196
54591
50794
50509
34233
45236
49354
40051
59637
39794
55474
36049
44822
50653
40074
52352
53732
44649
36226
41539
56864
52133
45440
32689
46359
38777
33116
34455
35959
57259
34640
32152
41056
32680
49578
63510
52158
59266
40388
46422
64215
37941
40758
64222
44064
56622
34634
60962
62293
47886
37041
45408
45768
60331
37748
51145
32506
38743
42285
34017
57448
56166
35190
35624
59303
56810
34466
40442
51123
52929
62123
51892
60037
63954
35948
44312
46051
52883
62736
54003
59004
32975
56779
33532
57140
42662
48584
60160
39613
63445
42082
63804
47463
37431
64406
58635
62777
59276
52920
43713
48704
47226
59750
32470
61735
49361
58043
64583
56328
63763
59588
37433
34178
37172
57400
62687
59916
34974
44131
38303
41864
34680
45924
58992
44828
56616
62104
60551
50493
51222
46934
58930
63500
60083
53213
34820
35814
37307
51338
38194
48694
44983
35151
55101
61070
45509
59232
47313
56823
37275
32559
34798
63621
51402
60059
41797
56622
35136
42852
38629
38875
57105
49635
60438
49600
40823
38904
45189
64489
51479
51267
63650
63510
47493
41367
57671
33737
56331
42667
54426
51613
46502
64019
38452
48345
62034
50799
55939
58181
55175
63203
60780
61757
49156
54215
44085
60419
33995
55199
54947
50778
63341
53325
64351
43856
53639
41093
33694
60251
48525
46466
41473
49063
56518
34039
43194
55215
61080
42825
35569
58635
32006
57851
36198
39304
45687
46698
59991
52094
48313
51386
60580
46174
57669
45840
50737
32139
42693
39169
42380
36715
47059
36683
52944
54973
58116
43971
48073
62509
56357
53647
34648
35365
41668
36245
43033
40167
45555
38707
48708
47321
56648
51505
63697
54047
32552
42740
54752
39023
56389
49652
49751
40481
57446
37744
56525
43398
39015
40544
57255
33147
36224
60843
63104
32318
58826
49818
33487
52096
60926
34700
37827
37051
61568
56044
38258
62405
32157
50785
64307
43430
35089
63044
59720
35239
32973
34135
41409
54955
49399
45236
47260
45762
35121
34819
54065
61692
55070
60912
63182
47483
51746
64733
43678
46028
62570
41939
61647
43896
48429
36799
56051
58069
47153
46299
48551
34850
38544
35946
51059
32979
38076
55976
32498
32554
35265
37121
60467
38407
64458
41089
61790
48897
56807
53388
38555
34485
56077
60879
52527
54110
53855
58742
60904
63911
59563
41119
63164
37821
54072
46095
52141
52903
49087
47140
32496
41434
32183
56587
58445
42248
52437
36659
62409
63546
62676
49154
49027
61982
35442
42694
32988
34978
34235
36334
32986
42945
36233
32890
57295
60061
40012
60336
32821
60111
57863
35089
39133
39419
34715
42123
45641
55719
46920
37616
37718
50509
36465
60583
57629
58030
56479
57506
63004
44138
54217
45967
46225
43726
36307
48979
55335
36589
35668
34484
35540
33778
36764
45397
49410
43700
32246
33768
41197
62347
39978
43167
63820
51811
56902
56291
35635
51470
40862
53577
43832
58335
60690
58562
32213
50292
50319
60434
54029
50899
60889
48259
58706
52409
53383
47322
32679
56110
60239
64394
52994
46685
53379
61736
58100
61347
52188
63263
41355
39398
38263
53925
45688
38952
46621
37869
42349
47707
32967
47518
55241
40055
50529
43141
56695
64459
41167
52102
61715
63120
36398
61401
44879
59844
40284
45427
41366
57654
62138
35777
56303
52701
62512
58012
45603
63085
51058
38778
51234
54828
34178
32481
33187
56834
51063
51746
38155
52176
61564
47427
50576
35843
55579
43325
34974
55657
49084
53864
39545
36675
41576
52019
50725
57755
58835
41752
58499
61400
60826
43471
54972
58767
35273
46786
32738
40348
56736
33986
33237
64370
41879
62968
49508
61103
62111
54302
62901
54516
59563
57583
50919
44531
56943
51931
49141
54729
34919
55808
38878
47503
43292
59734
38403
47659
47267
32809
38352
45420
42342
40909
60830
52567
37415
39309
48344
46523
46401
32996
58717
45068
48433
36336
46118
46445
56918
33827
64809
44815
60917
61756
44669
52410
44672
55413
40638
43433
45336
40446
39603
45979
61520
50859
63022
34855
34868
57322
42036
48208
44938
41975
39518
49753
54871
44627
33663
57819
36261
54386
34183
62996
40068
63155
40616
59010
58959
56726
56759
36272
34352
63274
63956
33361
50150
35012
36173
63115
50630
43254
63424
41365
41984
38335
43904
59268
49444
47872
59962
45922
35813
64815
46297
46977
36380
40015
62118
34830
60688
49952
37812
50153
48884
38547
45691
49076
55729
55680
63683
59179
32486
63643
52164
51379
35117
37541
33675
32565
65185
53471
45471
60972
44189
41924
47845
33789
45254
47095
51393
63112
37707
46971
54654
44540
54891
43810
55280
53743
40760
36936
53847
44206
56219
63168
51335
55505
35225
47887
57670
60691
33748
45272
46838
39521
63317
53656
39796
61489
59016
50068
54079
47893
56712
52495
35805
45456
48029
34751
37242
58152
46596
59522
34771
40380
63470
61262
43602
48408
33738
37734
55162
39111
47559
49108
60294
33832
42901
62483
44621
38085
34156
56588
55401
41695
33872
64068
62360
47182
53651
41811
39522
57736
62363
33176
56061
38143
58342
53803
49517
42160
35402
33811
52463
60920
64898
34489
54424
48042
44262
56477
40762
36448
55162
50760
45703
48910
62506
39298
40313
45021
61268
39108
49649
32566
57735
57072
57758
61724
41867
45888
61984
33472
58273
55676
64621
56399
40971
45681
35700
38159
43727
49310
60929
64938
39609
58672
53217
58570
52639
59697
60998
35301
57320
42748
60269
45659
48463
59380
34173
38078
44773
51829
46259
36464
35413
50187
62652
55156
58988
37858
48482
43134
63705
47486
61035
34636
33073
50092
45758
44345
58678
35769
40648
48144
57944
45281
36382
46366
63612
59402
33892
59019
61949
62387
38253
49898
44272
55335
39075
55054
35245
40950
43946
53791
41611
50341
51264
54254
45290
36773
61800
62854
50039
34690
48071
49156
43435
48477
46414
34216
47253
36508
61465
53547
52442
44768
46231
57171
44538
36407
40684
54982
46804
61332
43923
45596
59245
50044
63304
36919
50157
39681
46629
57047
42218
50932
42507
37737
56553
63319
32835
58912
55074
61201
44645
49991
37764
40933
50809
59094
41977
49829
37469
54851
36587
49059
42599
44186
47879
64361
52042
60624
51265
56234
48958
52821
64024
39032
37467
47080
38683
44470
41542
56495
57772
32977
63760
44935
36356
36523
37723
41113
55671
46552
53695
55598
42745
61709
39276
59844
50402
38357
59408
40544
49134
60294
57083
60711
59272
44660
35201
45864
59208
54116
58015
45949
39354
40772
56802
35986
63585
59161
63365
38852
52475
35896
36825
59182
34823
35001
38378
54719
57477
41001
50528
56720
41213
34943
64419
43125
50626
40785
59459
36563
53368
65352
40086
63665
62676
35282
48803
54545
33443
47382
58174
39808
45326
52781
54133
35820
44828
44943
49451
41142
40312
35787
44803
59144
54645
38012
36736
45417
41295
58744
57194
55438
51636
60490
49011
65139
40066
58339
53530
34731
53459
47244
56016
48885
60471
59423
63321
55055
36160
45687
54390
48847
48964
44581
50369
64367
47966
38244
43224
64809
47798
57168
62397
41475
48642
63826
52861
56045
61005
46303
40720
42761
64247
48482
63105
55626
39166
43638
43599
56384
34683
33369
40210
59442
48496
49309
64097
57198
42176
46369
59892
50397
34431
53056
65030
32986
35948
43336
57597
59460
64444
59438
34381
47570
36122
50048
58010
34215
34283
51610
61213
45863
63190
46109
64584
39176
50052
57501
38829
56236
55204
49562
35100
34222
44339
56242
43787
36539
34810
41748
41531
50339
35416
52536
47257
51887
34625
60110
57187
41782
46471
56820
40075
63339
43096
32939
59232
37241
45321
36748
47211
48338
36369
44215
53399
32963
35673
36621
64406
59725
63411
45471
53631
53808
37799
38757
48060
59464
56694
63284
49443
54556
56921
58346
56675
51381
56586
50412
59298
54700
39301
45778
52324
54151
62992
35936
40623
47942
45433
55224
50285
45624
38559
50127
49681
46867
50483
56862
59773
42308
63424
53402
61475
33412
60137
48101
45163
51884
51699
33222
39509
44490
50307
37847
38752
62580
45480
39549
58794
65116
58395
34845
44632
36645
37830
60557
56120
56693
65668
40137
61349
38988
45608
33512
59564
54932
63936
43598
59501
42233
38939
56354
45251
42490
44424
57347
45351
63552
55009
46326
43985
55087
39880
54947
46625
43452
37425
58050
38974
62334
56097
45776
53245
56327
56500
48646
47876
49268
56677
55179
44079
33603
58506
40169
61490
36453
33822
43198
34176
48020
61379
56756
35692
38631
34055
56754
44174
44964
43239
33108
34921
60245
40594
58265
57418
36638
47983
54748
35699
62285
40032
53254
63097
38195
49225
45313
45547
64307
43980
58224
54324
40728
64087
47773
45763
53931
65633
39858
46697
53894
58096
50989
52994
64291
51295
54926
51799
54328
34398
49746
37443
58951
61754
33829
38421
36464
45151
43348
58166
50315
48155
59777
45324
34675
59556
38298
58397
58276
41565
62220
52344
51209
48981
55091
41809
40207
35344
38677
35819
53758
59787
40785
39867
54409
51834
51282
44490
42660
44500
47816
34139
34453
65681
63577
33742
56654
41139
56467
62916
59130
45955
43558
48004
51670
45341
63568
53405
36674
51502
38040
63181
45848
34045
44223
34850
48444
51880
54516
46175
39284
42416
48711
44449
41338
63672
45408
34882
36176
64650
41329
53758
48596
45147
60265
42068
38292
40784
38251
46639
54243
40769
41598
45254
42541
60604
52870
52161
58247
51277
50803
62621
42634
63740
45240
34129
47458
55320
39422
52786
34850
51763
39450
63252
36186
51566
50493
64434
60652
58615
48491
51024
45339
55759
63535
45982
56805
43217
35980
61152
52883
52720
40246
36172
37262
64704
45827
51635
46708
34360
39836
47460
49771
52150
41080
63310
48822
58179
43531
35428
38278
53528
41786
35654
45330
64098
45331
52509
37097
46403
37563
36294
51591
39449
48551
61748
41511
64002
35343
52239
50393
40608
33696
65953
46292
46873
45682
63731
65293
38498
61497
60723
55561
42686
40383
40281
41455
46721
52370
40715
63969
33306
45305
55485
58252
40784
61485
59164
41982
44492
40646
61869
54456
61656
33652
45745
56325
46694
61935
46669
49034
44884
53809
38119
34077
40174
42978
44243
38363
63413
44564
40751
55156
62303
56112
37899
61386
33822
57648
35278
59067
51493
65039
46036
39482
65641
45182
44124
47269
59300
42201
64930
46418
44704
61017
50760
60268
57010
57483
64762
58109
56196
40193
38738
60491
57624
43335
38905
34152
41738
41240
51216
48645
61718
55506
40910
36231
34009
33832
41578
53085
56540
46359
45371
55696
51406
50971
39454
57755
35601
35490
58648
41854
45945
50369
42300
65294
38736
55078
53455
65423
35485
42062
58539
65924
48805
33784
55009
60102
59827
56281
40098
43220
39957
45201
51040
59754
58983
49886
64816
49493
46356
36111
53363
46469
34073
46268
47797
55908
54796
50357
48853
64870
64861
49976
63078
36065
48861
63591
36438
45600
52860
63736
63181
53683
40791
51503
51800
58888
41970
44041
45127
59456
58305
62139
48724
47931
35310
57434
40325
52469
53590
62940
63059
57878
61909
47679
59403
49092
62147
54024
36725
42940
34494
65775
57524
55969
54442
54489
55405
38035
53751
45318
51243
47108
37410
60044
49666
39623
44927
40708
59251
43370
45365
37507
40848
54470
37514
43468
63584
64980
53089
54467
46981
54211
39424
64805
56860
55367
40471
52599
41957
65075
62718
58428
44452
38474
44863
51051
66247
65106
38740
44064
34376
50795
37298
59026
63189
49311
48646
38469
47663
44730
48574
57985
63440
66140
50123
56066
50896
58188
53669
53489
62217
61455
50576
48147
40314
60602
40479
65601
48105
54276
38646
42776
48076
65183
66259
57841
52330
54473
34512
59411
37950
48670
39650
34088
54684
50096
62374
60398
50839
39001
47453
41263
40993
64336
45108
37619
43124
43259
46538
45044
48305
52740
47084
37714
40391
45231
34979
39048
33943
33899
45936
60319
49494
39847
47062
59810
59954
60390
52505
58705
56632
38934
37702
42009
39285
62749
54643
42820
45915
48310
49480
38254
59495
57979
47038
55352
38401
48962
39719
49728
38820
34477
48751
53584
53310
47869
55713
57557
58074
37671
42924
57491
56956
34602
37224
58264
57676
63135
35284
39790
63223
40338
65442
37781
46675
52112
34805
49456
57922
37121
42601
47871
37336
54969
54868
44429
41920
37833
47435
57259
65755
38299
36584
56092
61995
36414
55755
36242
36336
56574
54751
62938
65552
50488
41950
45395
45500
34668
52760
64932
37969
37012
35440
66222
37756
46004
56743
63680
62114
41395
33757
65290
39295
37737
49748
46677
37901
55801
34424
62449
51623
51553
63004
41198
44910
45391
54535
39311
63980
55351
58287
41211
37367
44194
39748
48438
53464
41161
60144
36688
51117
58466
55902
64476
38412
61626
46457
47012
37865
39684
42358
35995
53946
41200
56084
60179
47576
58240
44578
39728
49705
50200
54850
41629
38140
55252
41198
45693
37428
58653
51384
45477
65961
57215
53718
46856
62411
54709
36829
34930
38281
34310
47309
61818
64369
36053
43342
34482
43032
57715
48697
43296
53692
38199
59226
56818
43816
35025
55157
52845
46040
35803
62854
33831
54110
39601
62285
46454
50180
44675
44298
46632
37043
54184
46726
57460
43539
64053
47442
35377
55028
46287
34899
55878
66541
55741
35967
37474
46658
47681
61153
41197
42507
58409
41955
36670
50067
41377
48076
40974
44031
43851
40072
45612
53552
49298
34984
47987
55530
39483
38825
61434
63285
60220
66425
59786
51203
58322
61239
58197
60436
60110
35642
56804
60695
65839
47702
48978
44306
66550
40026
50104
58627
49206
41437
53736
63176
36203
36155
34910
38460
57868
34010
38515
36259
38500
39602
46548
41288
51613
60684
55347
54884
40222
50313
56636
41282
47639
54119
58571
48801
54617
64000
37212
48218
42348
46227
52931
62786
65243
38471
61725
33874
35539
62829
49158
62213
52204
44294
49676
42754
58695
38789
56420
54011
55257
42710
39644
61141
43526
48542
46097
64265
44402
44485
40418
37706
55060
65586
50724
37992
56716
59861
50071
55668
37302
37355
37657
54309
42367
36221
46362
33914
54519
46122
48976
37793
42408
45607
46764
38424
45095
64388
50572
47378
42984
33969
41522
57116
38230
58432
47477
61440
63011
49644
61878
57321
47069
46811
39446
45513
49347
66336
55782
63736
64214
48260
46176
40478
38195
55942
62612
60242
61343
50080
38308
41859
58468
49100
64308
43287
58460
62535
36381
63443
39243
52373
37217
62971
66161
62661
50020
57530
48992
51446
40793
55235
64780
56858
54010
52281
47393
34810
48252
54989
53145
65659
33986
47398
34445
37919
43473
36485
35915
63438
36228
61353
39850
43991
56448
36336
47770
36914
57707
35264
50943
36360
39001
34853
50624
64116
38535
52155
43034
38540
39500
54479
64315
53403
55116
52417
46604
43697
53999
49324
39246
59998
58642
61257
54760
62906
45308
44561
60799
65960
43667
43426
65864
62812
64463
34148
66330
42779
56944
40556
64712
54850
48620
62881
57773
34442
46508
34077
40584
41098
49015
66774
56203
64382
42543
57981
42158
46150
37051
61606
60489
62898
47428
37162
39906
38396
42148
57033
42819
44438
60955
39444
54736
35622
64324
56715
46616
43216
44104
56578
61354
34483
56402
46153
59178
36534
50755
35083
59556
58756
41382
66551
52255
52437
35814
58654
51318
64240
37310
47004
59491
35693
60658
59515
54749
60736
51773
50388
61348
61939
43914
41783
56602
57907
47719
48205
37972
48014
40630
63164
34417
64379
44453
43595
58922
39835
66785
40519
48299
41790
58887
50981
49313
61993
58972
34664
41877
43159
50877
63430
51576
53373
34777
64134
40575
44050
36509
40492
65329
52623
60656
37720
59070
56371
41633
47596
55186
43659
60061
35181
45610
66032
59494
55468
60966
51025
51648
51365
59808
56627
45230
54951
49853
59125
63900
55733
61313
53593
45534
61229
34792
50240
53849
39591
63026
57781
37504
40224
65918
63021
59267
51032
59034
65037
66498
52088
62234
42093
60040
53752
54951
40732
60406
54720
40602
35812
40253
35725
36810
45839
41233
55447
53921
54057
54362
40049
42358
55816
45868
53808
35094
44810
35321
52431
39844
62110
50949
37586
38308
55046
65563
40234
40274
63067
65663
64857
58424
51665
62243
44758
49919
42556
64797
38835
51078
57811
56409
64637
59697
34612
56971
60260
55172
47529
50280
58011
38640
44714
58646
46594
57324
57507
42465
63491
62536
57079
39471
59833
57022
57156
57270
46680
53451
62441
35564
64969
37565
35781
47039
62100
47628
40770
37511
36611
39405
44690
60729
42373
41509
62777
46301
53328
40987
63180
56130
66634
38450
51448
35056
52010
40277
48837
43870
59610
66772
55580
45925
61472
42094
41096
38901
35454
38063
52281
61703
63319
49532
55886
48850
34386
35564
64852
45378
37124
59481
66313
66470
47049
49591
39014
49321
58866
62245
36573
66179
57638
44738
34528
66416
59394
45250
41890
37473
41987
63937
44065
49138
62118
66390
48484
55197
51661
41708
61953
63789
47973
36557
41699
58997
56390
47488
42314
55617
37466
63317
43539
62861
36354
41534
41530
44021
62133
45024
52381
41069
62187
60906
53507
59698
58169
55462
35932
47617
35005
49102
62027
53126
42684
44448
42977
44823
36746
50228
48044
36514
48298
66830
40688
63716
45623
46832
50228
66012
45442
56817
34560
40832
65277
63955
49382
64174
48984
65170
44991
52325
45033
47929
37175
39733
48721
41721
38796
60660
50013
44156
39826
49331
58666
47991
45051
58608
58509
51327
63957
65038
55729
47901
62036
53506
41986
43556
62930
42574
37194
63042
50196
55603
65562
62166
54735
59170
65900
37121
43882
37749
48518
49408
63750
62300
40994
64953
54204
63002
36811
46739
50213
48497
46218
35723
57888
55898
37314
36741
56783
49658
63321
66783
39395
36562
36376
51276
47898
57910
66389
56800
53509
64000
38863
54375
64527
52869
38361
62203
46267
52424
62139
58582
38957
65774
40789
55140
56812
50418
52229
48796
56038
51098
41931
45969
46517
65450
49835
41284
45088
57175
60243
46013
43493
56318
49150
48474
49334
40470
66200
67174
45441
60772
40995
47853
57076
44397
35673
60111
41281
65073
43667
53268
49950
54550
56553
53119
53264
41507
55963
59238
38890
54638
62640
65729
35728
55512
63452
54912
55041
53751
46759
59170
56469
49236
65228
42115
62851
52183
64991
54773
39845
55167
55603
57491
57472
44118
64763
59858
54655
53413
59055
34905
51583
57188
61106
63251
65424
62452
54577
65154
49914
65041
38478
34902
64639
37378
51582
37182
44256
35090
36911
60670
61603
67140
55215
37058
61714
45891
62025
55217
59015
51608
52145
62918
36839
48159
48290
36059
50029
38076
49605
38919
64681
55882
39381
41258
35784
37588
36609
62662
51733
46600
61329
51217
63424
41960
63949
66888
42718
62403
48922
45637
55218
44900
49767
42324
43563
52873
54727
64579
51373
67223
64351
35256
61461
49803
52611
44231
47351
55092
45596
50884
67113
51104
56653
50006
48262
44500
59222
59085
42988
39871
63928
54966
45447
34929
55194
37036
52050
40329
50539
50033
46298
63724
37833
48701
64838
46781
53665
59989
59028
55177
59800
66272
36389
54977
44714
65270
65148
66926
39953
57851
36419
64800
52329
58923
45198
48935
60433
46453
39524
54278
43732
42125
57724
65317
61641
42045
63556
56006
55927
56572
43815
61498
49213
43201
66320
41045
52466
57113
45354
61471
59336
42872
59371
36300
62838
50636
50512
41455
46230
38232
45674
49386
47435
42432
56345
37033
52264
44640
43288
63120
45133
52194
53561
57777
38099
48144
63986
66883
46443
35814
64537
38735
60993
60396
46828
59309
50983
40643
37972
58159
47599
46589
41579
55068
47128
37170
58939
35040
45998
54095
52169
62977
44907
49714
55122
53333
39458
50292
64468
35443
63838
61830
47824
34919
42822
59392
61774
51370
42947
56885
63011
39249
55525
41227
60783
44420
66179
62730
62825
42802
35106
36274
36959
59651
51224
36626
61432
50318
55026
52630
67005
55501
48658
49185
64727
46285
56989
55387
65818
37546
37268
46413
63299
48827
49728
58411
35454
65290
67540
41840
45868
36615
66126
56368
39650
66429
65182
50602
65973
43716
42506
59166
34997
48441
48337
60382
66999
61931
46094
64934
50264
52119
37600
39216
55358
45527
64200
37124
58529
43670
52050
45710
64778
51143
43256
49522
66395
40278
60227
48420
42768
54111
46643
42163
59844
43167
49889
44261
52471
63784
39779
40073
36110
40280
52720
49929
36251
46347
56132
48447
56031
45840
58438
64649
58510
48346
56041
50208
54737
45688
47696
37029
44689
62152
35381
40445
66035
45031
45451
65375
65055
59371
56418
64939
41286
54741
63756
45054
49123
61121
36990
66179
49217
48992
65016
40844
44861
48552
51689
61153
37453
58058
44045
40791
39617
41317
63704
61093
40521
35833
65047
41844
63672
49054
37589
60853
47879
59126
56955
41271
52125
59744
39740
65145
56269
39534
55216
64957
54945
64922
64447
53341
44246
62004
38081
35938
41511
56223
44259
46675
65487
39357
45517
40267
53321
58792
44674
48462
67674
59043
56455
39901
49489
37712
53319
53960
59534
45859
50358
48452
67649
37910
51765
64317
36212
51358
56502
48878
44876
66014
42272
39086
56203
55835
59893
46349
52314
41841
62258
49439
43846
36548
58742
59672
58760
48889
55399
42265
38281
40037
44113
51274
42405
64645
58129
67113
36911
61936
65586
57890
57526
55435
46165
48479
55943
61948
55254
63201
59507
42593
63660
53712
47571
48449
65425
38415
45257
41666
45156
40724
67016
36125
35275
52471
50262
38480
51228
35784
66832
40467
36734
58662
67823
67596
65867
53261
39371
43590
49337
45808
54301
65504
43706
52232
48649
62466
50464
62443
53148
55573
43269
61024
53330
57396
60522
48498
44507
42205
53022
43715
45086
41197
44770
64291
44671
40139
67274
65633
43613
61411
64998
64865
62175
42326
51490
36975
46577
55535
58475
38867
41609
57434
59155
50342
65583
38032
63351
53220
57276
53142
41439
67010
51554
62055
38565
39745
35820
67375
37786
66051
37191
54201
64677
44637
56386
61483
59309
66479
37778
46577
40889
56048
48665
39671
58198
55181
37992
52507
57914
65140
35714
41442
48678
50027
64738
44649
37649
65703
36800
39839
51842
35994
51089
35506
48702
57868
56269
40391
60963
36461
48372
63726
52564
55914
60115
53077
60054
57534
65540
53436
63482
67403
38580
35624
62909
36457
60072
38108
66668
43646
56450
37509
41547
56271
47681
60853
55288
63637
61704
53138
38988
40276
35872
46032
55170
63336
42303
42972
40347
40416
43531
35418
38912
60560
39642
57042
61034
38242
42684
35238
57087
56301
51387
67656
58814
44873
51809
63913
62236
38433
53115
35573
62959
41225
53021
40061
48268
55058
40422
45813
61740
53404
60805
67807
46485
62572
58748
54343
41462
35583
47396
38065
43794
39965
57074
64848
45984
51889
52472
53112
52466
41687
57007
47446
60118
36407
51187
36063
36538
58002
47439
58118
44563
48794
39291
65330
55295
43271
63523
67311
56872
42471
40426
57827
66796
46645
56751
54789
65212
62894
35599
46089
46786
51936
47659
43038
44743
56708
44203
66268
62547
50957
36867
36472
61718
45441
61684
50235
39558
55432
67670
63026
50378
41155
50454
49446
40151
47454
46971
56014
36313
64489
49581
36932
38356
65123
45431
67766
52619
35736
42828
41054
42913
62894
61064
61364
43774
63226
43769
53986
44148
38168
65438
66936
52130
47674
37550
42593
46873
63680
37596
47126
64446
44297
41434
61713
58224
61833
51228
61573
42730
39196
54750
43852
63210
41882
54632
42272
41107
57516
62097
51727
53519
46302
64386
64553
48250
46325
57020
43388
44027
35714
51805
65090
46900
56503
53406
67416
44253
40058
46497
55538
61099
35512
51818
36238
50295
51708
63787
45350
60060
50240
59076
60586
57249
53763
52618
66989
46360
55195
62791
67167
59333
52429
60547
41403
66307
58011
59138
43009
37732
47965
58766
40807
44184
59667
35575
54539
67216
42490
49751
64045
62946
64349
39578
41371
50032
51886
64318
45420
42821
60629
38488
40177
60095
56264
48088
64233
62963
39516
61965
52212
52301
52827
63340
66891
48247
49366
37261
45997
51068
47292
52598
51869
66350
58284
38172
62410
64453
49416
48679
62159
55496
49995
62966
61724
51505
39836
44771
50740
64204
58275
62152
36890
41184
39323
48834
45061
52753
41640
52276
65371
42373
51051
60175
53469
42822
57044
53585
37407
39911
39736
66508
41276
58219
44452
48169
43719
43874
45936
61484
41989
53333
41495
56890
46425
61028
42310
49944
43263
58670
41778
40181
45565
54001
56111
40875
40791
51954
53887
48706
53123
52000
66407
60853
63516
46324
66184
66809
38363
52635
36461
56892
39106
67927
48481
40299
41114
42531
48515
49142
56736
55702
56092
55767
59772
38409
49455
41937
44146
43772
43090
48885
41692
50358
59325
53611
38616
36652
40097
57455
41534
65572
56251
35738
36053
35994
41256
36195
56006
52579
62075
42213
40784
55056
59149
52451
59326
51477
68244
58377
53910
55339
52727
43636
42772
55282
64097
47221
65750
67547
55957
53906
58329
42821
36481
48846
52388
38118
48405
65323
37059
64877
38997
38252
41847
56677
59309
46111
37548
55901
35973
65755
53291
46918
46358
52167
39697
59420
45436
57435
40320
67785
40716
54123
37524
47942
56807
62049
67737
45315
66767
47050
37755
58249
51002
59668
66429
49246
65957
49557
62510
52264
57387
52944
51098
65814
54102
57844
57789
60540
50997
47782
47165
53181
53423
52992
68184
51310
50454
54490
54554
50104
61440
61512
55252
49406
56146
43875
48331
42944
56733
39757
47661
46272
58030
54895
48969
49763
41568
40965
66046
61529
47541
60637
65652
61056
55845
42331
51979
61190
66358
51393
43665
66511
64077
54701
63160
60182
62660
39908
45255
36694
43068
56141
46735
48747
46389
54337
41377
56308
40924
44290
42686
37629
52003
53384
67983
51931
43543
43652
63638
58198
39791
58527
58725
64526
41824
67842
44302
51991
63417
44572
42202
50919
37419
36767
57150
42866
48360
47308
48394
66195
52593
41969
40676
67502
65960
62256
51957
40596
45869
42625
56034
60838
54503
62202
50686
68414
61153
40783
56254
56906
35928
67989
49773
62010
53266
47691
52768
49693
41713
43162
50157
48902
45255
37852
56664
38325
42860
38492
40974
63347
60430
54620
56790
59966
47817
62045
61636
58406
58487
41370
67503
46583
40650
68054
38630
67864
39576
53591
49439
62643
54389
64563
52400
60950
54151
65482
63746
39002
51862
44948
51266
46914
53091
59165
37209
51557
39995
38221
60959
36240
36811
36077
55755
63334
57142
48743
37807
55113
44645
48845
39458
47486
66207
49181
53693
49291
50009
57028
44234
65252
48463
59488
59129
37831
56275
65482
43349
36709
35941
49748
43639
57922
65669
53839
40697
56286
49605
60113
36398
64661
52258
57525
57104
40644
41620
46306
45434
47917
37348
39889
55192
52381
38334
40521
66459
38604
37895
46957
64945
54404
57968
37881
63028
37125
51788
54985
51233
45225
65183
67227
49101
60612
47223
67861
47571
50894
60799
53002
44625
46788
54481
38393
64596
39115
44556
58070
67984
40471
65190
39437
68181
50443
47492
55493
67006
40097
66760
62305
59948
55053
37355
48461
50674
61341
48139
65015
63570
59364
57478
46875
61097
57367
42439
41028
49638
36535
42080
64400
51264
56176
42585
42931
61225
41282
61640
37694
61821
56286
52130
62754
48640
50259
48081
61039
41479
41193
41863
63842
68725
52301
48337
51615
64745
47087
41583
65979
62262
60841
56035
57853
62228
54433
39368
54374
61461
48496
43877
63982
46554
63876
48770
40209
41094
65986
65658
44426
47475
61552
49042
43359
68644
53843
67465
38685
51067
37652
60529
62821
65324
67817
63421
50087
41330
58225
60314
67630
62721
66015
53379
63325
45883
62554
65807
41016
37542
44196
43022
49702
54686
41466
58581
45044
45383
60476
68054
58398
41158
39502
43380
43594
63665
51134
58645
66070
52931
46503
45688
40723
68053
60117
68425
43537
44553
40745
47858
42910
47433
63039
48821
42953
41968
52559
60407
41772
55750
41041
53471
43305
48946
51813
66336
50035
38571
42353
53523
45776
55920
52492
67849
59678
56953
67739
51935
58516
52909
41145
38867
53323
56661
41949
38037
36349
46545
56886
45474
36108
67465
67802
44493
37574
48423
62496
42782
55271
46084
45386
44512
40799
67551
65384
36342
43606
50901
65401
49774
44398
41357
62418
51033
43848
60340
36548
48601
55369
65705
38009
38523
60318
57465
54303
46535
65917
39181
48200
50966
62126
53154
36497
45476
50507
65146
63106
58342
39620
47825
67510
59678
48933
38675
59196
64812
48540
62796
42044
37543
40502
56800
66526
65324
45289
44668
50279
49654
68055
46412
39846
39087
37585
68719
62606
54918
54810
51624
45092
45442
58990
54870
60828
64022
67651
66470
40382
61685
65615
44807
58767
44839
43850
68318
37934
54365
49909
57211
45052
61314
62555
55372
57087
54674
43863
45393
44681
55983
46934
55504
65044
41330
44382
55626
37233
62591
43856
40877
36386
56924
57450
61899
59396
62339
65295
43275
65841
66229
64459
66911
65828
40850
48530
44150
42782
47975
41800
43314
39881
49223
66183
65372
67099
57949
66460
42903
59262
39808
65234
67474
66350
66824
48884
47746
54498
66528
52493
48592
55982
64221
43378
54798
46632
63310
38402
49200
59594
68565
54701
66297
44951
52597
66867
62643
49665
42731
61742
51491
63499
63042
68947
48060
39851
43170
61685
43539
59762
51305
64714
45715
66670
45436
36338
43890
57680
57312
57909
67043
60618
68740
37261
61838
61755
68705
49380
54333
65422
42437
61982
59864
57183
53228
38234
41107
51808
37073
49013
66918
63228
60739
43472
54462
46650
40763
57172
66418
43235
67181
47795
54264
53223
67357
39408
52185
64509
52020
60193
40290
57482
39315
63092
55708
52676
47015
67952
65151
54807
67902
59261
46435
58056
58009
41895
54711
64472
49346
51103
65525
50987
56352
60418
58581
66281
51528
42462
68802
65317
39958
60787
45962
55996
49405
57910
68697
67456
65691
36892
66024
55702
57744
39444
50930
42525
56465
60885
51944
46352
38584
58587
59109
68206
38430
63148
55012
51864
42156
57440
54065
48634
54574
58720
56861
47085
57001
68974
39414
58588
49647
66534
47926
50086
60784
64579
60155
52804
54099
49124
44471
38316
42438
51473
41513
54517
44434
36665
44172
49083
61170
59517
57870
36805
37029
42099
51331
38373
47426
50211
48731
53792
54988
62294
40657
55055
66694
42769
63078
64645
66312
66908
56206
42355
63123
64071
49065
40200
57250
40495
52276
53020
65985
53566
41025
57294
44194
45105
66084
58988
39790
50782
55664
53140
56921
41205
66850
43673
66169
42886
57883
58920
60376
56771
38356
49196
38344
62088
61773
60654
44406
49176
65606
47489
47810
41386
39090
44381
52046
49700
65129
61258
54229
51238
61213
61824
48063
66378
43663
43276
50930
65194
51970
54389
53738
40099
66032
38304
37900
40921
68861
58097
56375
50555
63273
37811
64413
54473
64073
68538
53969
51155
38072
51782
46368
61827
42826
57387
38437
50397
44929
37167
46488
41350
61956
42164
48487
51587
43340
43415
67080
58436
68769
45399
62733
45793
49989
50810
43513
55715
38895
41516
60754
58054
65658
58666
38391
56957
52703
55262
55476
50231
39009
62923
46612
63777
48135
51244
64118
40940
63823
54232
66659
38352
69153
40553
50463
49361
56066
69277
44926
37697
59530
44029
67833
59526
57624
65980
53505
40733
53956
43233
45716
37855
52629
48553
46093
57987
45557
50214
39232
36709
50017
49197
43974
65157
54117
66671
56726
56275
39112
64742
63957
55466
67332
63603
55280
58010
47608
46533
50407
46954
51681
46972
38636
64093
39815
41870
40748
44725
65716
45546
60909
47990
48362
61020
40153
56428
49749
53681
37785
42095
47871
63003
64166
62694
45635
60119
53340
69258
62084
60172
54353
40813
60191
64503
48356
62010
45725
46661
60185
41662
63790
48832
37028
64423
65363
45614
64579
57740
58586
67702
65617
61230
58383
45829
42905
42750
52529
64112
44136
56799
54819
57179
58854
49964
37476
66201
40869
43517
42817
55445
36731
63398
36937
44016
56717
56193
67586
45931
62125
46062
59610
48904
65766
50327
39520
49260
64084
41465
57012
45704
59961
63008
37948
42104
58446
66225
49049
60331
65111
66606
61914
49477
67578
55926
57071
52929
62673
39563
47200
60891
44222
60824
41023
40877
46719
57651
51291
65304
61570
68831
37302
45669
52218
45269
49209
41004
48690
45572
38567
60277
56353
38742
61136
64286
54336
60469
41479
36989
47768
44110
54741
45381
56095
40084
65775
59566
67140
46472
48230
41936
68553
66232
46366
44368
55249
39814
53633
68671
58938
39211
57204
51775
65580
44540
56970
58600
63474
49643
47736
61034
55049
47184
68042
41331
45687
49898
42196
60499
39262
58912
43242
46942
53713
37517
48084
60049
55270
63420
41852
63097
54029
62512
67050
58449
62880
50856
58738
45419
64187
58529
44332
63953
46669
39451
57765
46635
60271
54944
51668
37091
56565
52099
42064
38536
52291
48998
48320
50544
55907
47870
62866
49314
65364
62235
39408
43506
68516
37858
68591
59246
59457
53597
41738
55289
67724
57655
52944
47926
49839
49600
53721
53416
66096
62007
43262
61975
67783
65609
62153
44341
45421
69333
60203
41089
59830
47602
53101
40812
54624
64563
48745
57786
53292
63786
59642
49708
49644
53546
42673
53340
63710
57937
49866
47592
65080
39622
38238
52946
39172
49216
48346
42279
62254
53448
68527
40927
38108
57535
65099
56581
43517
39458
52553
53016
50725
49421
61412
66992
39576
57726
41650
59748
53925
68188
50831
61164
68149
47544
43990
66947
37539
56914
40408
50319
63950
37471
49798
40068
67437
62345
41585
69382
42147
48184
60661
45646
57812
66064
52400
66510
69302
48571
57401
52760
39083
65512
43791
42492
41806
63379
37584
49904
69451
44423
48300
46774
58229
39202
57112
51256
52242
62041
56263
62903
42105
58619
46550
57892
48864
67898
47175
45518
56943
50535
57520
39486
38809
64765
57908
43359
68267
45281
54451
67555
44197
62696
58430
47841
37450
56986
38094
43203
61811
53558
60981
58719
52392
51958
42068
67940
64753
38803
69519
39160
69098
68620
67966
48543
40982
44964
66021
55135
50549
63017
57319
43298
68697
61308
66422
42075
44149
69710
64270
38892
68151
63528
49571
50760
66648
55470
39128
42708
49073
57892
54129
54932
58704
55601
41995
64515
67275
47587
50186
41538
40148
68596
67284
53109
54286
52300
44349
55915
39967
69574
68929
50045
44295
49975
57849
38072
63152
44205
55240
68926
44741
37364
43222
39913
61640
43103
56767
60722
42079
45508
67212
69713
40431
60105
65506
63398
44396
44638
39033
55384
69488
62091
43728
44348
62602
66156
65311
57592
37592
39290
67982
58216
62936
50187
55460
44608
65659
43293
51202
64755
54651
41295
52049
48084
39407
48944
58745
62075
50717
44220
40979
44395
63631
66084
38690
43762
65385
63950
60669
53072
68601
42397
47760
42011
50320
67954
53188
59105
43152
48883
55356
60176
64199
67211
47170
54035
42491
59825
46593
58558
53190
53870
49908
64748
69029
48153
63902
58982
61515
57702
41852
38919
55611
68511
56120
40478
52885
59184
40735
45844
49456
65897
59349
52047
63722
54144
38727
38997
39740
65237
54242
50997
65554
40570
41987
65059
51417
53747
56750
56674
60889
58682
48770
67431
46533
47623
49132
62523
52112
54861
64412
37921
59011
48136
46133
66937
47245
60982
54857
57828
38618
50979
66948
59049
69798
66538
68135
64599
59476
43321
45752
57772
41658
42324
65016
64950
41152
54109
41238
40248
63273
50130
48674
40783
63664
61015
57028
54613
42583
45238
67374
39430
63996
48932
62799
58337
48941
59846
57418
54993
60989
56179
52262
39181
48535
46524
50631
61245
56659
44585
39709
58334
69895
69830
58267
64999
39904
52190
60651
51885
45809
59655
57312
48900
59850
38750
45484
45991
52557
43796
46419
65754
41149
46634
57695
64845
61720
40568
40406
58436
62119
54516
44649
59125
56531
37425
68846
60721
47162
48166
51216
51527
54018
55601
47685
58150
53101
46172
44289
40641
65710
38622
48170
65976
68092
47845
69067
56372
62436
56210
45580
63762
44003
67141
48994
39237
41524
69916
65283
48757
63975
55990
48541
67820
65331
46909
37959
44211
55309
44707
48568
49656
41721
61483
52150
62643
63521
40748
53458
55178
65700
56594
53843
56817
38960
46245
38512
49557
44243
51854
41666
55035
53518
63254
65272
38244
46124
44338
69581
54773
62673
53949
40503
69140
66006
60932
57057
67861
64852
52359
69084
58646
54783
67326
62098
55079
68278
67227
57339
64175
52312
61327
66835
45067
61912
38095
41355
52855
62100
55576
62142
44338
56034
41264
60648
51165
61164
47984
38034
66084
61375
57471
68689
52897
46750
45408
43696
48381
39580
54959
44139
45913
54378
42279
55006
55020
54381
60264
40636
59373
48915
52471
42756
38067
66408
52871
44081
67611
49124
63351
44978
46890
59783
44187
63385
45555
59689
43071
46743
64443
41739
45929
61480
44636
40113
66655
60683
60647
46324
58985
54261
59789
41555
69336
47750
66240
43914
49991
49788
48021
52838
46369
38695
37741
51415
46692
57117
65748
47175
43940
63022
37801
49962
57170
66458
66176
65750
39486
49282
42820
37781
42331
66205
44833
43257
39106
57132
65952
54384
39930
64048
41748
63512
64375
54746
38454
45013
46944
46659
65804
62112
61334
60765
39183
56866
53489
41770
39564
57473
59341
60971
53067
46202
64453
53276
59503
58288
55486
60126
44957
49987
43304
65973
54112
40613
50560
39603
53964
66729
40217
54388
52322
60125
39965
50188
46132
39706
45774
61246
46410
40793
57874
46831
49731
40904
61743
50649
39231
59166
45267
55172
48893
65835
61271
60274
46401
42931
66116
47258
61561
61820
67863
62745
53407
63398
52545
50723
41313
58683
58226
60479
58752
42247
61975
65460
61814
41386
49442
53566
39259
52203
63241
49926
62985
56143
42769
44497
66943
64747
38092
42616
43651
58486
53472
47000
53132
62370
37643
58250
45278
60332
62820
66198
70135
56626
62692
53603
57898
51782
56100
50098
38026
44736
62824
61260
44809
58072
48349
41785
54497
68596
54303
65331
53299
69566
65022
40795
57070
48506
61826
45098
50931
41367
44845
65193
62839
46979
47999
55525
44456
60868
58048
53917
68243
45125
59897
49727
55365
60653
53572
68115
67632
50806
68421
65973
50385
59773
52729
37832
59536
47061
57518
58345
56296
48673
68435
69858
40647
42914
68338
59168
65848
42061
44923
38760
53055
62753
67267
50629
62468
70327
47308
66757
55348
41499
63815
69860
65445
43994
45655
57417
43577
51548
52376
55984
64516
48244
47200
52648
61617
42294
40005
61694
40481
51721
52447
69497
68182
42493
61903
42951
39056
45406
64511
39352
53685
39049
53548
45994
68598
54526
53410
46149
46512
56503
38215
37992
51088
56248
39131
44386
41467
44008
40062
69478
55725
65311
64115
39993
47008
61312
50467
47662
61487
59913
55141
45908
54651
42856
47612
38126
67854
42768
66145
41763
61630
57485
69316
46327
62164
40724
49997
68730
48494
47967
44199
65343
40226
42936
43967
66320
42724
66131
69321
62176
47402
41440
48005
40961
38990
53345
52928
66456
43571
43065
54557
42061
38187
51078
65813
66631
50712
52657
66109
43863
41426
55108
57799
41331
58825
60411
67660
60775
64492
70429
53449
60359
50633
66060
52455
70184
41717
39195
40575
62095
46766
41633
68189
70442
45247
67660
43076
60990
40356
62135
54323
44641
66031
67390
50407
64233
50410
47121
60321
59556
44670
55943
65833
58058
64595
63413
58387
41007
53817
68416
44097
63677
68039
42095
38825
44834
42305
40324
46168
66246
59839
56653
60343
40448
58508
55030
54030
46217
57293
48161
58694
58929
68195
38200
68083
47568
55058
46082
69010
50304
55010
46197
61198
53513
70341
65484
42634
39837
43131
67033
51546
62918
44723
41115
44882
59036
42099
54803
64836
39739
61369
60500
47300
47988
44899
66522
51502
63171
58444
44060
68075
56705
46520
42596
53743
55899
54514
51935
38022
57347
50227
50160
65361
40741
66758
70602
47499
55453
61546
38974
43153
40935
49656
65745
56738
41431
69957
60178
69859
50058
50762
39211
52646
44444
51074
63157
46059
38811
59284
57297
62247
59324
54834
56948
57925
64205
38977
53762
55531
43115
52026
46367
44542
55157
47056
62914
65384
46785
63443
70538
42777
60941
45908
63574
65867
56120
47370
48912
59403
44978
62964
56521
67573
66097
69696
57355
62015
43173
43372
47722
69625
61039
68523
51293
55954
64205
50826
68428
64927
64409
65235
51690
50648
59444
62897
68293
65891
61629
68374
40220
46422
60806
48986
41968
52343
58056
63525
55133
41798
60565
68750
61483
38205
42767
56452
61857
61270
59096
63341
50585
60366
54729
38414
57050
39720
51175
60331
54689
56950
56466
70255
45697
54996
49152
38670
56173
60981
41194
59304
55060
56674
44677
43505
55917
54079
45748
48271
54418
41296
40060
59331
60625
70013
69304
65868
42752
51474
50958
67464
41490
56586
61729
63453
42216
64397
47624
58455
60777
52919
47104
68754
62933
64667
64093
64987
42070
59528
54727
65170
39129
39307
49314
51410
68891
59956
54222
55381
64263
58781
50065
53137
64831
62889
58577
47143
40441
50826
70279
41598
67596
66438
67440
59563
52810
53498
65542
39061
48401
42911
47278
51542
59933
62732
39987
57316
63136
42364
46707
67312
46997
64210
48984
56846
47185
54490
53770
42007
52059
52946
42083
57547
40317
54825
53924
53691
65307
40582
70502
40551
55236
38668
59347
38819
63495
50397
39957
67135
48520
42716
44047
52454
48467
67256
57419
57671
59503
56102
46900
57459
57015
40813
61062
49798
58341
50216
49410
61834
43760
40263
44134
51096
60312
61784
54172
47168
63038
69125
53554
43308
47610
67037
69130
48639
61672
64343
61523
39811
59074
40211
63159
58884
69044
46948
70614
65271
54635
65292
56820
50656
63600
63814
59118
57458
46004
42250
53363
52727
40044
51596
61552
51698
67614
69126
39372
49667
47868
48823
56662
58124
53362
58155
55036
65938
70139
68030
56125
57702
45112
60508
39137
41092
70211
53898
66279
51515
44865
54442
38591
53134
42550
58490
53945
64987
67614
48863
61630
70842
67641
43745
47422
41512
67238
43510
66153
54245
43315
64899
44962
51482
63092
42400
50480
42815
42770
48412
58423
63036
41318
54976
49895
67534
54086
49112
62708
60973
56863
52208
38982
50668
51524
69084
47601
55072
44678
41467
67431
53700
70917
60860
40941
43356
60998
63584
39499
54233
59781
49410
70344
61373
69964
46549
54613
71039
59204
45230
63497
55345
62028
40130
63949
47456
62152
43440
47449
70716
45371
44994
55391
50168
39705
43375
57093
67956
41430
58917
45977
62490
69699
55878
47744
53766
51738
45169
45680
60265
43479
65538
41184
68911
61642
52444
58044
42719
64875
46182
46428
65475
48109
60371
52151
51018
66838
62375
50132
66730
57165
42102
69762
43465
54773
63727
43849
52574
56057
47386
41632
53331
59048
60126
55392
62063
51652
43974
66681
39473
58837
55301
53220
54271
49091
41655
39897
52352
41124
66409
51521
51782
47315
40156
70766
60080
63810
65798
55562
42510
38673
63066
53837
57095
60767
41545
43891
65848
45408
48393
62574
62238
44207
45717
52952
57142
61926
54517
59179
39010
49005
66495
69172
40335
66703
60638
67269
65685
48339
51858
56235
46174
71049
49848
53727
67147
70051
52044
51969
50899
40902
47148
44033
58734
54945
54814
39968
66481
52094
46869
45079
50106
46870
70576
54677
54734
56490
58884
70383
67905
59215
41371
61203
58518
45450
44220
71103
67816
43804
65261
68592
58505
53535
67767
67740
63720
60498
51369
50595
47032
68018
45472
56580
47950
57674
50757
67148
56907
40779
69078
51285
63100
50015
50730
62252
46846
68155
63215
63059
64934
71027
51767
59177
69535
50579
52787
52134
67925
64107
66621
64843
66962
44458
57628
47193
49127
39855
41604
43842
46670
61083
40413
39517
69133
40875
60485
60381
49118
66245
38872
45060
53068
45136
44591
63892
69984
49481
56358
39559
50813
70035
63203
39167
68489
64655
71188
61568
58957
51181
41847
62301
61727
45250
66464
57456
59838
52954
48119
65806
42877
49743
47616
58170
48292
57178
40927
66585
50963
52330
47643
65191
46120
50803
66210
70311
64483
65417
54541
38880
38728
52141
47142
45446
46597
69607
57511
54775
63317
42901
53573
65192
43556
46082
48109
70750
55412
68154
67662
60321
41471
45853
41879
58733
43550
45491
64898
67628
40169
66495
54929
42209
69536
69783
50071
56486
49226
64050
68219
39512
63643
66691
48185
54417
38939
67333
45097
43990
67973
40088
50308
47378
42861
66955
67620
41027
54310
61434
45451
47988
51427
39514
67367
61931
57372
66642
40149
69539
57140
41420
68259
45309
66392
50253
65754
71346
54698
44673
56636
62988
68255
67099
42378
39254
61605
38876
68425
58513
45578
41456
56518
70248
60953
39041
67416
48486
60806
39047
69349
67943
62988
64733
40615
65868
65876
51610
71472
64755
56089
57758
48556
41831
60042
47723
61543
56659
43759
66103
66703
52157
38800
60479
45370
71408
69330
38749
43946
43450
61604
49885
55504
44248
64537
50573
47120
54959
45142
64275
60228
58173
46255
39811
65539
51278
68621
45361
56867
63987
38803
41156
65404
54064
44161
63372
54511
63221
49496
62486
64680
48463
63039
64765
44447
65760
64677
64002
64613
57485
41512
50015
56605
51574
66229
39769
67272
56619
42481
58901
39879
67613
68568
70572
48026
56402
60580
61569
57838
66653
45041
53203
46807
57998
57118
50318
46170
45158
71414
56423
50478
45645
48272
69927
49347
54151
63859
58439
59524
48741
49918
55486
51802
50360
61704
48919
44145
44171
42947
67526
58942
46354
39142
69564
51905
59357
57355
39737
67591
68177
65109
62178
40948
50009
47447
55059
56895
51545
57649
48502
61374
44132
49660
68821
65252
69806
50281
52012
63880
60740
65956
61955
58343
41722
52863
56570
56557
65445
65996
67238
47024
65931
64010
67483
52798
61208
42565
68554
61848
71379
71223
45582
39678
52112
54707
68097
49773
61670
71492
42004
65127
44003
61969
59359
53490
68607
46851
42165
50659
49231
41258
69756
50780
44283
58717
43195
50580
62706
58657
43509
43734
52188
67789
69942
40141
42065
66795
56299
70142
69192
69344
63990
51862
55762
50384
42498
71526
53768
52412
38932
70188
42049
61165
50787
43796
51081
44950
43114
44926
63567
43957
45115
44546
40030
48442
60950
56241
41743
43627
70202
56990
46524
58503
49403
41374
52343
39337
60693
70987
64252
40432
44096
66127
68069
61405
47621
53471
45085
56316
40143
59781
65687
66503
41285
70435
57408
52167
40919
62005
71730
62716
49303
68950
55338
58751
45387
64262
48444
58470
65984
40106
45253
52456
39521
68308
45986
64706
65799
71365
59807
66008
57363
66864
63794
52000
66491
58945
70506
57532
49569
44766
47138
59238
65194
63277
68218
62225
50957
66134
51592
60621
44202
62346
49482
69612
57246
54340
51167
49763
46356
53198
39671
52339
69725
51208
45449
45960
57924
42853
54724
48225
45723
70710
39751
55409
59418
59691
66964
66181
49770
71446
62146
52904
47740
54259
40563
45379
48415
47910
53510
49545
62418
49923
69390
64274
69590
43923
56578
49862
52104
51861
60214
45821
71150
55492
48649
62181
40080
42072
42592
40227
42889
52431
40532
63933
64477
60397
56872
69431
47117
53250
48510
52988
57065
43883
46282
57600
66726
56667
70406
53924
53808
47068
48040
44250
53953
59152
65745
46473
49075
56765
60871
57395
48787
60168
71077
45525
50550
56705
47697
39950
39312
55136
57263
70532
39938
47118
40724
58756
55540
48872
52990
69864
68836
52031
54018
42558
70717
56739
43013
62246
63788
48737
65711
64764
70575
60746
67101
69303
61423
48822
69846
56849
61135
51657
60929
68585
54469
68597
66773
66533
47849
58816
61520
65371
71243
54472
57644
44914
51594
69380
56335
53892
62626
58188
43010
47303
63238
66332
65828
64557
55279
39317
58271
61320
67827
54212
66268
67826
46809
48679
49395
52076
40108
39789
47718
62405
68878
71806
47630
60606
42447
65979
43349
52843
57790
56711
53414
60636
64703
69638
64546
47613
56862
60452
55445
65211
64803
54746
40104
44904
62439
55725
53848
57185
46181
56695
54438
71662
70612
52841
54672
71273
41013
61521
65601
46499
62504
45593
68485
67203
64771
43920
53375
56304
59173
43118
47518
52721
42120
58514
40397
63507
49558
56717
56298
63244
64574
56676
51834
59805
53574
41618
53147
63677
62435
51533
46393
43763
58247
55818
68997
67332
70650
41283
48035
51662
56236
46200
62627
45940
40010
51316
52403
44987
55695
48337
42131
56756
45661
65726
68425
47772
61452
46336
59413
62464
40962
44855
65703
42276
60291
49763
44944
66470
41419
61606
57079
48991
43098
59980
39821
72074
50576
65032
54211
63272
63865
56960
71482
62115
55530
57612
60026
45233
40653
39355
66280
64635
59321
63640
65266
61183
52166
52267
61069
42418
51871
52546
49121
52330
48600
71665
58434
65148
50562
46551
49507
49953
58109
40355
49862
43295
46606
52183
40823
50597
69681
55500
43002
39542
53809
45046
45186
42825
51189
52330
60260
43632
63133
40605
51146
54457
69838
65391
43180
62610
66889
54376
67580
56432
56259
51521
55841
67697
54257
49830
50599
51008
64226
60986
66357
59961
43665
70620
63935
49357
42939
68649
60156
58152
53742
65601
50203
69650
72163
54990
59058
41491
45581
62019
65015
57307
44402
42082
46130
44000
65722
64257
56434
55113
72069
51725
58495
39947
65538
71375
41745
66130
46782
51310
54847
46370
52409
49590
58938
68158
54719
51223
49211
49481
48373
56305
56762
48683
42419
58895
52193
49846
52881
56945
51008
60298
43717
53326
49090
62517
42412
57177
55520
67231
50342
45636
47636
72102
39719
59010
50065
41733
50443
61778
64305
41082
56106
70137
50607
48168
71213
47438
49174
69690
70560
68220
52601
52681
61768
55556
44261
51967
45750
51201
43924
48253
42268
61104
51043
40443
46432
42543
54662
69166
60527
58501
65915
41455
67028
51427
47164
62105
54409
48426
54201
60339
59916
53420
39557
39887
46006
45111
59344
68785
66121
57168
69525
59060
45000
71356
54036
58218
55179
60485
63875
54147
54418
42938
57601
48112
64026
59704
39883
52808
47726
66728
60850
49258
45056
46729
48589
51044
48312
71152
53355
47507
45964
59340
56651
39948
49233
46959
54800
40763
66000
55370
61679
52938
68125
46328
52139
63684
47396
69503
47811
69627
42373
71378
71914
69031
67490
62874
43703
71247
56053
48693
60062
58861
43432
55295
53535
51021
46687
53713
60733
39606
63577
48584
57650
45004
40375
64072
71521
63157
67611
68672
50060
52347
63349
61103
66631
59057
55066
64359
47276
41562
57623
53521
56913
47622
68548
55921
68471
42814
62876
56043
55684
45858
49995
42054
54196
64081
41993
55729
48651
59401
61479
58371
51342
60560
71143
64327
66226
62162
51345
59768
41749
55627
42435
60041
63340
61991
50441
52648
69820
52904
58797
48068
65486
55753
44753
51021
46557
67105
46522
43323
56721
70409
48751
53073
49201
44289
60035
40867
68372
60752
51759
70998
67928
64747
66468
72359
42455
56984
66718
50222
51543
42067
62013
53604
59649
70641
51985
71268
55573
65283
61299
45806
47067
53757
66588
47793
66781
40600
58096
45770
47187
42356
69147
67720
61151
41730
55647
58738
64890
58273
48556
66699
65966
58119
68338
60628
49671
64227
60467
46355
62148
58560
61916
46291
45777
70445
71253
50860
54522
42523
61655
65476
51545
65158
68222
65686
47888
46424
67999
49906
46654
63882
42843
67909
59947
72076
41844
54043
56262
48103
43616
64226
40018
68385
57756
57585
55388
55520
69187
51145
54000
64595
68063
50586
41228
61390
63871
61193
47445
61876
64266
40752
44041
44186
48338
65766
71477
43689
45932
48449
43816
71748
57792
62298
54055
72171
59228
56656
54882
47456
51470
50832
66855
44552
42929
46931
50774
66707
55623
63848
71957
59872
71752
55859
57028
40218
48442
52726
65844
52520
46722
55375
51475
58692
45690
56834
63659
68841
44995
50169
65229
57075
59357
65417
54791
39938
51188
64503
58397
56351
60413
63803
60855
66466
53250
51203
62040
65362
43962
67323
66703
68559
44125
50508
62065
68653
65718
44642
53830
46050
60282
41715
51075
67554
53208
58173
70649
64264
60497
44687
51531
43448
47050
64522
44709
63683
70880
45225
44715
72586
53115
63103
57776
50535
71846
72000
67625
68168
62622
68611
67937
45725
53032
64582
51822
67189
43560
71219
61795
54243
72304
56866
59591
46247
67286
50014
46918
55050
56713
53292
65447
52746
45989
72457
48382
44215
66308
56628
69411
61661
64088
53868
43874
65763
70518
50683
50548
49395
58357
61683
66734
66396
56312
69048
55673
55348
59208
50366
50946
65601
42150
54932
62771
67354
42847
42786
40673
51337
63264
69167
45127
58676
49676
69926
43443
60028
62732
59929
72319
45478
44646
65542
51267
47672
48786
46169
54857
66470
43849
43443
65857
43566
59614
59370
49974
51969
48593
65873
62401
62371
66722
40249
47229
41108
49123
68535
55738
69424
46225
50856
53110
59092
65188
66547
72329
64834
54245
48398
48671
47687
59648
53188
60779
56987
44250
72757
49562
45576
52772
50206
68614
56526
48945
61274
71853
61511
44036
47529
62689
58055
71342
44465
69185
66246
69079
61762
48615
42305
45466
67294
70627
70493
64150
51321
63208
64334
63297
65405
60486
59511
62336
48657
72728
67282
48757
56731
58815
46483
66200
50819
71823
44296
58378
58683
42183
48068
55590
61564
55495
57084
61784
58578
65149
47665
65074
55642
60705
45583
53948
70090
58146
44694
68876
61875
48224
51319
40471
46339
55451
58817
66503
70094
50731
68028
59726
42830
66802
56341
41401
56872
62864
43836
45256
40432
51413
60939
54781
64496
66428
67752
52723
50981
59926
55468
48625
71051
59716
52357
64959
46747
52777
68121
46008
44817
58143
59563
63265
41458
50345
49667
60601
51918
66218
57033
70033
60738
57812
66099
43038
56770
53602
55520
64397
67477
59658
52995
60758
70689
66349
70083
65812
71529
51026
49122
55956
58836
47314
69021
57900
63280
40404
57300
66382
64246
53884
41579
47452
66000
56416
56816
57022
57432
53820
53374
62003
44835
60390
69089
50788
68606
52868
60154
53183
65655
59644
47205
66690
45472
62636
69722
66326
48399
61020
48081
62111
59177
72560
62186
53713
65185
61282
64651
43013
71995
58736
61771
52364
69078
41618
42383
47171
53161
62383
65266
71015
69325
64528
47339
65963
49659
43029
56490
46728
64920
47143
61506
68565
48110
63469
41229
67735
64189
62915
60748
63002
53746
52840
69903
43329
59318
57590
47701
63002
58794
65304
51315
65973
54129
60791
72378
58935
64112
51317
45652
56618
46801
41246
43887
58391
55758
58971
53662
69463
65836
61033
54139
65318
67589
46218
55698
43769
62667
40699
66682
63250
67722
57637
71237
51281
54125
52759
51995
68173
62084
44852
42273
56227
56004
62249
44959
54414
54608
51491
64867
72632
69879
64574
58976
48464
60669
41792
51355
63581
57630
63623
53320
63058
42704
60992
68399
41186
67529
53978
52053
68117
62913
72122
72921
72348
53113
72753
54044
64098
63228
59051
61732
59235
72996
58921
61763
61121
58977
68081
45043
48148
52406
44419
65029
62210
58116
57040
40443
50961
56715
54439
45234
50616
66478
43376
54596
67260
61174
44572
65580
46778
47962
59740
52651
45055
68798
71441
54123
71072
69049
48132
46435
42184
52123
41432
66042
45132
70575
53053
72047
64133
46525
53350
42104
57694
53203
58300
56873
69804
67397
57044
46360
44734
54003
57246
67519
46901
47818
40416
65569
63510
45198
61667
53937
58654
58838
56685
58479
46422
50008
49134
72788
65255
58726
59134
58352
50478
49593
45575
72530
44307
55918
67647
66600
52119
41550
48090
59431
49837
63058
44413
65197
41035
53350
50165
54693
46016
71534
68649
49580
52552
45191
70989
72049
72670
46479
56665
49250
73041
62695
57786
50309
54426
40567
43079
70563
47725
49651
54390
68524
72718
66141
72912
59991
56422
41676
46242
57353
52054
53355
65014
51704
67403
52676
71617
55184
72979
58175
72798
40726
55791
47333
42043
58763
66537
64874
57555
73171
60519
65131
58332
58134
69889
71156
59073
62055
48784
69957
42578
59299
60039
62678
42683
49564
46727
49560
62386
61815
53805
40830
45301
63827
44847
69948
69364
56876
48039
70991
63434
61694
71342
55357
67698
45869
62253
56350
43576
55844
72944
47451
57453
46652
54268
56502
40543
65760
61987
59018
47497
54768
69333
69460
52230
56418
70969
46451
72524
57903
65660
63532
55062
61293
45674
66545
50338
70840
71739
62435
43549
63703
70063
60565
69212
59805
52829
54291
41164
62476
70983
52003
56748
51137
43699
52170
49785
59788
51254
69906
42666
63838
56082
44043
68766
69480
64706
59920
65235
62593
55762
61515
52568
47560
64244
45180
49029
62347
42065
72437
69097
72552
48925
45545
47236
56754
65902
57831
68918
54807
51278
50082
62072
65407
55310
43763
51786
56118
63198
42785
65900
70478
71067
55391
40657
72767
64232
48790
59217
72145
42112
58725
59806
68412
53963
69991
67193
66189
62127
53940
51494
60235
55720
41130
42013
42075
67611
58093
58882
61729
58855
68524
64215
67048
44350
42790
52593
45956
63411
66669
56616
63029
41363
56170
56275
60367
63353
70690
59380
62744
57885
70455
46895
67186
66669
44978
50433
60346
65503
46591
55726
66415
54021
72761
64891
46359
67170
52137
44062
42718
72572
41865
56435
63105
62002
71949
45168
63850
71760
71844
57691
51229
46945
68731
48186
71890
70852
44098
49804
44387
55298
64052
49974
55401
68447
69969
65472
56738
68271
43246
45505
45463
54379
61808
66712
56443
61700
44629
55133
66645
58487
45428
56088
57954
56866
72581
57648
42932
72406
67043
60966
70944
44333
63889
58498
51799
40990
55163
56334
69715
42958
71167
63811
41717
54441
63404
55553
48620
64690
40778
58499
61656
53015
42266
41361
65199
50697
69983
54007
52320
60106
57372
64823
41655
40968
61984
41851
51073
58985
69440
53453
45552
53095
56804
49546
56897
70238
62405
49428
66715
63459
58356
69576
46907
69464
60959
58672
43982
58045
45840
57977
46110
72905
70262
67879
43505
54586
71144
68103
53806
63337
68903
65637
64322
63265
49059
60800
56002
51121
55105
67643
61010
51520
59484
46357
58309
41057
47882
47707
52358
44008
47520
66717
41014
68859
43128
69470
53910
62828
68337
50703
65704
45126
55736
61759
63761
71845
60998
66572
41922
62155
51114
56797
68823
56177
68745
54355
71359
49499
61027
72060
71582
73007
53783
53834
58863
56199
57770
61764
71790
44357
60228
43388
64821
45607
45435
69057
68645
45467
69844
45077
55431
54740
73351
54626
50675
72989
42115
69992
66673
62829
73394
57082
71647
46652
73086
67690
61075
60566
45460
62530
52033
44398
50408
43572
67102
57908
66809
42068
59717
50090
49750
49285
44122
63219
59745
58929
54126
65772
63571
46142
62755
66496
71296
52029
44049
64183
45277
67556
46952
59471
49087
49598
69334
43662
72165
57889
60843
59798
63673
59233
71995
54394
70099
43075
59011
41040
59839
60340
49936
64904
50176
43195
50461
63356
54356
66221
67324
62023
70970
54688
53687
47835
59314
59169
56054
56654
57412
69418
72227
46453
58691
60750
63693
60852
66131
65079
57930
57364
70953
42322
63137
69014
46994
65225
58535
73672
68279
69042
44903
43157
51103
72326
58055
70753
47349
54740
64361
66134
66060
70454
67024
63224
55072
45189
47300
72960
68319
64841
69367
67687
70951
46707
41960
44993
63250
59983
55304
69580
41008
55476
65564
44361
47379
41854
41954
59658
63249
58173
69623
55885
56645
62511
48888
41800
69335
69484
56807
62469
71293
66657
61393
44912
51010
42623
54446
59055
72327
49972
46985
73393
44871
46107
42977
70666
52895
57712
57934
61694
72077
51398
68712
43483
50168
56316
59364
62349
65776
52333
49408
67692
66616
71271
72738
44888
48385
57567
59067
47368
44537
66914
44914
59295
67204
54351
43391
62592
57673
59716
65364
43108
52209
41942
47235
47530
64555
71813
46812
58606
54772
69102
69333
62428
42773
55875
48944
42566
48109
46329
68567
45429
45424
53440
65547
51645
43120
53688
56253
59988
48668
62434
61500
53093
60870
62933
45073
54879
49129
72626
63015
47251
60010
56921
51248
54270
50718
72413
71747
63075
48525
54838
51658
56990
71925
59702
64923
59444
52114
43199
59749
70958
42525
56882
48718
59944
70291
42026
58074
53413
48439
64363
66575
62373
52954
44053
49623
51834
72794
50974
64165
50647
61289
56318
64091
54058
52367
46764
69740
43563
55922
47562
53565
71861
52822
43292
67282
49366
66016
63551
70822
64802
71199
61848
53978
57164
51149
51594
42130
64759
55505
61932
52637
65225
45833
49594
52052
42433
43079
50442
46276
47819
62361
51522
58895
72850
57294
63881
64271
57238
46901
73595
56637
46206
57512
56353
59601
67759
52681
60704
60715
70941
73356
53808
68722
53089
73206
59088
48763
61709
64548
50233
64236
67900
59790
65424
52897
52333
63373
71775
57422
71313
57883
43846
43110
54114
42714
48366
57404
49399
68953
45375
60521
49301
66706
49875
50797
43465
63927
69290
43417
54195
68654
67615
67372
51365
49882
59674
67004
55277
42652
62088
69591
63982
58905
69896
46571
47734
59070
47591
59235
73035
59138
70735
50963
45319
71147
49851
73430
50214
50132
57518
46709
61534
69741
67749
70091
61487
47619
63050
55847
62138
61954
71914
63218
57814
55992
43561
72082
52833
70235
72949
49293
63188
61262
63672
62962
72730
53664
62674
52469
71843
44502
59462
58073
60852
46314
57779
59155
47873
48531
64391
61100
54397
53959
49263
71399
60017
68478
46098
47908
63435
69562
54270
49668
60089
61124
42210
50638
47991
43704
73727
72721
58726
73027
70873
65675
63069
72108
54066
59210
43075
61457
45368
47633
47326
46580
49662
66813
62438
63478
53289
54888
41822
47329
61676
54798
55844
57836
49974
55150
52422
67643
44841
60276
44183
43942
47567
46420
47362
53947
49416
67257
64287
43014
46023
67359
57220
64656
72318
60029
41566
54181
66519
64296
49600
56282
43429
64244
59962
63823
57882
73628
70062
50482
45370
44644
46175
42628
69263
64252
59467
59424
45855
52648
47803
61433
66459
62622
68632
64419
60121
66735
56832
67093
47236
68906
51097
47789
55315
49918
66597
72052
62455
59166
53207
45220
55577
60458
67301
69479
44675
73547
47839
54754
54621
55391
45631
67186
66844
62806
67137
64565
63478
42203
54005
43725
48025
50231
44434
68448
64028
54387
54541
56035
53046
51901
53482
69017
64942
49166
62035
72662
71954
50185
60263
68617
63404
55077
61652
56825
65714
53262
72104
47951
43709
45129
61796
69973
48764
44055
61522
63485
45482
59805
52761
68133
44605
47937
57999
70425
72161
55639
67790
46426
45476
57085
47242
61086
69107
69187
51618
72983
41669
73616
71156
59896
69654
73793
60790
48438
54935
42130
69763
73355
50340
53442
42098
42945
44918
64882
54893
60461
52378
64335
73856
63866
49057
47600
58609
54696
45082
54785
54224
73299
64445
53922
52942
44345
55529
66058
48979
58871
64849
57712
70346
69907
72946
60459
53568
59455
54600
43544
66093
47068
55489
64828
54161
47550
61042
62122
46915
68911
72200
72359
60038
61494
65538
44045
72670
73241
55838
63213
41762
63264
69649
60024
65489
54684
51323
45600
70057
46120
67098
44538
49014
67887
42302
51815
65577
64430
52605
64243
64041
54587
43943
56445
44270
54599
67581
49817
55499
51616
68765
46130
71947
69689
53313
72564
58432
58926
63785
44264
59096
43011
68694
51681
60401
59181
48377
57880
51311
63699
53291
71827
64587
57813
59614
45003
65069
50190
53268
65805
58686
45270
68943
66337
58679
66763
58184
42026
53439
45266
66787
64205
71155
70744
71267
70293
59718
52446
52954
55190
70283
73396
52708
58705
69712
56068
63893
48344
66926
59155
63664
42547
42206
51396
72986
49409
69582
56414
53902
67682
55796
71566
58769
52757
43043
64944
46761
61662
72988
43338
44490
53803
67750
69337
66065
52982
68833
56529
43445
49133
44503
72927
67130
50385
65364
64113
73959
57116
58616
53880
68475
73702
71818
61548
47388
60681
60047
72849
58256
74116
61723
57210
53423
68893
71912
73419
68632
71499
52389
63299
59684
67922
42640
63481
57624
50096
57415
74469
74143
58040
62683
54947
57207
71293
43303
66932
49514
45553
61024
56710
63360
46414
53997
50805
53875
55221
62840
55313
61283
54293
44613
44642
52171
64847
58050
48873
54708
56728
46944
70441
52264
58654
70562
68710
66538
60398
44147
70829
58468
68373
67773
57620
45281
69893
46135
43331
61948
70971
70783
63539
70488
61215
70760
64054
67986
70700
72085
60472
70772
74064
63559
69700
61804
70550
55667
52042
70204
62466
50968
53279
44018
64188
53967
64453
45595
60786
68260
50925
70196
48375
45092
61626
50017
42544
58807
50888
65122
55856
50736
44653
45506
61858
72355
54078
67153
44903
74358
73429
67541
54913
74171
56786
50685
71472
43453
46624
65942
55130
53209
53882
47617
55856
50832
59181
44773
68367
68826
62495
43553
61348
42940
59408
42501
66900
72220
67872
41921
69083
69333
50833
50717
69427
59655
55247
66667
68279
44720
52397
68026
44936
65921
62194
70733
68656
72170
46356
59724
66437
63608
54851
45240
67792
49504
44969
52644
59183
63068
54001
67235
71736
66229
46598
70269
60895
52641
52253
56614
70554
50896
45045
71920
43715
74050
50013
61439
67133
45147
59384
59901
51546
72505
46397
55824
60924
55877
53185
59657
62971
45832
50617
69599
52167
42561
70842
71259
71247
66612
48324
59924
66593
72516
66687
57758
53714
46276
53956
49151
69536
54283
49503
68706
59990
60358
52500
70160
64368
64915
50912
72859
58496
55243
60032
50268
47568
58782
48696
57120
65609
50534
73677
59679
49811
71989
74451
64046
65918
50608
42031
72501
66465
70433
46804
69602
51265
58567
52688
59551
74100
64113
51084
61634
47493
61515
48719
52484
67483
61687
49669
56885
63382
52703
57151
48174
51514
61898
71546
56582
60047
57774
44708
48265
53639
49093
61916
71653
71906
66787
56186
70055
58447
58375
47183
53734
53204
68656
45614
63166
61039
48242
58282
59649
72702
56904
55586
59688
42588
72236
74491
59536
70093
72293
56621
66275
64668
61473
53249
43987
58882
52931
69145
58639
56394
70014
46000
69743
54835
48931
43811
45682
48022
65591
72368
47339
57672
47945
57214
72183
64578
52098
47582
57138
53247
66942
69329
61739
72742
65114
58058
46869
68969
51471
61877
57023
46509
73214
67639
57542
53099
73932
66104
70921
53334
47215
70303
60253
69438
44425
47196
72834
65844
66293
66732
59222
53743
48288
71320
44617
56174
67739
61375
67857
49375
65134
67158
73375
45248
59566
47213
56145
70212
52434
66676
55145
74232
42306
43773
65982
49574
65969
73156
58033
65401
65965
57324
68451
71779
56692
48011
66853
63932
61706
61545
54576
67116
64904
49157
59543
74186
70839
64217
64633
51589
58077
62175
54907
47556
51927
63316
57717
59465
67688
48572
66156
54619
52433
56358
47553
63524
68002
47281
58535
51800
56783
70223
45786
46871
55558
67273
74895
61717
67904
47620
74918
62456
67223
66178
70439
46337
61783
48939
54252
50927
71255
47694
46491
62752
44426
48611
50392
72186
59089
48403
57272
46217
47379
46842
73080
65897
42896
46763
56943
72423
61810
70772
71745
58467
57253
56420
45654
50425
42217
65035
67210
62816
66598
43393
55846
58641
45311
64938
58128
64172
73385
60343
44350
45976
45310
62448
62576
59114
66509
73649
50719
44937
48245
56499
65456
49551
72114
73101
64750
44786
46518
58235
68279
57187
44668
71005
61941
49014
43097
51203
44753
60164
57044
56231
43043
54990
47031
70331
64300
48482
68710
67046
44935
54083
73072
72009
59229
67140
58468
55046
57305
52277
47078
54019
54747
50369
62977
64491
74481
45719
43199
64886
42627
69576
55543
71659
53069
49520
66407
69859
55570
44697
58370
74063
70287
48732
68491
66748
49071
65865
62307
69078
60413
68106
66464
58411
49502
47426
48990
53042
46848
65723
68442
45708
44174
57793
49853
73609
50598
43721
69173
73710
72076
47191
45386
73206
68384
48414
49648
69014
56589
54632
65112
47877
54852
59832
46348
57980
68265
74926
62267
62779
72715
65580
60753
45004
67418
44471
54731
58763
53780
56864
71242
75110
44033
44131
73446
72674
55584
45007
49092
54878
63457
63847
49387
52124
63380
65673
44115
52605
54050
49869
65087
51212
58363
72496
45005
61886
57679
70770
53196
53497
57217
47804
73165
47826
58329
45190
56189
44827
57465
68280
51250
46493
44178
47119
64195
73890
52439
63427
69021
55479
73778
74599
53523
71087
50358
53264
63478
43243
51414
68281
62054
48345
64724
46054
60135
44475
63612
48776
72120
57258
43281
54817
57952
46554
64392
45096
61321
69407
63220
68783
49425
60336
56130
43587
57439
73772
71718
45332
44787
47578
45141
55638
66369
63541
56565
53478
67520
65448
66897
74801
69694
43414
57042
44626
55670
71069
51499
54394
59108
57372
47827
69781
62168
74226
53688
69418
74954
73097
56370
58499
66029
48404
60981
72975
52230
50708
54988
44292
49791
58913
68034
66376
63927
64743
53666
50066
48285
51055
56803
60365
44157
53408
65884
59581
70426
51973
46334
56804
72444
47056
45761
74919
57867
65311
48351
50861
72285
56703
58689
63368
44365
51886
59702
53655
70861
48550
62827
55850
57085
61910
58904
69864
69628
70067
55159
69230
54781
60015
72314
63033
50078
68872
57789
49094
66678
65669
47802
72439
49133
59773
42812
62393
73297
51928
60182
55524
74790
50137
57876
51811
55229
61277
62002
45716
58632
51293
60940
69361
45996
47034
64406
68593
74584
44858
54029
71721
57941
62925
59949
45751
70239
67862
57253
63712
44980
47142
47816
46840
61034
56203
54149
65666
66053
52873
63129
70553
66377
69031
72195
68495
59469
73326
46520
42707
49873
74861
70809
74776
47313
51072
45474
64179
60251
53074
62820
62021
49053
71713
59317
56731
48706
50369
43430
64722
64767
53732
52149
51903
50792
61080
54340
47502
62473
48657
68170
74408
44722
59049
55369
60891
67858
70181
56192
46005
43143
49978
62305
57136
61493
74832
58693
70293
57942
45957
59487
54170
43984
61429
44526
49869
69133
60473
47543
57910
72455
59949
73395
44856
63394
58358
62469
70585
71743
75332
71214
62083
43918
57301
67716
53993
42915
51771
68321
61357
44365
53214
47000
44321
46499
54084
48557
47757
48607
64400
68421
58065
58736
43593
64603
53323
45642
65117
57781
51195
61313
67686
62486
73701
55830
70699
67510
62647
69649
43882
70639
58028
62927
46549
58169
50608
66974
55898
65368
50373
48519
66983
44500
44197
73579
47598
69802
56745
63314
68581
48961
53481
56319
61714
60319
63653
73160
49989
59357
65508
71588
73062
73688
44378
71302
62832
56106
60815
51945
71614
56153
51262
63660
59270
43597
50427
55585
67747
44296
66329
58209
54935
52881
67787
61154
52432
55089
69001
58443
50218
50146
50102
61574
43446
45573
58751
60951
70330
45907
67846
63661
53752
73238
65472
57079
62003
44441
50459
59065
47600
67293
49253
71455
72826
62861
56809
64849
48168
62772
50011
73543
57826
55982
74614
69855
69090
45533
62691
57133
67000
74653
69725
50706
66449
63481
64019
58384
60088
67743
55885
57436
75101
46993
59731
46901
69526
48670
53899
73845
70563
59409
53985
50278
56182
69416
71275
45782
47987
60103
72013
53358
47732
67566
69595
44607
56080
64873
72190
65438
68125
45126
50649
74290
54899
48268
75180
60491
54771
54826
64760
46453
56264
46638
51428
52558
58349
59447
42975
54420
55279
68653
58503
44162
69877
57391
42953
61533
47869
75469
71242
44362
64872
48504
56582
52322
68793
63286
61752
58120
67994
69531
67449
56698
53536
51700
67115
47015
74319
69829
63256
47169
48353
43382
48215
57874
56643
53321
68720
69523
47585
53391
63935
60603
58787
60700
67870
49941
48055
44280
72638
52245
47250
57431
45142
64940
58417
61899
49024
66842
45477
55225
46943
58372
63438
47626
55942
58310
59239
73762
67093
54026
74306
47894
74533
49562
55253
73753
51047
44658
68342
67384
51463
56346
58595
57928
51671
48946
47493
57372
64937
47950
73974
45051
45052
74245
51776
72016
52444
43077
60264
48036
61699
50665
62123
68298
50500
45966
56583
56153
43306
64162
54781
70496
61660
52157
66710
54100
47683
69429
43428
43853
73071
58349
62282
45170
48183
65645
43454
67250
62752
43576
72014
45750
48513
46937
56737
51219
59108
52800
62016
51139
54190
55244
44116
49878
57091
55209
65970
71013
64484
73436
49428
52680
53146
68764
73641
70664
52056
53604
49105
75159
67868
59462
70945
47423
61398
47746
51630
57177
58060
74071
67720
45631
65597
47641
53636
60164
45892
49284
47679
44642
72960
58192
49247
75251
71922
50949
69916
47524
57510
43793
59904
64872
70294
58648
63210
75561
73803
75403
53593
73988
59333
49276
66791
68533
64541
55729
48404
50512
57705
51959
65605
51251
49120
71096
72717
63032
53823
43216
75434
74799
70507
59293
47571
63883
61271
75605
51889
63579
64296
71325
49963
49532
63639
50007
49254
59661
43159
45755
72332
61220
45368
49065
72141
45247
72396
45885
64676
58622
75848
52133
45916
64143
69357
75055
62674
59753
53543
47526
69756
52413
49333
59871
74154
55593
60426
50575
67596
66352
64243
66911
51573
59879
48763
60227
49374
55792
63500
64775
48814
64684
72662
52523
65081
67501
70260
50672
70790
65642
48589
43699
48213
59447
50489
50042
74592
58484
60646
59085
72930
46852
64633
54727
56662
72449
63736
73324
74625
55725
46567
63549
62130
43948
65969
53002
49737
47729
61770
61448
50806
54775
69395
68899
46659
45745
61694
68245
45781
50115
63986
51896
46062
66930
51825
60440
73143
52185
74872
44493
58301
59870
50854
60936
56633
50277
66209
63211
44692
75204
70326
69022
60458
58742
62143
63391
55887
47123
49226
59993
61071
47999
58871
71929
63034
70498
71202
54397
67105
43481
55490
61965
71578
59500
45201
60303
63178
64831
72558
61046
58915
65676
61951
52442
72491
69200
60058
66766
63615
75845
50022
53742
43288
62481
55229
64823
65742
43453
74965
57116
50714
50792
65952
51157
51488
55101
69104
49659
60397
61602
72927
58194
65533
75186
73326
73702
72960
70638
52332
54105
54493
55087
73370
62587
59640
63968
51724
75547
58545
46441
53202
73757
49453
71406
57048
69581
63064
56378
68875
67187
73002
72950
43965
67368
67370
70687
47947
48359
61233
73143
49661
67047
75633
48314
68141
51496
59573
48467
68524
51788
75498
51024
66657
61353
69343
62676
66611
44700
69961
49483
61482
70176
73482
58531
49360
69535
64179
61114
65502
73224
49991
46866
51476
49953
72770
62668
53865
68383
71385
70356
48996
73332
49284
70745
50122
59880
64186
73088
55673
68843
65531
62553
69012
66089
47636
69138
76000
46688
52639
64618
46958
65902
65225
53097
45947
46511
54104
48974
55188
47493
71148
45770
56318
57144
73348
62827
74580
61185
66629
45659
72306
71521
72823
67402
53138
47031
60113
50089
66741
47378
59126
75801
49477
59716
47935
47651
75512
68664
57531
65577
69111
71557
48244
47516
44096
52290
74228
59248
52296
74525
57096
47309
55013
48807
46276
45064
46188
55282
57799
70609
51478
55646
74177
65710
69801
72624
50738
44712
73044
63844
52340
48963
64986
44101
70907
75700
52979
76090
73692
68431
64495
61027
62092
72255
62108
63332
68330
51321
52842
52225
66432
61683
48845
56556
52486
47376
44259
74458
74024
51295
58455
46044
70282
75910
50053
49901
56840
57721
46814
48583
57666
75248
66446
64764
55896
74775
75101
47681
54514
52871
50131
49421
59524
45429
66208
68963
43984
75817
45371
52459
65964
67250
73160
63048
74501
68569
69439
60070
68132
44883
43723
54674
74544
73787
51312
48911
58868
67519
64241
66534
48355
58393
52977
75837
56665
69569
66904
47211
62756
51424
52472
44043
53571
52488
49009
65359
57837
56611
75089
63128
49110
48554
50560
49219
71341
67352
50140
59589
71913
55965
54048
54522
57541
53014
48650
46778
57993
43581
68541
44974
54284
47645
50020
71265
44407
58058
70424
70042
75595
46158
56836
65002
55718
72934
62918
53633
57538
68463
66329
62021
43710
71195
57777
45606
53921
63848
62311
58795
44188
66387
44694
51409
59279
48840
60357
75286
59343
62302
46726
62417
48935
52545
75165
56260
58908
49519
65125
57588
72309
66088
75632
71609
67323
71583
44654
74769
71806
61686
58704
62009
74776
65897
55981
56703
49846
48586
45412
47442
67027
69165
72579
61595
59783
67556
64615
44880
75713
66478
63013
51781
53456
58411
58921
55622
52521
73875
70941
46948
44132
59304
73229
56716
58759
61161
53448
52062
60551
49673
70537
62011
49420
75423
67542
54944
55925
59423
63145
56243
70940
73737
51150
60700
66779
52832
67724
64278
53455
54878
50567
64710
64603
45926
48101
60619
49520
64058
75184
62486
57356
64110
75131
46844
67329
70685
70985
63625
47608
71130
48298
67608
55477
46825
45607
44320
43933
65968
60384
66897
72053
49768
50036
67808
60012
52760
61729
76063
48220
46532
49709
48464
68685
47585
69252
45499
63803
70157
45474
44286
74777
56573
68275
73637
53525
52407
51193
61946
44574
58113
65903
50206
58019
53785
59052
62553
52382
54694
66569
57263
69330
71663
58118
69812
54352
63307
68074
53409
60736
49112
73386
52902
75998
44400
45324
53634
69827
51673
61452
75602
59750
64316
52863
51110
72674
55001
56054
56282
60666
68600
52965
74148
75098
64291
71941
56297
69407
52626
59126
50645
60570
73959
61993
48170
52305
72476
70653
69848
56903
64185
58664
48335
44670
63306
60505
58385
59577
67088
73756
57355
67974
55031
49149
50213
73852
73160
51440
69784
67522
64416
67824
67455
46289
72865
71143
55346
67194
56807
43982
70863
46122
69565
46613
75289
49773
75793
67653
45446
73905
63782
68068
75155
54349
49289
55705
57435
54465
74310
43920
74856
64831
58459
59168
53193
46955
65133
51115
67940
50016
53690
66758
55438
49395
73039
50586
56025
56891
66171
58250
68653
53073
44419
49175
54555
62292
63127
45568
54125
51888
69381
52653
69890
74400
69293
68813
72921
72178
62901
71999
47723
58123
63102
48942
72510
59178
72662
51841
54967
44785
73583
54130
70704
46113
66703
48764
72522
65701
51978
62331
48772
48850
52846
69647
54285
73453
75133
72001
45271
46573
71136
61545
55789
47491
61465
69455
57350
48472
59322
53136
72026
54678
48084
49475
44468
49833
50099
54493
75977
68167
46024
56402
67272
74157
44775
75645
61234
68908
63411
49090
70124
71909
54870
67314
55955
69329
67189
48494
60943
69124
49506
45968
75371
59186
47252
76358
65763
74354
70741
75520
45631
70210
51899
48845
54624
71627
58073
72896
59417
64615
63542
51097
68160
66657
70271
60065
45828
73468
75128
75222
53376
55222
52536
76104
66961
60621
72342
73667
63973
44803
66527
44206
61525
69278
52682
65843
71541
63924
65709
52385
51305
61349
48624
68622
75770
60905
68034
64832
56809
72204
56588
47310
54914
52470
70563
46978
49781
58224
68290
50946
51426
63460
66487
45487
73651
59748
73436
73166
65070
54254
66249
59366
73162
56815
66504
64616
48450
65285
57226
62613
55785
74761
57624
64157
70461
54349
65803
47364
60606
48162
54784
55626
57857
49310
59719
54731
65792
65692
50139
74468
65204
59139
51095
62295
63974
45644
75942
72689
57410
70974
72508
55914
76205
54524
67971
66444
56792
67650
58841
56471
71701
56300
60728
74725
64874
65720
60917
68810
55524
75340
59054
45758
53806
75643
70014
51134
62050
52164
44914
66031
60191
49691
75841
68741
54236
47341
53815
65507
53628
46942
63091
75011
56354
72661
58706
67609
71494
58298
44843
73331
61449
73854
54589
66468
62917
48604
67301
70113
73961
64863
48917
55723
64516
52005
54785
48303
58143
53218
56091
45034
52560
58407
52034
59664
54412
51429
63286
64303
61373
51501
44624
75407
70420
76089
65904
57310
76449
67248
45622
53897
74529
69158
74357
57965
62743
76258
55268
61615
58910
69093
59415
59368
62589
50472
57518
54150
73980
74788
65485
67183
68342
50327
53452
70887
70320
61062
65839
75187
62953
70270
66008
56958
72370
47392
51323
61309
64640
68573
50515
66127
61312
56061
57619
69671
44586
50406
71456
58156
58649
58011
65533
50976
45338
73091
57350
44352
50051
70252
69218
51052
73926
75215
51251
56968
44357
44373
50191
59426
64616
53915
72116
73557
71149
70450
53751
74989
75136
66027
45822
60107
51340
44369
72879
61068
61008
53110
67944
67429
65077
76531
67313
52049
47199
47402
48047
53103
66690
69070
52250
51109
74487
70566
46193
51594
62479
67213
60076
46723
51623
52926
56498
69932
63228
74062
73420
49657
70337
68090
56921
69405
73583
49699
60612
52138
69085
63767
63156
66042
52752
61842
48002
73039
57940
71813
55536
54966
75915
63765
65304
59697
52678
45543
73890
53524
73746
53147
62266
72368
45717
45206
54337
66607
67545
54789
58819
63167
46695
50718
63402
72435
48024
58281
69937
68709
61608
57024
44699
61601
54796
74451
67364
62782
76037
58863
61240
63822
63350
48447
76515
58873
75251
56019
50313
64100
72730
55456
48087
69336
68390
46280
73977
70432
66241
58140
61453
52274
51226
71647
49368
70930
74552
45005
73400
75508
71310
55644
72922
76961
46287
58178
64173
75035
67843
54327
60567
55684
50395
45052
56550
59964
76097
69020
47369
46922
56628
58098
73472
75773
75475
76139
65297
71122
47799
49166
67005
56985
71046
44729
57842
57812
70597
44717
48002
60768
48110
72780
60884
56663
61123
46626
56026
62260
61921
52515
59970
75832
67736
51763
67825
65293
69370
77036
48301
71850
52018
59291
73753
69750
59672
48267
56039
58288
54274
65671
59977
59406
58076
59034
52648
71076
68219
47385
60313
75784
68142
74723
49933
55988
50838
62440
48327
50347
50872
61416
45332
71520
67409
44669
62902
50387
71785
68956
67617
53501
47403
44504
75754
53870
58868
72360
62844
58933
68778
64233
59661
72448
56143
63079
46544
71556
56534
44824
60780
65567
55349
62441
63406
57276
75195
69821
45690
71672
61092
57267
52744
72835
68331
65448
47437
64968
61791
54270
45750
67280
60921
45467
53532
62051
70253
56628
71925
64369
70911
48843
61895
52401
70040
61046
69603
70536
57625
65123
75343
47660
64239
75289
62724
68873
70888
45824
67417
53092
62788
57892
46784
66366
76560
67382
50608
59515
73903
74964
75490
63299
48314
55817
50368
55721
66826
51480
56603
75914
63506
56181
50460
61368
69746
67349
76157
48472
75466
63719
73464
49289
75212
51363
71424
47943
50326
72130
68784
52110
47934
52685
65025
53186
75182
76763
66879
59982
67762
74070
75454
59532
77135
65533
75465
69861
50775
56623
64475
72761
70714
63078
45330
56960
64287
48898
52448
58034
48947
64328
69636
64997
56129
68778
73912
73141
75140
54088
63020
54761
46777
51384
71732
61780
51063
47106
67389
68088
63427
46831
57478
60530
46304
50308
70285
51858
45412
45257
46535
65865
74641
45519
56723
62920
48609
51696
62833
52710
71139
58201
65135
67522
60742
50374
49381
46250
69939
50061
50786
56124
50145
55006
45030
50379
58467
61513
48210
47621
51396
48512
70428
62162
65109
46943
75591
48511
58438
74281
50835
74011
54388
58133
76017
65313
52866
53001
70713
63576
55595
54949
59423
71928
69078
45955
75364
69646
66155
64189
52041
63009
66918
47280
68169
59158
57386
64000
49927
62289
70551
58845
49798
76829
49886
52612
74904
53070
49300
54536
59801
54821
61958
72018
70748
60275
64717
63334
58470
68865
62114
55529
65626
56368
61299
76256
74933
57821
56758
56251
76475
51591
54525
72082
64434
55220
50890
70062
50253
73616
60837
63563
64619
48088
45677
75676
71426
69366
64492
65808
61013
52846
72877
62420
49262
56696
54034
52377
53192
47854
69537
45719
64588
67177
62879
62930
59518
57512
51680
70300
65273
76593
50141
69211
60441
60218
62727
70028
57335
54217
47707
58120
76954
47899
60471
75910
70763
65347
49260
69730
56554
73235
70292
51357
63904
66623
67238
59172
58196
55232
47559
75605
61314
49527
62819
73919
48137
64019
71805
56105
66340
73268
76611
58326
60315
69072
53478
51208
76091
56023
68520
71875
65923
68370
67383
56275
67744
45393
56633
69137
76444
74181
67624
72417
54482
50603
63584
60671
54181
53802
65398
64636
47217
59007
67020
65027
56258
54615
48738
71521
53188
73084
52463
48452
55035
54708
70193
73283
45876
69607
70273
48927
57532
63359
76458
76873
70095
77588
67323
58532
65107
45385
69787
57739
56263
47345
50461
57366
70006
62583
76884
53145
64752
67708
57449
67950
55994
75201
56362
46581
75589
46664
66469
66264
68637
58806
72438
69268
77155
67836
73565
77109
60285
76086
46740
60000
60684
46547
75871
60567
66846
74231
71268
73145
51622
61725
58941
48328
60969
63233
70092
48367
46777
52925
53710
71108
71463
52530
54963
59594
53877
62121
66478
73786
77450
73658
57352
60163
69673
69998
45753
47631
70436
59552
64569
74440
62157
49321
49812
51931
54958
71996
58301
49467
55162
71566
57892
59498
53315
58042
57226
54772
53228
73573
47636
52028
48866
52893
65439
76666
68871
70663
76628
70405
64495
75578
57724
62414
55631
62566
73109
56109
48562
45113
67237
50401
74606
58115
56782
73554
59863
77592
47907
58648
71858
54902
68794
61377
63469
50087
68610
59343
53133
72169
73047
62977
58343
69773
52692
72148
66067
73117
58217
51528
45214
46017
45869
48615
55423
71523
45557
70404
64076
69394
62245
72001
50094
62244
68038
66388
71955
57504
65497
53258
59298
70491
55275
71051
54132
76640
52458
70113
71169
57749
50231
74932
73944
61340
75260
71255
55444
77560
69568
53257
64523
45937
70969
59764
68552
58553
66401
77690
50620
56143
55756
67633
67888
66724
60984
55340
46846
53885
61030
52477
57857
63896
46120
45303
58314
66450
73660
76857
76180
47112
60504
71400
52602
73981
45830
49339
53224
77435
69554
53693
66896
48509
72833
75854
68638
67085
46949
55403
57069
46250
50671
77872
55035
45804
60260
58779
45786
58219
58642
53651
62825
54492
65764
56361
45315
45181
57909
65053
70390
59316
67810
64420
49975
58610
52899
48232
60500
50142
52891
58577
65449
54448
60205
70787
68055
61146
58898
60968
76658
55022
48808
52335
68090
48060
51853
51284
52493
69306
48237
62627
64474
48042
68888
62135
52953
66422
64216
50312
51642
65119
70401
65509
45467
67926
63945
50941
45949
74410
58458
76324
52985
63972
63782
54996
55599
46832
68219
47090
76800
48253
57175
60243
54653
59813
65149
77951
56222
73425
77768
46261
59448
68055
75712
57391
61737
64870
69995
67750
45269
55204
60006
77081
66263
48149
58675
73419
63728
74943
50645
48011
48195
69260
60570
73015
69317
50415
66361
57987
65775
69834
65564
62711
77750
52880
62463
61495
73404
77735
54714
69255
66248
76560
49243
48782
69748
57673
55160
50778
74533
63346
50628
71589
53312
77232
68063
47447
47771
46287
66931
59980
47666
67371
66172
57686
76828
51408
74471
52870
65213
62176
61023
65959
52796
52789
62052
55820
75063
65864
75933
58252
46518
46417
71535
50378
73310
71344
57550
58042
69608
46220
45907
56672
59089
66490
53647
51675
68946
67808
74656
52643
47506
60890
67329
65295
56347
67164
53415
77594
53898
67545
46409
65638
45707
63652
68607
61313
49413
72278
73486
77928
59794
54127
65282
66889
51762
56384
68606
62093
75584
45832
76113
62486
56229
72541
53065
71621
72011
77005
61260
74048
69077
46278
56868
72434
49037
61363
47259
63571
46749
56680
63048
77161
50819
46272
73384
57231
68543
47748
54385
70517
61902
65423
76578
64616
54620
51760
64223
53459
71350
77520
75388
51206
77950
72661
67544
75063
75426
56518
63084
62406
57742
55471
72739
55494
51617
69575
68716
73144
46814
72784
53646
55449
67813
47807
58429
54560
64289
72989
49514
74561
67906
69037
70239
61173
63470
74959
72458
66877
54707
71204
58009
76388
67649
55539
51784
75141
47574
77771
67191
75086
47865
54122
77312
57859
76907
50398
54215
73926
66907
68330
56979
64533
51673
57003
70428
71060
66957
68475
66661
70925
57001
67094
56907
71861
54556
65276
48734
64177
66057
62486
69361
69592
60279
66971
71789
50107
49226
70197
48363
46562
69746
56928
70145
48217
54626
51987
52443
61292
57027
57251
46222
74414
63338
76516
69290
61248
54920
49041
47630
45903
78113
53230
60417
76511
65472
76971
50046
67015
52328
76556
75470
73469
72909
46663
73565
47380
52420
69678
75718
58371
60665
66829
73776
61480
63968
71382
56541
70285
65262
58235
66304
73321
64008
51868
75727
63466
70460
71266
58842
74801
64687
76715
56475
72351
69334
66919
52814
47951
62697
65345
53251
69347
64917
45955
49137
45956
58354
61491
62989
72484
74932
67458
58075
65286
45989
65384
69764
76929
75091
58504
47658
69377
73989
50265
60792
72526
77556
70279
60029
65553
46776
64919
46522
49044
49665
63179
69753
71369
55175
61765
52065
54670
66116
72814
75592
68655
55520
73113
47176
45612
72045
68836
65301
76349
77140
47455
76941
51092
76175
63601
50065
47202
73497
66679
68884
63900
53155
77485
70257
47103
72329
59474
70146
49746
46596
59143
74222
61675
67745
59513
62786
75380
46834
55615
63300
52719
47491
58118
78084
63992
69391
75243
77107
67914
57076
74024
52792
62597
73701
69363
51841
76079
71391
47011
49943
71160
49758
65557
75894
52290
67024
46926
57755
56032
76106
59233
59742
50718
65914
77203
54786
49410
54237
56766
65291
68562
52017
62707
46415
72662
69678
73571
49488
61535
55921
54656
72649
47369
69049
54367
70791
78140
46933
62817
56186
54521
65501
76050
73740
53971
58657
72017
47793
57147
53343
46770
70848
52481
56505
46368
49793
69400
57829
48071
66439
67482
71463
52273
73024
51211
57980
74926
50122
75490
75800
74234
66824
52805
77331
58394
59894
75797
59488
47751
49721
52010
49406
72590
52731
52704
77938
76535
47605
74194
47732
70629
74189
56549
74473
47613
68771
70537
61201
67018
71655
75835
67330
53344
50285
46158
68437
78400
72131
60908
45855
47484
70594
77656
50723
51996
69219
66421
67397
46015
74708
56204
74562
76678
78027
53834
63391
53549
62235
73736
50655
57467
63109
74832
75513
75741
50128
75932
54025
65870
67099
49248
69958
53881
72307
59979
58420
55330
48545
54986
50715
49346
52293
63439
68023
55921
51497
48592
45873
55305
73167
75282
56654
61833
51532
65063
65255
58295
61785
65718
74905
70410
68008
77690
62141
54726
66932
69261
66458
76137
51036
74983
62938
55110
50033
58913
48955
52336
67470
59775
71559
75993
73192
70190
69574
51643
64997
68810
76210
54071
65330
50724
66411
64829
66320
48961
60268
75691
51182
58022
61630
63929
72509
48850
50027
69780
56704
51725
63798
65865
68770
70496
68233
78309
51341
66789
72623
52698
67064
72513
58947
55717
58240
46702
55017
76206
54523
59326
45884
49264
71945
57628
56327
55257
77035
59797
65463
72180
78489
64280
53520
52421
64782
60794
71200
62837
46823
53949
74609
46767
55084
59538
71555
61001
55406
49948
60025
54823
58898
70903
75283
76892
62444
47225
55772
75411
62480
56888
73637
46254
73444
66764
50225
54956
65914
73174
59442
68048
50717
66625
77172
69887
60202
75719
50265
72811
56354
70071
60805
70766
73980
75510
50138
68536
71616
52036
58023
72877
60497
51649
48156
46601
49802
75440
46082
72390
50829
48762
53929
71999
71512
54774
74785
48533
49050
65511
71596
66386
78020
64455
62324
51788
62562
61891
77946
70349
67500
77830
53967
50416
71000
52538
70150
67406
65971
54348
58857
59610
64752
56688
52075
57866
69568
47206
54750
61752
54819
68603
57446
54855
56445
69330
62382
78217
53996
48484
46041
68064
68313
78150
60092
65060
62157
64939
66122
75205
66694
46377
66383
58546
55627
64704
60514
46713
55420
53272
62740
46255
46189
56074
69998
56466
76148
68706
51611
55277
78657
50659
47585
52540
76910
52620
52950
64273
68695
58394
70096
74422
46892
74958
72093
67092
70725
70256
62324
64723
57013
62868
71724
58563
58401
61468
49580
61819
75219
59902
46243
73536
69642
47944
53881
52520
48020
46945
67461
49790
60831
64913
59776
74601
51661
78531
72249
71881
60038
67722
49803
77666
54162
46435
47500
78396
62183
49722
76808
66633
74687
53551
55342
48457
59374
49561
78216
69099
52083
54603
65841
77621
75341
47895
54850
57637
77968
74385
55949
48281
72887
48405
57230
56428
76860
53260
47006
74210
62054
48234
77674
71750
47459
73595
48036
48081
48534
61664
77560
75726
78642
49621
68674
61436
51720
65973
51454
76084
74653
60351
70655
58699
61312
66074
62565
75322
74202
47639
54473
68732
63559
48567
52922
50360
49380
58989
51821
63648
71594
54564
50864
50969
69114
52100
56608
67484
61560
76401
54940
56540
73501
47573
58361
55977
76680
73120
52983
49940
78229
72717
46964
73428
73265
71974
78048
46312
55405
60298
54257
75134
65745
61038
71832
76820
47858
62690
68659
52445
46406
66133
47108
61798
58168
60508
52194
47225
73080
51631
57646
64834
72853
53876
59913
55728
65997
71105
73924
75806
57892
75868
68504
51251
67507
78021
59544
76550
56643
62582
71139
60038
47130
51817
51742
61466
62485
71387
78114
61060
71159
78928
49393
78603
59393
60887
56047
70105
50371
61071
68943
61858
66609
51818
67787
47750
48889
66609
73368
76857
56340
46280
55961
57185
72859
47028
69075
63039
72157
65754
56609
49298
59822
65417
75816
54968
56578
78523
56462
61463
68794
53912
67943
63675
75965
78652
50928
76352
48459
50362
50816
76787
57998
54369
73403
65076
68210
62270
75785
46367
57527
75233
64839
50795
61765
49508
62652
61073
67775
72106
75086
61745
66394
58597
52213
47282
65008
63579
75121
71978
73040
49769
69688
47741
57305
75208
68275
60872
77127
72207
57769
61952
71884
46457
74492
60374
67939
66537
75923
70878
48225
53035
53143
58865
54860
48253
77794
49360
62961
58190
59316
56585
64945
49477
53160
64543
67356
77701
76519
76005
79041
48432
75676
67115
54851
70441
50088
61596
70320
50463
59798
63463
68879
78791
55761
62237
46904
58472
78868
78938
50921
61853
79139
73640
65813
63831
64697
76064
53119
76833
61377
65107
54408
57768
68296
57064
61765
54906
47283
59526
61909
63246
65965
55796
54258
56325
75364
70014
56261
56239
64373
51867
60159
54481
71972
57038
52773
71333
78673
69066
62507
68131
77224
69849
50245
65663
49175
64894
67066
51955
49029
47961
69498
65470
57025
69964
77361
69741
64440
69084
64924
71001
52460
52954
73820
62065
66337
60482
69513
47417
78681
68195
62536
60435
72963
55104
49056
67262
73840
63287
62601
61468
63878
74976
55366
47416
70328
67640
64757
52615
66614
67839
55909
63598
70496
73822
59687
58373
50817
60877
62440
62747
57530
70452
70398
75898
55868
72784
67136
54635
75962
62809
57627
63869
60447
79074
48354
61827
54140
48384
58726
50140
52804
63406
78791
57335
56763
78448
68489
63253
72364
56631
77290
53841
50010
77957
55155
51678
58810
65233
56270
49553
63967
79149
78807
52895
65718
53030
78325
60071
64243
49644
53419
55283
52299
74419
53098
72443
57060
68696
70058
77098
72458
67656
62521
52453
67363
65182
68818
69322
74725
61835
67569
70709
55494
67579
71910
68361
66740
76661
77864
55981
67335
48451
60397
74324
54452
75476
63223
60546
60867
51550
51633
48076
50947
69831
65914
54495
64508
77254
49729
59843
56613
47942
54866
68193
77399
54027
65647
65091
76162
54679
78883
60316
72095
59727
75859
61320
74213
62682
63510
68500
66880
71882
50631
68737
66047
60542
70744
52805
71116
66118
51944
65875
48610
63177
71320
54556
67450
69540
73371
76758
66694
77140
48781
47996
63650
70742
47878
49174
53832
53644
74862
74554
50243
48611
56339
48339
70502
58675
61304
69921
60541
54375
48625
77825
54916
70365
72812
72047
70935
51984
60306
52041
69418
58996
54287
56405
69114
73889
73005
51334
59459
54708
53672
53883
60852
69618
75454
73289
75424
71855
55685
59770
48118
69743
63105
66646
72563
53834
49014
61537
76822
75413
74619
51236
75477
67774
64848
54320
59278
66680
68593
61793
51776
60952
55659
76896
59515
64063
66543
79467
51989
63674
72997
71513
58399
46758
70594
49368
58647
52184
56157
59130
50527
55164
50815
49648
68846
61435
50937
72981
46918
51747
67706
55086
49830
56194
72032
47087
49024
64530
71119
48834
62509
51996
67840
52933
59616
56150
63708
56337
61401
59982
53194
65090
64987
75532
71877
68660
59103
52211
49585
75018
54026
69609
55279
51829
65501
78520
62255
61491
74156
75955
49797
74965
63825
76188
61376
47046
61985
75461
52471
65673
56351
60534
65636
76610
71280
62095
74357
77432
48655
73838
66081
52761
79042
67603
66425
53182
70733
56450
52351
50225
57829
75625
78906
68141
71143
66051
75786
61028
52170
54588
64314
68806
77395
58646
54484
55041
62471
76619
77753
58436
65510
50484
73968
61001
64086
63721
55359
73618
63070
71082
69368
71411
63252
78718
55574
50256
59737
71193
68744
66216
58819
46851
78541
70482
52955
47863
47297
56967
73609
54922
53431
72993
64972
58893
47815
53154
58798
48307
59242
75384
65656
61175
75844
49024
64546
72760
58176
56520
63245
64422
64482
63641
54261
77922
59097
55989
68129
76001
72660
70365
50652
69010
55703
64662
60713
66240
61518
77869
56499
49593
67105
66809
61699
52528
68104
67808
77813
50400
51425
69916
75373
72818
55488
51263
52806
47521
52870
56693
69771
48540
61877
47370
47082
64939
57986
55852
59237
61206
58924
49649
59723
68163
52621
69532
60007
59678
76271
78364
62839
74941
50208
53973
49888
79429
68041
56739
77983
57095
58619
51740
63107
56303
78347
68118
60057
59423
51104
49514
59880
53975
50442
76535
47455
76952
72405
52969
62220
53129
65950
60987
54159
50969
54054
51066
64461
56038
63909
71884
64233
49374
59745
66354
78960
47779
55422
78602
63187
74292
76056
61912
54811
76235
47503
66885
73432
54017
69410
65384
62810
57656
69312
58437
62756
52026
47130
51347
58526
61470
71421
52675
53514
70508
57055
73533
75449
58497
58552
54509
72063
70964
60179
57086
61796
50105
62564
57061
69532
48070
69532
70050
49082
54005
54011
77634
76064
58474
63781
58281
62650
77749
54393
50318
64236
73465
68766
59591
69064
47182
55902
66759
78725
48741
79288
77925
58668
50283
76336
47583
75157
47407
50538
76318
66706
77190
54263
56891
57962
55791
57455
55875
67465
75635
75968
47415
58485
49103
64965
56919
69124
59605
49435
52128
51661
77584
62768
49556
48860
74663
70556
68665
73386
78211
73141
74084
55884
52660
72541
62519
79850
67345
64543
74217
56435
47391
69243
56261
73103
58933
65917
78454
77781
64733
74901
75393
66879
68732
55714
74259
61402
77110
60752
49149
56514
73484
51620
66557
47950
58439
79573
59455
58504
56090
73310
58403
71392
72323
66641
53313
55841
71282
76526
52139
57251
53037
70772
67185
78531
69619
55095
71019
52624
65759
63475
78642
58823
69648
48736
70256
67074
62983
79878
75098
50988
55632
56659
65146
48696
54629
68843
77490
61970
59599
53567
50302
60886
69262
74849
53369
49985
67259
75287
70435
69989
70252
63534
79841
58272
75480
79120
49477
64718
56252
79001
68240
58046
71933
70439
66165
48611
51086
77552
66336
57676
67988
69529
60279
69334
48584
60420
56736
52129
53789
49769
50883
55488
76196
79528
70673
74805
72108
76509
47365
50716
49709
50741
60137
56870
50535
56833
79261
58697
74438
62729
52628
51126
47369
50467
49951
56076
78755
67332
64238
66763
59233
60501
69587
75019
57934
65546
65994
72046
78548
57583
54839
60499
76323
68227
68974
66636
73175
73738
70008
59347
60628
60894
66069
59704
52085
70918
66045
52958
72423
70921
59755
52135
53199
75780
66012
56237
76851
75003
77588
55603
53399
56429
76131
56795
59494
74539
77094
50201
62868
65386
50064
56551
65410
76822
67755
77242
76066
58985
70297
51893
62043
47549
56864
74013
75951
48542
58470
50702
51995
64036
48632
73068
58686
59007
63249
60699
75198
79316
63770
77939
78824
58952
77165
49134
67734
50778
48478
74020
52822
58485
70524
70394
68808
72901
66068
76310
74568
47435
78583
70038
54989
55340
50301
50177
63249
68687
79818
53373
57075
60454
70736
65603
54297
66252
58517
61521
68057
55121
61495
62302
52058
65106
55085
53267
69878
59852
62031
77688
66787
60209
72985
53165
47891
72636
52396
52954
73816
73474
71701
74344
58572
62411
71122
69234
58736
50975
78482
78198
55571
64932
58685
63569
50294
59175
58420
69226
63917
53368
49114
73261
75464
59259
67155
62907
79795
75132
54412
58335
69467
78787
63611
57669
56338
65128
67752
55782
68405
59753
70892
76487
73740
56314
54392
75747
61937
71196
62746
48741
71093
66673
61372
67355
63039
67151
67118
56616
57462
55827
52773
52473
67170
74680
60803
61306
48525
49576
60376
66953
64688
58321
48425
59307
56459
71932
59889
73213
73749
50778
63590
78958
67541
48480
64253
73516
62608
58325
59440
50012
72996
74282
73599
63502
56244
68617
49077
70512
54789
63280
78444
55361
66856
62592
69843
55177
57434
57169
50607
72328
77608
63241
69792
76012
50903
79597
52902
48967
79618
57399
76771
51647
76165
60008
74403
63240
63898
52703
60313
63375
50754
56491
50027
48376
66535
73118
76146
52683
53567
56738
64443
65898
70515
60240
70737
79943
73089
78015
52158
58451
59103
73626
66767
62906
71009
74614
75160
65485
56924
69218
74168
76351
66316
78783
63966
49813
60467
75090
54412
66008
76035
50839
70683
55949
54590
76376
69120
58087
76444
61055
51021
77626
49517
68137
55931
78003
50303
49659
60006
60487
72770
79545
50841
73193
54570
49684
74956
72704
50517
71108
70571
69400
79214
53463
68313
53719
69841
65353
48181
68915
57583
79828
68188
58595
71668
52233
51311
51219
61096
48800
75542
47708
55699
62477
62148
76019
55653
53588
67389
73761
76437
48413
72790
62707
71751
79627
53244
79666
63091
63818
70008
65429
67396
55399
53745
60982
53182
54629
73267
60739
73636
71181
66991
68598
53401
79749
62146
67015
65669
77604
55354
51680
52026
77189
55318
71377
51032
79834
51085
65157
51821
60291
78930
58996
79969
73696
53015
55323
57874
55907
57168
79273
79675
51433
74809
75516
53146
79434
50970
53963
69458
77102
49865
79909
60046
48419
58481
48154
68711
71149
51603
49080
58632
60701
65354
53817
58127
57830
75475
54138
56375
54059
49996
72367
59700
56284
70844
62806
80095
59779
74836
70249
73363
74010
58869
77272
57303
67104
70386
69686
66877
71660
74262
79538
78474
55616
65769
79690
51734
63009
61999
79163
57206
64486
79282
63932
48473
55184
56641
66795
66224
69209
62201
76552
72466
58512
54467
70113
71262
59043
59678
74381
74658
67710
69919
50013
78651
53011
64437
60944
66622
79930
48690
63046
74007
54460
54791
70712
69488
51370
63439
67493
79701
75252
53136
59152
50581
54582
71229
61224
68971
65749
73855
59016
77149
79435
51892
59808
64357
78271
58937
78579
64591
67545
68580
78724
60002
74196
63445
69514
69442
49109
53871
54123
62741
62843
68257
62696
78565
54455
75114
62613
55365
47838
75420
78733
48184
62460
63200
53603
78670
75884
60154
75356
61712
51365
53326
77275
71838
60247
74403
62748
49303
53687
53032
57893
60985
67094
75956
59130
52170
51385
61778
62737
73270
48869
72957
50437
48633
71737
78248
50830
71487
73281
59522
52401
62794
57927
62583
51764
72981
64876
70138
78421
64311
71416
50178
53692
59657
74991
57938
78765
52491
72421
56574
59266
72324
64274
55595
80473
62569
64937
68374
80138
63360
49766
61784
69212
61381
49254
54632
70008
64781
59452
79201
71837
60137
76865
64261
58390
49101
58155
74754
79209
51058
80098
49013
59090
72824
74127
58541
71407
62800
66293
67377
48317
79961
67588
52228
79811
72521
53931
50215
77965
53711
65519
77920
56668
69495
78394
78394
65308
57549
71157
69197
76438
73669
70744
58303
78311
67418
75905
64779
49713
76406
68292
73217
67984
53778
75331
62223
63824
67230
68798
67006
63581
51363
56492
55935
72186
48295
52618
72616
76982
52817
54899
62906
79260
69325
74481
67813
76715
53874
51731
70606
67462
53666
64447
48015
64364
53490
71754
70911
59241
70795
58950
54069
56782
74449
55963
48967
52192
72258
75482
56663
72397
73376
65997
58065
56548
74066
56915
57838
56068
67848
66666
52861
71253
64670
49294
49122
70199
54595
73026
70751
64120
64474
56044
55698
63946
79264
72165
73279
54388
74767
60113
69968
72519
64515
80172
70170
68308
79900
50214
71138
60124
51811
72113
67232
66056
69936
51160
65282
61914
70475
79954
67508
69348
51025
59991
80351
67896
59993
65202
60144
63775
76248
51736
50586
74766
74946
57784
62494
69077
67570
54803
49098
76314
51660
69646
51647
49670
51489
66629
49400
57918
54098
77987
80264
58645
54713
71728
67875
60672
48708
78121
52448
58186
53091
63830
64573
53000
60197
74904
77156
71760
72094
72130
61101
68518
52875
78249
55651
78263
78393
60543
49611
53066
61858
69980
75874
74099
55769
60446
53351
76297
49833
73075
73625
73819
68729
78132
76610
55839
79219
61173
71284
49323
51686
71898
75155
75368
78824
68780
76563
69763
77375
64299
78211
51429
56962
76198
67275
52326
55931
61898
68786
59709
72912
62392
62115
74171
77026
77402
48304
75578
65014
61942
80855
65872
51603
57603
56196
79176
59690
62268
59480
66002
62205
77556
78889
66297
73273
68777
80714
53846
78437
80091
77580
63363
67072
75806
67972
48339
53350
78191
69263
48192
54004
74436
56852
80037
73068
66535
64393
71470
61851
64387
61113
68876
68153
68223
57796
54637
51472
70028
57447
66475
69729
54522
72829
50627
52099
62160
56262
76554
60109
65307
62184
49947
54966
80518
61875
76052
73275
71467
58537
52994
58497
65449
53182
73113
53692
70775
50780
80937
68431
54136
50346
70861
63285
56783
77326
59622
52895
53236
70897
68039
50142
57351
77762
68018
49028
79461
73533
63748
63686
78970
59885
66476
60709
73174
53487
66273
64334
55170
57850
55061
75070
78228
60060
73252
48553
61185
78022
72146
66717
65459
70795
55924
63331
73947
65317
66029
55206
55177
49977
78556
77270
63866
53852
65556
51919
79920
60373
61517
68790
57928
75940
59929
60196
53001
67780
72729
69255
75833
58798
79216
63173
67124
60958
66168
62754
70207
69401
49588
64867
74521
60975
50438
70195
67539
55550
78626
53447
62690
52727
64835
57278
51059
66149
56605
50507
70398
68010
61202
59541
77086
65996
81064
49758
76704
59697
52027
65763
67801
65959
66287
74500
57917
58536
66025
52901
66862
77019
77759
58964
48658
55517
75052
74284
73128
52034
80905
77817
75932
68567
56184
73373
75097
77354
54371
71858
64542
65869
57893
78448
56660
60630
74630
52945
74271
73514
73709
57332
72499
61692
77009
67263
49641
74256
51057
54729
65425
54085
79557
80759
65290
57810
68020
55141
81041
67536
50567
48903
51159
58873
55454
62864
60502
55983
75105
72466
78820
51776
80250
71399
63369
81000
66882
49489
62094
62231
75640
53341
68566
56949
74041
68621
51570
70179
67116
69045
74351
73668
64766
69286
74482
64189
74766
68106
71304
51512
77417
79375
76983
50799
52472
71752
52185
72231
79864
80208
67114
51578
60587
80816
58655
74970
62285
55810
65273
55123
49482
69719
68251
64272
68526
62679
58776
55073
73181
66471
49297
76412
67716
57872
58814
75841
81103
56541
52682
67906
59357
75268
63204
54978
74353
71049
78355
53885
51434
61856
56009
73705
69493
66066
76988
70332
75393
62177
76785
50862
66419
51759
54041
58496
74139
62812
64545
79933
53095
78191
79621
64704
56279
53943
66277
65654
79921
77746
73050
67429
57846
78637
56330
69229
76052
55725
50298
54222
75357
73230
54820
51435
63032
72042
80586
53582
68503
55868
53513
62187
77609
79557
50481
56233
65232
73391
76884
57374
65877
77809
54685
55194
74331
70386
50659
63848
76433
57841
70014
73552
67628
73636
67674
69984
64405
65823
59466
48877
64606
69368
67998
67796
60027
57769
80375
65797
57263
64821
80218
49987
79172
69647
68996
52005
70143
71991
73597
60257
70739
80294
55152
51785
60629
79084
76474
67478
64752
58648
53313
61285
52698
75224
69383
56959
62406
64225
56063
80861
78172
62865
78879
76652
61286
73171
64438
56845
56524
57924
78848
74464
51906
54164
56823
73154
72000
77614
59757
50964
51122
64795
60248
71871
65010
50467
69229
68724
74099
73526
61936
53049
51903
74507
60106
52769
77603
64263
56028
65626
53928
73312
70291
70253
71238
63106
61628
54978
63061
62386
79002
73571
68932
54513
79414
58625
77453
75555
63735
57148
77288
49008
52338
61983
75456
79083
61315
70890
55267
73073
59805
71189
59261
70100
69214
57489
74567
81209
57191
75345
69884
64447
49258
70665
58125
52322
78212
62006
75157
72222
66510
55134
79759
73815
80943
53145
58439
61048
71796
73040
78094
52955
60066
63301
78642
70889
48778
59347
66093
71298
64927
78200
72221
54431
66821
56464
49780
71477
57834
53859
52465
65629
75801
76130
49359
55987
71372
67246
50748
75515
65474
80090
58892
77067
74898
61426
61871
70629
65087
79548
75616
50467
74508
69949
59040
73624
48786
58495
67811
81204
53263
68498
78473
53288
74497
81361
77839
56139
79348
76390
78727
51644
66456
60689
67141
76233
57878
49189
66268
69392
60580
69587
60233
57316
76632
53930
61293
70131
60729
52063
63425
72229
67740
71626
67653
70599
62894
78130
53177
58088
63309
49610
79632
54787
50716
62331
66850
68319
61910
72676
60065
72372
60642
59808
68174
53647
63016
63175
53612
62711
54564
58551
78965
56785
72760
58644
74765
59777
58695
54285
52788
67154
81023
51169
65471
57112
77174
80290
80393
59924
75385
76602
53478
57111
75297
61099
74968
55530
59174
62107
52614
75246
65144
79887
51305
68608
73612
54647
65481
66463
64244
76523
81384
77393
60211
76724
57469
68674
58319
57614
57443
79151
54952
68140
65939
71810
66439
64893
48976
67775
58874
77614
51361
71198
79200
65776
73988
64634
76608
48891
80225
75881
66527
61010
70973
71597
60689
53321
53296
71883
55119
48965
71577
77305
56586
51396
60560
71485
78911
75933
49692
51156
56908
67976
52134
51921
68098
77536
69550
56070
56315
60328
70333
78375
69933
68301
77467
54061
77760
68778
59841
54265
80413
56785
58129
59962
71752
60169
75205
49040
76655
79507
63910
53490
49091
53938
66430
56653
53382
58730
51663
75629
53861
72071
61893
69409
63497
73953
51306
50586
74985
76767
60441
74005
66146
64058
76341
54202
60169
59651
58650
68035
73792
74216
71252
78560
65031
53171
49424
64218
74005
64531
59599
79223
78632
64159
57442
49567
53657
66840
66834
75708
49715
60654
80415
63335
59973
67078
79980
75840
80886
77499
67192
66077
69081
71971
76944
53352
69825
80275
63811
58562
55255
65125
59927
77036
75497
79096
68730
57320
64261
49145
60155
67163
65863
66273
55994
57910
61423
75455
81181
63893
62902
72760
68037
51432
78691
65228
79041
57424
62361
81243
50433
61516
70899
76775
77581
67988
55891
58011
51191
70725
71030
69132
58509
49727
57292
70848
63700
65739
54663
79341
52146
77186
67314
66946
70379
70250
70661
59755
68431
60769
75318
64529
57649
67263
81041
63521
64794
72503
65035
70031
67775
72958
67092
57306
49201
69679
57195
81297
58196
67183
74038
49430
56210
64973
57938
78498
59856
75499
63208
74633
61601
54883
76865
68288
77498
75108
63195
68252
64935
66972
50876
50140
59580
52315
62982
55786
77901
63733
67020
68702
68898
80488
72996
68036
51237
63550
65149
57247
64094
58037
59187
76718
67873
52766
68961
62061
78470
56707
77815
81631
81434
49292
60684
61323
75220
67747
53877
54468
52043
55639
56470
66606
68901
63486
55160
66942
53459
65183
54812
81025
54396
79375
78863
78944
56630
56153
54591
77858
71036
54371
71693
74866
77789
71631
77219
65187
74225
52256
52360
56561
68497
57886
61809
72714
73287
77435
74331
56781
71940
50870
59350
60753
76817
75072
61604
74793
55624
55518
70530
79078
74884
49998
74566
65246
75862
76589
51498
53036
58106
75032
55656
78584
53129
71698
54791
81657
73583
57637
70644
61495
75808
55884
79444
68118
55559
51345
62489
71056
52671
62835
56275
58818
53382
63370
68041
50602
57583
61038
66633
78639
70359
79316
78396
52065
55705
54266
73725
52227
70534
75590
67180
52807
59791
71466
51262
73432
55109
52298
55703
55069
61188
78817
50650
72637
77418
53856
51136
74846
63246
76121
75687
61619
65391
79004
54317
52917
53291
49824
59646
71216
74098
76836
71658
81282
76985
77589
75835
76703
50867
61619
65605
60249
54653
60144
60734
74719
63257
51480
73040
64131
60445
63415
65517
49600
72364
60344
65635
72059
81318
58570
52912
58505
70684
77576
76439
79730
75015
75736
58611
74868
60217
68115
68428
67787
64915
50535
61864
81712
67449
58618
69283
56224
75139
51536
56770
54366
64117
80239
80901
80955
69746
69441
62139
61973
55916
66361
58522
59806
59871
56121
69903
61790
76991
65716
57811
72188
51119
49680
63167
74425
57459
49998
58337
69437
60584
57836
71119
51862
55474
69642
53307
64382
72439
60109
64200
60892
67403
69633
77852
79246
63146
63234
49975
61030
71469
53468
77571
81266
63543
78769
74796
63361
75503
71003
76081
69858
61172
55635
65724
80495
70476
62929
51759
53195
70557
62517
69759
64231
53663
53414
80709
78027
76497
64761
71186
60307
55915
68308
57859
50615
79764
49427
75158
55952
74710
73834
77500
69656
81359
72524
64304
77298
76841
66828
64262
58794
70860
64579
57735
77885
70737
54385
63548
74972
51642
49895
75849
77037
51809
53988
77309
80211
70191
58622
76454
56559
50190
81347
67754
61542
52897
59297
58835
74533
51506
60419
63467
73123
72940
75709
73609
71910
52810
81578
73002
69449
64207
62099
72835
60028
57080
57683
68118
53964
63599
60985
59140
66469
71809
55982
69410
51541
64210
53784
75086
68626
78927
60670
72196
68671
69221
61292
65580
78827
74352
50841
74806
74139
51575
68039
72041
53321
78870
66155
78200
65708
81595
65422
70231
51130
54806
63603
56908
58988
65482
49786
74313
52929
56169
56900
65145
64005
77727
73752
81177
62547
55213
79749
52105
82265
75033
55881
51619
65115
68004
71282
74571
58746
73085
69571
59463
71223
54708
76889
54866
50995
65265
62607
51563
50488
53350
76318
67187
58237
76546
55945
70647
82214
55528
61624
70987
67595
57631
68066
56280
67770
50059
70065
74422
55231
78108
59809
75902
53283
70725
73642
72537
73522
64944
63518
68445
81281
51504
52948
55066
63792
69367
70534
50799
62829
79113
58744
51107
49977
79088
70234
66224
63343
59825
64624
79586
57858
64000
76784
71329
51846
78512
69548
71051
54770
58733
78064
56519
63908
73645
57006
55701
73637
52708
70616
72233
57391
73463
72974
60601
62572
80884
82297
62677
50817
75776
62199
76535
49867
56465
51576
64091
52840
62941
52648
61712
67322
66450
54990
79440
77735
53703
65523
80653
61285
81458
63560
55500
50292
60828
78530
53942
53547
62867
80135
60652
58872
52831
75149
69148
60579
74039
67840
73554
71890
50868
81637
73232
66002
67973
62846
70816
67988
65893
60653
60585
79094
72266
78235
53249
55620
72671
54747
68546
49919
50485
61131
76192
80349
53429
55419
78713
67088
62554
66898
54574
56011
78365
56493
53426
51715
68784
60616
63584
75123
62574
62434
74642
61666
65683
66716
53615
51624
51368
51619
60932
59247
62018
76942
60823
72247
50924
58378
78391
59805
58978
77108
61336
80220
59648
78918
65822
71444
67193
61558
58936
70986
70860
63259
55535
55216
62324
68114
78527
79015
79583
58720
70565
69635
75810
69656
65401
54030
60651
78976
58750
75215
60343
50031
50744
52620
81989
59129
60285
54413
54346
67662
59087
57123
61542
60640
51689
53737
55639
77508
52632
77130
52589
70747
56012
82499
63037
68401
76271
74858
74394
51749
60533
64816
56513
57035
79029
74851
78036
76302
69623
74231
79754
69658
67278
64773
80164
57209
63400
64532
64675
78715
65443
80536
71480
54748
58786
79800
53244
58273
80801
82516
60385
80195
76357
58951
62952
59919
72375
81641
55189
50893
78515
53976
54689
79776
55004
56569
50414
60717
75603
75449
68544
77055
76423
55193
49961
81194
72271
56809
68805
78639
67382
54483
61608
76320
50709
68508
55189
74757
56296
70183
62832
72317
56282
61115
79862
66217
60322
57605
69036
51269
57874
54881
71957
66584
78829
62293
74792
61839
74490
54878
59393
59301
58198
63472
64727
55557
76558
52152
67118
73587
57325
67364
61262
71272
55187
78117
52211
51452
56775
57140
78150
79625
62735
50067
72460
62862
66941
61653
78110
77393
60875
63136
65817
82633
76459
80818
65622
71226
67672
80162
59933
49954
70257
64232
52757
81876
79367
68000
58111
79459
51701
74123
61860
70593
61807
56023
60428
70184
68830
75552
66801
82617
77035
51254
56179
55908
80858
74785
69390
50695
53530
72290
53192
51674
58138
81532
81583
77834
52062
72627
78466
51876
53457
58900
79023
52405
76893
81077
51837
81584
80825
57662
56971
70159
54914
67752
56953
71741
63886
76101
57573
57524
81021
59905
59289
82530
50576
71399
70146
70738
77759
81639
54245
55688
71429
57046
66637
58413
81663
81334
55496
78828
67509
56888
73938
70555
74936
76159
54674
80414
51821
79655
53700
62088
50600
54918
50679
69508
78204
81201
81144
77300
81746
65218
50318
68311
50489
78297
69223
61552
67197
58977
73043
65189
60027
53525
53936
53925
71091
53314
61477
53709
71967
77262
57748
72653
76740
82553
58185
59398
74374
56931
55416
53815
72256
72399
58854
55897
67604
63782
74982
72647
74752
62271
66183
65442
57778
57565
73484
61044
60318
54905
82332
50451
54349
57666
78907
69833
61944
50275
72697
54961
71765
72580
74089
60004
74929
67219
64853
71637
69695
82628
81328
74874
64688
54486
54988
60333
61187
75929
54478
72273
76959
51629
82270
52664
61087
72076
70051
72132
57197
75466
77934
80461
71314
67996
63669
62403
67276
59800
78916
59157
70241
69819
62127
56529
80308
77744
52363
52108
71702
79695
59101
73092
74462
60261
51923
63876
57020
70323
58802
70408
65354
59449
50448
50594
74980
78260
58179
65436
76986
73573
71705
81887
50979
55572
65994
76563
51253
56405
64042
64520
59026
69642
60451
54101
56452
78121
73059
76351
73549
64703
82002
60636
73912
80693
57927
65400
52980
69842
68091
78647
50850
79746
72254
60924
60205
67030
52456
67978
55642
59211
55827
77289
59424
76239
73607
76556
76729
50305
56438
71088
77561
64441
54634
76679
55007
67144
62587
82582
74858
71681
80325
51163
51373
62840
69657
69940
81702
62729
55795
67196
57932
69916
51884
58871
77415
61352
57329
75760
75428
66294
69492
50592
69737
75688
64737
59218
63718
58361
52244
81349
80109
76870
58249
68306
60163
53454
78612
73038
67511
63670
53970
82994
72754
52816
69215
64761
53008
82076
77897
57674
75630
65039
74181
71639
51780
68756
78497
52357
74230
74449
73082
62413
74789
75435
72751
56674
76235
62732
73877
55828
68999
55011
66925
63732
66613
51053
52115
73657
58306
61364
79736
66146
52286
64341
58065
81437
59187
76421
71313
72552
78134
50518
65813
80758
65979
54327
72863
79060
50478
82362
55814
58188
73023
51611
58284
61194
56189
55549
68783
52989
68134
82934
82020
51840
63293
62542
67073
81466
62942
62852
60569
75842
51663
66066
62286
81799
61783
62962
82370
72304
82259
51809
50382
75967
67462
65251
66423
66747
75569
70535
81949
57230
58339
63596
80374
68844
52883
71300
74427
61941
67820
54680
72865
56157
53992
82829
54411
65226
71328
82149
68734
76669
58979
54921
76373
60981
73989
71877
73398
76880
77945
80788
79940
64052
71330
80926
79638
78061
80999
82815
78953
67351
79622
75466
78481
78079
63402
75853
59702
52229
71999
56855
74172
72005
82053
57784
79875
52086
82531
77128
70481
60433
66687
51627
76684
72630
52235
78354
61101
78285
61154
69829
72305
65385
72403
80161
56913
80241
75580
66268
55733
52737
74971
60049
51813
76046
73698
72568
65344
76873
51273
50804
58160
56902
62568
59988
78941
70878
78277
61778
80801
73426
55339
51168
71741
78000
54012
53413
62410
71931
70855
55746
78450
65414
59677
63321
62303
78881
71841
59216
62836
53367
70495
57938
78907
78135
71007
65047
53535
68210
63865
66790
72924
72517
77418
58968
54579
83127
66088
75102
60130
67556
79731
59269
58323
77660
72109
67961
77204
75718
66283
56520
62471
52169
67660
62185
53339
75564
82058
72061
58426
62779
55502
60372
79172
56941
60361
73139
56509
80197
52992
58197
57218
53878
51815
72367
82498
65610
60978
72185
77290
66884
64232
51049
79969
67077
69561
56898
75126
71276
70417
66829
78871
74241
67949
71974
52163
78740
52846
54139
73281
57377
58411
76433
70035
55543
52428
71112
67110
59673
74325
71135
52555
57829
57535
75450
58347
80627
71245
65123
83317
59712
60957
81232
60188
78220
51454
62436
52032
64000
55425
74039
60713
57108
61523
69402
58619
69552
65993
77654
52198
78993
62909
56885
67742
59119
55449
77380
64523
64093
68785
74070
58945
73200
63190
62156
71602
71843
55591
55060
82594
75002
53291
54384
65756
77798
75293
71929
57764
65257
61575
61923
70636
65914
76819
51202
65739
53675
51869
83341
59946
75785
59276
67875
57793
50884
71267
68107
76866
73744
65427
70080
58579
80842
81812
61101
62658
73823
80947
82997
78708
82666
58414
72694
82591
82588
68862
72783
64185
62305
58100
67615
64433
64448
73607
60368
79324
68099
63981
72597
65330
58521
67048
59119
67770
55736
62691
75126
51267
53831
60733
65750
76373
68602
60389
73752
73831
81599
58407
71715
57170
78169
70085
83330
57862
65866
78154
62311
66684
74231
70299
62448
51948
55047
80335
69034
76095
77324
66112
57940
57031
80741
63458
78565
80430
73315
56020
74960
55724
69802
65845
60550
80765
66778
68409
65852
78483
71791
73084
81391
70536
56550
71062
70566
77270
80930
60655
78072
58698
64525
81365
82637
65462
75138
73419
78441
64231
53867
51236
66726
65238
75558
79825
81536
81954
64302
51064
62167
59070
62711
59590
56689
52455
72985
64517
77631
76378
76977
62705
61409
65475
72452
82375
71787
54904
77414
75936
52074
75879
70747
69373
52770
66638
83195
57251
75546
82474
79259
66217
67035
56305
73385
72655
55284
81539
55512
66321
77633
75486
71037
76668
56685
57234
63033
60481
59574
62070
51161
57352
81392
74392
58490
52870
82893
82554
65777
54354
78683
80507
59754
81140
55758
54163
61774
82751
75648
72259
72299
76770
77878
60876
79695
60985
65701
69536
68852
57193
60725
50966
79779
70571
81412
60769
55058
59880
56366
62915
83408
62855
58444
83454
57314
80515
82490
62220
72879
61376
80414
79375
65561
80799
66213
77195
75501
73424
54416
81619
62077
65895
70512
76737
71563
71218
62381
77994
70761
67658
82381
81553
53855
75497
77555
75163
63053
66427
83622
82883
74897
79352
61908
68559
80939
80752
76567
63619
52511
74472
51254
81940
52763
64612
64751
56288
54618
81477
64244
79963
55496
70869
54067
74061
80231
53281
64602
81467
73201
58375
74395
78626
57535
77455
74925
80236
70889
63615
57875
83228
59055
58409
81568
68172
56088
81544
65339
63193
78552
59019
58336
62557
62583
81585
74471
67165
57776
56534
76169
71876
56344
60493
83360
70288
64768
63022
72878
65740
58523
66545
70689
60862
66660
53308
69333
79969
59578
63994
74715
65558
83405
60845
78457
63638
52158
63749
63345
80427
67074
81073
67462
57888
51720
61557
54077
71541
63771
77181
71649
51160
72073
78577
57801
78033
68357
55497
66526
67901
55882
74979
75863
57085
63489
79442
57031
64751
55013
64250
52058
60701
79141
58202
56155
60213
70921
67752
74490
56122
75993
63779
51277
71800
79355
73381
73620
78013
78683
62327
56513
57286
75536
63850
65080
57080
67388
75555
54483
56657
74291
81847
52521
78749
53728
51320
56848
76013
65125
69902
82016
56133
78850
65993
54266
73877
53304
74805
54793
62442
68142
72175
52360
82662
55891
62904
51973
77678
66885
76488
62628
72098
52722
67172
57190
67090
70397
59315
81067
78894
56163
76238
60150
63743
71262
62486
54513
78357
70281
58570
82353
58561
61509
51673
64058
56708
70492
56308
59462
58310
55269
77800
70210
54731
69224
53803
71834
82148
66370
82100
71734
51682
70986
79632
71237
63952
73652
65715
55609
82658
80694
83340
54034
53672
72298
66780
65760
65159
66932
78407
58243
62314
80100
76076
62902
55733
76766
59954
82764
74875
65912
55075
67000
51952
76131
57598
59859
67361
62414
56391
58074
60642
72839
61346
77494
60680
69987
53408
61313
71897
63457
82649
65093
80321
79370
68923
56071
69959
66203
55713
56836
54590
82022
78503
69178
80960
76022
70589
82218
77400
68210
81787
59357
60927
72899
53301
77093
52554
78329
79566
51493
82785
83435
72657
77331
63027
78110
54973
62013
68712
66281
61345
72522
56215
83670
57065
77507
83642
80202
65400
76754
57567
77673
59127
53833
75808
79412
71788
56037
60628
77044
83214
66773
80135
57052
69464
72822
52264
57322
66652
57185
65282
78094
81754
57767
74734
61326
60305
55387
79686
70569
71765
60753
62492
66171
70498
65574
74028
63264
81264
63616
76304
67356
68871
69015
55475
83450
78741
75509
82696
52276
71870
80506
82172
75091
73715
52130
65193
59735
60486
61451
65228
66905
71292
64817
74105
63343
67940
82812
66317
66000
63592
64126
83813
71993
74850
82549
75085
70287
58033
57112
83515
54213
72331
69520
52798
68608
76948
75716
73777
79609
63664
52953
78388
61347
62998
67321
67165
54799
70055
57940
72618
68748
83581
67941
60218
69650
74950
63095
83389
61409
80595
68199
75050
75877
70764
57003
83632
75101
83047
63635
73966
77628
76921
82383
68198
83919
63307
59954
74799
80417
63696
71350
56555
57756
59607
65983
73721
60528
76764
61604
66796
73017
73252
74347
70459
53212
70921
72660
60985
83377
68242
62618
64840
64744
75590
68085
58442
71461
73282
80483
57433
70510
69514
69288
56504
57159
58525
62483
54281
66331
56140
60420
53696
60894
78539
54443
75735
74737
77577
77586
76996
54598
58941
67166
71080
73412
68801
56402
82121
64237
78628
81684
66626
75198
76411
60468
54521
63446
66295
74986
55762
64731
55485
71583
81698
51482
58097
66223
56935
53869
63764
62574
69174
53346
66193
52329
77428
59289
66706
57838
83145
74862
82456
62414
81234
67800
74315
83297
74646
78225
53519
68811
59324
54904
52695
71294
66555
76339
56510
82432
71249
56600
69076
80879
82552
83790
52917
72002
61462
65071
80481
79825
80180
55537
72519
67608
72945
75910
54179
74807
51831
75456
73738
55358
71727
57529
59459
65448
64305
73842
70233
56357
70399
72122
68590
51613
73074
56914
64978
62321
59124
56654
56789
61188
68336
61886
53977
57210
71815
83086
73515
67263
61317
66987
66835
59339
59795
82023
55721
56869
74670
53023
80363
52902
64471
78363
71181
54656
71436
52661
67344
71039
66424
54206
74390
68750
51943
56349
82165
70012
67964
61625
59786
57088
56486
69786
55632
53243
81488
61003
55216
78078
73816
60802
52635
51980
56387
74754
53975
68513
52015
57793
75158
60914
72200
66630
81997
67959
77311
72022
65987
59815
77112
70863
72553
70403
65475
73172
80361
55637
56526
79658
72705
60218
79897
83682
68498
79582
74666
82233
60660
68615
63937
64188
55437
73557
58126
58800
62114
53960
68898
81584
62828
59266
75044
60568
74095
64718
60101
71586
67591
65634
61301
80847
58436
62433
54744
80521
62967
76708
75123
77702
70413
60090
67244
68847
58140
65581
64241
82626
63804
84359
58679
62837
81944
81557
63142
67548
60485
60011
54162
64588
59602
62888
66734
61697
61984
75260
67708
80829
54003
63207
71944
59570
63434
77763
63958
73890
52332
72452
57881
80453
71620
82623
55077
64235
51694
54889
68391
51810
61586
73186
70676
56858
83313
73137
69343
73607
68413
53394
66287
53703
76974
72238
72144
80517
53714
55081
65321
53789
57253
77409
64750
81664
71137
67445
75734
73819
81687
51845
77840
60403
75519
52537
76338
58195
51981
69893
58482
58410
63812
79531
72728
71663
53583
51969
75571
83654
56270
53492
59019
53671
76782
77005
70616
71613
81724
54451
81969
51980
69563
60017
71367
63575
68659
74362
79827
83521
60109
72746
81869
77746
68061
69455
52959
81276
54015
62184
74905
66367
54373
65837
74726
58250
66671
81103
54079
57154
58236
56192
77086
62536
61441
80310
54454
53078
73944
80812
66273
54570
55770
81834
81754
83687
69295
66951
80428
67000
67557
77676
55658
80310
65088
81882
53025
57356
65617
80111
52107
66648
54858
82149
73605
76117
55313
61403
58179
74936
59795
76504
62787
62039
69979
77837
58751
82576
56675
79962
73959
83945
68138
53780
61710
67572
73734
55558
74788
78710
64188
77749
61732
84423
61262
73193
60494
68476
66580
63592
73688
65604
61198
62981
72929
70672
52857
54745
71846
69495
53152
80593
59896
61272
79861
57449
64238
57281
66656
68790
66263
56847
70359
58282
72818
83543
68143
65428
68706
53253
62514
62182
52188
81347
81393
71483
76707
83101
70236
52632
74550
61026
82703
70642
73799
64333
78703
70641
60016
67300
63990
69364
61218
62497
76747
52053
68062
58576
67222
59118
72871
81976
60562
78556
68791
68861
59108
64642
63345
74309
74283
59345
78743
62490
72024
81607
62141
65296
58048
55862
71421
71463
54127
67527
69869
73202
60607
69950
55758
58361
84010
84224
56838
80221
62813
81874
60369
61882
65165
67555
64051
57169
67342
76045
56369
67943
79906
76376
78912
74216
61455
54464
80894
65104
59252
70456
78880
71627
82140
70638
69803
54939
79508
69329
79208
76987
55994
54609
54929
82882
73111
69477
53713
82441
69167
84435
70508
60176
67861
80300
56249
73502
84356
55573
63705
65064
69804
82253
84131
78324
55114
58860
71390
74623
81275
71017
76723
73627
77010
58079
73313
77532
57512
56593
81971
74933
84147
79531
78768
76255
63963
82891
66577
83450
74056
61631
53496
76919
77248
71185
57950
53429
74544
52672
80077
66922
52360
77265
60880
76613
81868
68614
63657
78546
59496
77550
76609
62877
68549
69662
64357
76442
64537
70589
60462
63940
60803
55622
76737
62213
74071
67977
80185
60502
56247
83443
75490
68391
55139
72976
52392
64769
76753
75854
65231
74602
55681
79620
72932
79625
61579
76466
68851
75274
66938
59531
63226
78276
59484
66608
54430
69529
53786
67519
76061
69918
64518
64780
62852
71548
54707
72750
81186
54807
52489
82750
77372
75885
56472
72539
82690
65344
54317
69361
61122
76023
69539
62779
76636
63810
69628
71431
64246
70653
76465
61626
78320
57175
82757
54675
72986
57651
82720
55348
55333
68558
82843
72798
59480
81314
73304
62972
61316
63627
55252
63843
68410
70697
71743
57560
78907
61317
75403
60242
78384
58871
72131
71810
63388
68423
79006
58897
64014
62226
73556
61993
55963
67439
62384
75574
62091
78547
53094
54510
71763
57650
57512
55951
78020
72807
73972
83559
57473
83926
78384
69274
61878
81744
70136
83744
82439
56631
71479
63757
52423
76770
60916
65301
75115
83522
66927
68431
63038
76742
74861
80441
55126
68477
71632
55037
70086
84603
77674
79090
74517
84349
64787
82534
70895
77264
68089
80027
64795
78190
63032
68879
80301
81515
79531
67584
81277
55695
58625
74800
65751
73797
54803
72678
60020
56755
60020
83765
83113
64299
52554
77696
70367
53186
71005
64574
56131
70462
64622
72955
80063
63542
73930
54431
84264
78196
66847
68083
84921
59038
82573
65889
66496
56342
73984
58364
78743
53790
68030
79808
82902
57152
67644
77082
60103
84461
52534
58795
59418
75108
59390
71753
75994
79317
76309
79430
59296
57286
59640
62965
72967
75447
70204
58987
54367
65281
83421
61571
80038
63236
60116
59685
60852
64385
61927
71879
68021
80709
80581
56371
82652
60936
53074
82571
75094
66196
59712
52363
58749
63530
62943
78095
74319
59169
68662
84693
76830
64720
67922
70531
74632
61102
83678
53228
66730
75960
73716
53647
62097
80659
79923
61792
55025
84723
80146
75724
76314
68283
63859
58871
63271
64870
82812
70728
61561
67877
76962
55847
75876
73033
78854
70405
82471
61284
72453
70813
77602
70571
76810
76410
85059
62623
58279
60090
62402
60909
77797
83985
55054
69266
80344
66833
79111
83522
60790
60584
82029
66059
78761
62442
84632
64566
70306
76048
67178
82798
75889
70593
63363
81188
78802
60049
57779
75569
73546
82376
52405
56509
82547
71524
61466
57952
52628
57441
72579
64904
70517
64311
61203
56091
75122
76709
63524
67933
62925
66477
67129
84243
62537
56800
85044
63977
55540
52443
74186
75281
69956
74770
63795
61741
66405
64972
56614
61039
72658
57967
68356
74238
55587
62718
64852
78236
84517
84192
64111
67719
78384
83171
64380
62108
83893
79744
65439
62146
82199
65633
73582
55430
74684
62240
62629
55555
67939
55122
76314
77573
53176
76228
83955
67182
58917
66308
69654
79576
77292
83747
65249
70011
73843
66234
82972
83537
77790
71979
84011
74873
71139
75817
70024
80346
66778
83067
73329
71176
61204
62460
67294
78955
55406
67815
64182
53662
58918
82513
61506
77845
73965
54775
71394
69635
73021
83770
57855
56954
65004
77672
81984
57300
66818
56125
54017
55635
75464
57770
80385
65028
54049
71636
83802
74473
59677
67168
77751
65110
67788
82926
68289
63132
79696
55523
79834
82917
67894
69740
64270
59743
83719
56000
58950
84381
81945
74917
58047
55866
81835
84021
61115
80575
55345
64226
58231
78534
63725
56504
55132
56160
65983
68834
61561
63413
84286
59248
80689
82154
84231
53335
55601
76104
58454
77753
72870
55962
64723
66407
58284
62422
84398
76197
83977
84480
74989
84269
63259
77900
82693
64118
83471
68483
67752
71221
54868
79015
62175
85285
56911
61146
83288
60675
59985
62588
62209
63197
76230
57236
62678
60045
72879
61809
66294
60289
79186
64913
58365
74429
82479
64449
83598
66082
78903
66950
55599
85232
70969
82620
70746
67978
82589
67965
60112
82041
82004
79172
54321
76980
79887
63826
58826
82206
63663
78417
60846
75601
68093
64312
82952
72602
75932
67950
83631
84548
81468
70706
78587
70170
76303
84794
53720
53287
60801
73882
76312
71872
69924
59880
77070
65989
54761
72862
69976
57891
67222
76223
53244
76445
64884
81086
63415
80845
78408
57755
84625
56677
58501
54863
55733
80571
79296
68458
70528
67717
84068
71675
63448
79840
79527
74928
59071
55960
62909
70206
81191
72867
63819
57091
78856
63214
76574
69610
79281
65373
68381
73872
73052
64013
68476
81573
70916
69596
64819
54420
66939
52779
73903
75622
85175
54242
77511
68579
77420
53173
60913
63227
78561
78758
75702
60773
59388
82379
70243
71302
80030
54866
66306
63124
52791
70338
64392
70651
77969
52867
59728
68608
71664
61601
75720
55972
75101
71373
72555
55755
62783
77221
63727
80797
81963
56885
68799
66605
65021
62653
71339
83544
81704
74932
69086
75761
77898
85518
57617
61723
64516
75707
67327
76533
65288
62320
62233
70013
66163
73385
82554
56494
61534
62703
79133
74988
79535
83798
83790
59042
85045
77131
65374
59690
68597
82572
82843
68845
55998
67192
85119
83147
84740
82057
67368
81597
78571
69151
64520
65464
59553
64895
69086
63189
71921
55835
74981
84912
60437
69140
72267
60429
60620
81149
63460
72898
58797
64482
57376
70097
75963
84616
78395
53716
62777
78327
81587
59550
61376
76854
73727
77087
57486
80214
68478
73352
76833
83377
77486
72880
80389
83316
60574
65462
81386
76123
69542
53993
71417
69820
82773
79588
80232
56519
60075
77565
54860
67852
75400
56801
79279
60734
73829
62840
63203
85046
60738
56847
76565
54330
72927
55477
65061
62592
84271
73957
57782
76782
80394
53606
61057
79140
61730
69744
61422
78780
78392
83728
85477
83664
56208
59341
84193
74941
74402
67724
80967
74791
67858
54193
56055
54846
73186
70791
72224
71231
57063
58082
81496
78397
85625
78339
81644
69921
69999
83643
62324
63984
76107
55508
81835
57420
73393
58284
78206
55870
77854
59939
83299
74546
55510
78263
83180
53315
82974
80110
62364
72121
65708
60661
65017
56784
67676
57990
57058
82108
61476
71182
77603
69097
54346
63248
70471
81543
54484
82628
80814
84294
79425
61957
76511
73566
64118
81514
79390
64211
67067
66226
62530
57847
75111
64101
69313
66608
67353
74936
76045
54267
64809
85681
53795
66097
72606
67725
78944
81546
67298
68191
63383
57695
67187
84985
67938
58036
77786
54287
81845
82549
81377
66202
68025
83456
59393
55931
74455
77540
85530
69217
64530
85736
85095
54508
53147
73040
84912
83987
70303
78171
57793
54211
80228
83472
54812
63432
65940
76602
57067
57585
79577
83890
76344
73071
75177
69852
67424
61567
77924
72564
83141
67913
80540
76171
71108
73991
57011
55756
70887
83049
74156
56324
79451
85048
71995
85730
81572
84283
79902
76539
70031
59223
79024
57104
60776
68601
81340
65940
58990
78777
61839
80745
79492
54071
84817
53227
79145
81737
64149
58927
68522
57433
55598
63372
63894
79112
62276
67419
81267
59415
54696
67580
62895
64904
71269
69914
69082
56064
84888
84783
68626
77680
58497
78922
53950
65012
71897
74256
76415
53244
57958
75008
75875
53929
79054
78076
83036
58234
59305
77573
78833
53287
67289
56391
56628
85453
64798
72277
62964
60236
85221
70837
74547
66285
84833
57247
77018
61257
70109
62466
72108
67430
72017
77000
83833
75298
78899
76123
54164
82133
55951
80232
59271
53554
64602
79331
81412
71278
85508
60235
62495
61861
82764
63791
64187
57721
76888
84721
80962
57596
76037
69066
84634
77264
59004
83982
76116
80268
56070
62897
67622
84578
62497
85515
65947
69375
60115
71384
78345
76211
78398
75907
80580
63186
78965
67492
66961
70234
53646
79815
56413
57557
54520
76655
76079
73601
54543
62810
62044
81839
78062
73479
59130
69993
73860
84086
69526
65879
68331
62767
63274
60900
71412
76421
57417
55196
76295
82716
55965
61656
84266
72617
85139
53406
69727
64761
83285
85187
78899
59189
76537
81746
82324
74340
71927
80690
69603
79921
66273
62466
72010
80622
61262
56648
77136
64986
57112
83147
78250
74399
79047
60477
58708
73759
77900
58909
55777
75376
54003
80348
71440
66597
81811
70463
72863
61648
60167
65796
79460
57541
78050
67272
54937
83488
73823
67112
60024
58121
71063
82727
56584
69942
62199
67535
80950
74418
69360
76572
78887
81885
76272
65301
54477
59061
65682
59964
54712
61267
85522
77864
85039
80312
54019
77169
67456
59594
78916
68300
67476
85658
83504
76663
82374
60904
71701
56024
75765
79081
54247
64865
75224
54600
83510
84150
67730
56682
74334
83730
66695
63222
55038
76263
85357
61077
67243
77764
62630
59638
63717
74108
65997
59670
71497
76421
63887
68542
84745
69790
83644
72781
85658
69300
80285
59063
83884
55047
70025
60110
81247
65673
83123
54464
81588
58246
64070
57057
85313
76170
60084
65707
57386
70784
72266
69379
70476
82199
74249
78270
54971
59498
64177
53860
78447
58591
65054
59444
62010
65103
70359
83304
85501
82280
79333
84410
57884
58960
55009
73254
68655
68235
80465
56818
65531
82463
54837
53484
75936
82934
56540
72435
76307
79235
59900
66744
71375
55721
67074
82374
77256
75480
62375
55232
79009
67705
64452
68330
82462
85900
76647
62443
68828
71311
79910
74450
70208
72866
65203
62294
76205
56298
85937
63074
55290
57139
65222
70865
63267
72409
59378
85878
67134
85224
57119
82015
79281
75906
81401
82266
66467
86145
66559
56249
64688
58718
81114
58707
62689
76370
73966
61131
85211
67002
74800
59157
71510
57536
59191
71733
78545
76344
81557
57674
76676
65736
83047
53708
63895
84044
75819
68114
61329
77432
78034
66839
60691
58047
75030
77693
76230
66932
69134
61394
76946
70192
67584
66579
82705
84339
71030
55406
68931
56718
75924
80716
61827
59072
54952
70287
68793
58015
59907
63000
62162
82617
83464
54157
54125
85628
53634
65369
54999
56403
56123
55028
83770
75282
77002
55396
55825
81044
81836
54020
77279
56994
84118
71044
86049
79639
68874
81201
57217
83522
79657
68214
73292
64140
72648
56995
67878
80987
75461
83694
83453
61750
57755
80056
65339
80425
84021
58129
65344
61803
57344
80253
73743
76606
83268
72696
58183
81431
74420
81977
83542
71167
83780
81972
75497
55097
85562
61922
84902
70693
69000
60484
58654
72292
81497
56742
72445
72509
70634
71457
63876
78655
79003
61795
54074
70952
84294
61107
60126
56326
71375
81455
63903
84124
54780
66648
58768
60935
81287
68817
80982
70050
62066
84324
83491
82470
53915
82502
83177
59926
85392
56220
78791
57690
81828
70717
72392
82473
66371
74170
84684
66861
76930
69020
71110
76002
74490
79852
55080
59456
69079
58105
57500
83097
83500
76885
73461
59076
82826
71457
68453
72571
79568
68490
81136
61186
83780
61332
77344
76809
75235
81175
68347
82388
60150
80134
72498
54681
61926
77815
72859
66346
75601
56288
74209
69843
64861
55071
84347
72326
64077
82110
57562
63541
70994
62964
83943
58240
54691
66799
75948
73872
59343
81104
55121
77379
73042
65272
61003
82313
68199
79234
64208
69646
79390
70416
85390
77337
69806
65483
82844
66484
74764
55205
72625
72973
78525
56802
76692
55836
80104
68054
68051
82310
66479
69872
65464
64193
53951
86519
55161
78713
79910
66964
55983
62515
76390
55313
70921
75825
64711
86112
77634
56469
78321
75871
63056
64201
56505
64090
58079
66077
66364
59345
79101
66738
79914
73084
63511
60312
56933
55437
66340
83507
84683
86325
84256
76003
79951
77417
69052
57059
82511
59110
53844
62322
55586
78707
69409
54833
58608
63078
68784
73421
68294
81001
61842
78813
83945
80510
55382
55566
55147
60737
65972
59517
71165
81261
63243
80740
55300
85410
78094
67065
58863
54630
71353
76435
70343
77161
59531
83983
73991
61709
60399
67442
59823
55589
60155
60623
63892
78845
56412
77676
71930
73372
83857
56608
61796
58181
80216
85247
83371
74052
56422
75066
61518
74215
68187
63552
72713
65226
59637
81193
60073
64855
59268
75605
65054
82830
77982
74064
71634
84482
58387
61177
82489
77604
77091
80612
80042
85956
67823
70396
65901
84181
86318
71789
60949
83569
57121
59073
62991
82973
56009
63048
73596
74317
68183
64958
59964
79147
79332
71464
61771
77972
62306
76799
79441
71011
61139
60560
84852
66547
66233
54947
85873
71647
79053
69467
61419
78092
60147
70749
58883
85482
60526
67636
74024
56054
66384
73205
70704
72580
86581
59422
55464
69563
78385
69316
72809
64481
77063
78062
68972
62681
59292
62780
79840
71145
69803
69068
68217
82881
75705
78685
62730
73913
77900
56245
54614
71259
75096
77633
75300
71713
82170
66044
74897
66431
60520
54161
57258
82212
60457
72388
58938
68478
72833
57358
67297
65148
86576
60295
54886
54423
78684
68106
61518
62739
72907
77203
75182
79746
59221
60651
69181
65675
74137
75400
77741
72681
70128
84654
77628
63414
70815
69851
82310
74986
76369
72802
85149
82207
84676
54358
61531
77207
85954
62121
59639
79743
68691
69269
65495
71029
58417
75323
65189
56905
63356
60299
55461
56576
79535
55395
65094
58911
62163
85499
69367
70182
81394
82816
56635
65882
77775
83967
63744
68807
58068
56197
78893
67718
81228
58245
54650
64316
56018
81529
60804
61155
76297
80588
66081
81613
70286
62712
66544
67301
79659
57580
82485
71737
75854
66224
86244
71349
72377
72267
70908
74801
63098
83685
60182
81071
86558
58665
72766
75741
77346
77037
70913
74722
66730
86549
70343
77142
65909
76980
80740
67730
62993
76917
86761
61483
56907
72506
66496
68793
67818
62210
60664
72157
80029
84752
60125
56450
86321
73802
85452
85602
58631
64735
62277
74444
79558
82732
62786
67749
66381
73697
58311
85422
75756
59231
81083
83716
63699
57957
71158
74477
56266
85484
77211
67537
64291
70223
54440
74887
74989
62895
59339
71123
76395
85398
84600
83244
54213
62426
71736
74946
80892
66245
65604
60607
76067
72818
65362
81357
79053
82298
60335
85209
55490
64209
67470
64535
78838
56042
69024
66887
72635
72226
60388
71990
85301
86619
73921
71815
86798
73191
61010
84403
62316
73129
55297
77903
80416
76406
73303
59790
62241
79297
77074
78342
76088
73080
77688
63671
64764
63273
81644
74569
59393
71273
57279
59285
81997
86646
81992
56935
69643
85787
60983
78722
71044
85204
63014
71397
65354
82995
74097
86861
80054
86146
83528
77307
55957
77226
56834
62391
70687
85332
54708
55061
73769
83789
85251
66551
72347
76079
79670
68691
84515
59710
70288
70199
78379
65680
76252
86794
65801
61553
70729
63508
77430
79621
59256
86081
56898
63279
85972
55073
56134
55218
66338
77108
81561
56726
82264
58725
71431
83406
55219
84948
74942
74263
55812
68056
64843
81187
67147
84805
76741
68087
67206
84202
74056
74386
66763
56414
68005
72143
83349
65789
55384
74892
80988
58925
74171
56844
85608
63206
70777
76698
79846
64113
75588
66415
83772
78447
85707
72406
58010
72222
85990
81806
68561
76504
66068
57456
54889
84444
71208
67921
66541
82769
79167
54826
80522
63112
68597
74103
68057
71554
71129
61916
78328
76210
81182
60174
57567
71683
74387
83441
55793
69149
74197
70654
80850
63204
58818
86504
55417
83010
74034
68991
86918
58407
81890
74452
64213
67278
74673
54430
68947
72257
82447
82908
58384
73503
79282
68284
78230
80541
71818
65212
84858
76235
80376
56847
78384
64025
66875
60482
84771
76569
76843
82463
65797
73094
59945
54482
81508
62342
62294
63562
63103
83500
58371
57570
77911
87105
83049
59457
83977
69188
62618
72062
55898
74671
70840
84104
69268
62844
81253
80070
78481
70120
72826
71418
56597
73079
84476
84587
68193
85304
59724
57667
59140
54858
60061
72758
81141
63135
65707
56676
79583
64256
73387
65153
60860
58961
70269
86579
62629
73239
69417
87227
55016
81975
80777
85976
80988
67072
72003
62952
75761
55404
55291
79953
66699
63907
59590
56607
62481
59329
58849
71663
70848
56537
74403
76299
78022
69690
63408
85462
68620
72945
73584
61803
83027
78223
79551
66689
63362
60716
79334
56722
74814
69035
62922
64060
63676
86848
71012
73447
66515
81200
86897
72104
64598
66520
77931
76901
70304
62449
60599
57914
65648
69394
79648
87068
84728
71030
73604
73916
60208
56576
74189
72622
86128
72060
56611
63435
61758
64040
84833
61652
56933
82035
68805
79960
68679
78852
72683
76247
83571
71678
65020
68135
65914
66947
82723
54807
65279
85879
60224
58451
63502
86918
66273
56967
82351
56424
68718
54727
73658
63843
68003
63023
80364
61202
80195
73158
59195
75110
56587
55976
82791
79594
72677
70757
82642
66891
87135
58532
80017
63255
62299
58124
66243
82629
74504
59492
86305
60150
58897
68856
80343
86010
62228
58943
69779
64150
58453
83900
78811
66564
69556
68386
83107
81724
72412
74683
64543
67442
73662
65802
70614
55264
62782
66736
62456
69829
61483
69516
72689
69038
77941
59942
63806
61684
85658
68686
73855
84102
64866
67584
72910
61416
62412
72587
84304
86908
78664
77554
59657
63745
65062
82067
61685
61785
70223
66822
79956
71567
64563
81480
66373
82200
71170
69145
72598
82777
67359
83874
60379
62058
55250
66651
86205
64794
60733
65580
70805
84531
65937
65747
84282
80639
60545
85125
62486
63242
86007
62424
82048
75050
64774
62176
76870
79293
75041
60824
57992
74290
76682
68484
80077
83403
76556
79509
66128
78752
66541
82253
77211
77288
67103
79907
57431
74356
68534
57897
66915
86140
71583
79084
65827
64414
85134
81820
65563
86052
86072
86381
70588
56454
61123
57148
70013
82991
70266
60534
59438
69508
58310
64310
57225
81187
75097
83885
62987
63592
73901
86727
86274
71990
79533
65547
62182
86260
59570
84676
76780
75989
60848
54878
63705
79197
75698
56850
82964
74529
68995
83910
81152
65742
56494
56878
80264
60012
75689
63032
87548
63972
70734
66471
83739
73920
56970
57597
70257
85811
62297
85663
73955
68697
79858
60724
57224
58303
86334
79694
58042
85030
65423
81484
81773
60292
57999
77439
69312
56396
80247
56971
85970
55279
62337
60944
72663
60067
74911
79754
57451
70755
78445
72054
70693
64311
85348
55991
72048
70325
68177
77367
82838
56520
77830
72145
78366
75696
68944
83055
63064
60746
60201
61295
79670
79762
61230
73548
83805
77414
66131
79738
57724
78477
69589
69009
65245
76279
77936
79790
64570
57670
71123
72214
65745
75406
84561
63517
56250
65881
71897
68679
84857
76783
78120
60332
58320
78292
56381
80033
67031
55185
87309
59540
73294
77751
72057
74040
73265
65826
83837
61667
57741
57979
55978
58932
63635
77568
56790
84728
67306
80008
58642
67150
77130
56001
58332
59914
78151
86973
78742
61272
55146
66989
56887
75426
74630
67052
65857
57011
62281
73023
56563
83740
75538
73051
58303
70102
85250
77735
56830
55338
66134
65860
62947
83662
65268
61515
81837
87377
65347
73301
70177
68792
65600
68673
82744
74090
65999
74545
72981
58441
82766
85718
73529
85794
77424
68846
57338
77895
58441
71178
74289
80250
73893
66453
62260
62989
59294
71442
58628
60488
78190
67237
80071
60939
67713
62165
68984
56500
85455
59792
59101
58435
71528
72303
73913
61885
56656
73788
74308
59598
59534
66482
58840
56497
80000
56195
76013
86101
86641
77216
55367
82360
77677
62900
68718
66711
80980
62705
76383
77898
73774
77584
64641
74986
81086
80019
55258
60340
73050
80462
74115
63154
83962
85541
84057
66456
74894
71959
67318
75244
61077
83580
66016
81001
58603
84106
71167
87462
76770
66078
60245
83955
71061
81338
73705
65667
83065
71113
73476
85457
56373
78379
63648
76092
79028
65261
85278
82932
82808
82008
74039
56090
77617
75822
77365
71459
82318
86064
66147
64126
76627
81379
67010
74614
85676
86932
79613
58713
66496
86682
79007
64730
68490
86747
59012
58292
74980
86930
56205
67472
63461
84303
77720
59433
84845
85311
69040
57518
80126
86445
74368
73832
86734
65481
70414
71324
61466
74408
84902
87475
70588
82829
80659
78232
73984
56167
85526
73058
86708
81306
81680
68659
75902
73730
69122
55647
81523
58421
79031
64465
82660
67081
60224
67755
65147
86871
69793
84269
74375
86270
68554
59352
86421
61738
80073
63699
71232
65238
79421
57741
80970
57999
75534
58276
81899
74875
80987
85766
83816
85915
72628
73558
56040
72269
62858
67729
85636
63509
57315
79601
70301
63644
84306
83473
56946
71673
71719
78675
59633
58416
84451
85887
74702
72696
75503
62380
77011
76482
56973
64868
59767
75254
73486
87555
65713
77696
65094
67936
75534
57739
83517
77743
61698
75660
64039
77478
73595
75907
75670
71135
72380
75390
55279
72318
69481
63326
79386
62995
57822
64221
81022
76994
60357
78288
65325
65185
79848
55978
58971
67681
77891
79682
60693
87857
62046
57302
79920
62431
81370
83791
72063
76096
78153
87238
86857
68051
84291
79432
77817
63649
87478
86230
82456
80231
55677
61872
57465
84983
67636
74964
78515
71388
87627
87233
57812
75069
85850
71552
82260
64516
75444
85221
66632
84542
79423
61971
86744
63685
57219
85566
87027
56605
66304
56501
65346
70557
65989
71711
84826
83151
64830
68356
68661
55833
84302
84368
71139
58780
83101
80020
63357
82268
68404
83406
57947
76193
79687
62826
70022
87710
74833
59592
83312
55633
59495
82560
75747
81834
63429
68516
76856
82927
75438
65093
81865
68447
64883
55608
57001
79894
70353
74009
57490
86576
57471
62097
70174
85041
83464
84437
60986
75429
77271
58223
68568
63235
67728
72257
70629
87511
70311
59079
86907
63520
71723
58268
81495
63479
76514
64320
62861
69746
65179
74520
75386
86216
57280
83894
87547
68278
63531
85595
60380
65569
87610
85946
70292
70652
59942
61439
81711
66156
60816
63504
62859
58410
59741
70675
72903
65834
85444
56112
63481
79482
86181
66712
71455
62316
67101
60870
87129
70135
59223
87557
78165
69211
80805
62258
76042
57860
71631
82883
84393
66993
59307
82440
76496
57045
79341
56497
70657
72765
75329
55441
59220
83444
87447
65441
74856
66660
70846
82248
71583
58045
78133
75737
67979
69787
81982
83806
66211
59107
73779
67988
63291
78829
74781
64310
61363
70377
73091
65150
65774
86651
80000
67306
76037
77481
56856
82492
58429
57847
69836
86724
69175
86480
63340
65249
58215
55848
68141
63942
79559
64608
71164
76154
77773
62826
68113
69154
74906
65325
82886
77443
58484
82219
85162
77251
67190
78945
81617
61039
69766
65134
82799
59075
68232
67576
57253
68133
86481
86604
66459
60402
82143
86084
69583
65405
65351
83566
83117
72021
69102
63082
86111
71111
58236
72084
61158
84132
77070
61156
86122
72261
67372
57362
80334
62923
82682
66045
70536
60587
68530
62541
55984
78699
65617
58455
75862
56230
71057
79682
82713
61270
87064
73576
61173
86355
83695
73983
61277
67350
77365
84473
61322
85955
84501
74024
83218
76903
86517
69798
82108
81277
60400
85876
65939
72120
80007
69217
65081
66044
83603
60462
79998
71341
66430
62703
85809
61997
64435
78004
57911
85152
65363
66921
64729
68851
65322
61435
64098
60188
79329
88253
71914
67491
61813
67337
77421
72801
69864
63530
78880
76424
68150
73081
72708
84451
68746
83399
74939
64863
70322
79355
73627
78027
63952
79100
56577
82908
61523
69330
78567
83572
86310
86792
86457
84515
81703
86612
56165
60655
70875
73594
61618
65872
64608
71533
75986
63359
82851
79031
75578
60400
82131
78364
82865
65309
56085
82042
63655
55942
68473
87028
68553
67318
59948
85071
74962
63495
72688
64668
83620
61672
78794
87576
56983
75358
56570
80464
56849
82441
57648
80009
70231
76521
57085
80478
77474
79649
83080
58283
81014
76538
57986
76202
58927
76074
76636
58716
85981
63575
62135
58667
62033
82391
82204
82381
76920
77242
69613
64107
65256
65546
65947
72707
75193
72529
59930
63499
66710
68700
80786
77399
71955
66367
76632
69180
59201
56729
74524
70390
70785
75289
86628
65351
74901
77121
62521
56417
68861
73578
72991
57350
70272
80905
75083
65006
75017
70192
66321
75881
77236
58968
76188
66629
66345
75101
81889
70642
63529
67786
82901
73188
79974
86103
60894
86585
59288
79024
59528
62364
79565
63352
77946
67433
58368
78990
77992
86289
88046
88207
61130
72897
87589
57500
56332
73022
62302
83805
73223
57620
83468
82757
58352
74479
66869
80408
72719
63817
67969
69035
73075
76101
58513
75244
72165
73947
66193
56353
60442
56374
68113
76661
71213
80474
60944
84656
66636
66826
58970
70470
59313
77801
82453
88467
81363
70367
84118
72293
88030
74686
72825
74171
63073
62246
87280
69324
85319
61606
82267
88395
66569
80419
68377
80874
67106
64126
76190
75805
79810
72561
56518
75552
58054
85690
74089
85051
61416
78460
87088
72773
81971
70882
63143
69223
80571
72453
84627
68130
57994
85776
79749
67219
67805
88482
77487
77558
61329
60019
65783
77930
61400
70715
56138
70899
63792
73679
56627
85957
64662
72333
64940
57024
71670
74747
78388
75063
71143
81579
68641
58357
71061
75874
81976
62082
61182
64888
85115
73122
75618
76674
77890
85791
68084
63279
60045
58056
80086
72048
78489
85178
84548
79836
73393
62686
83472
80978
77127
60339
71502
85984
58435
56398
83536
64739
64155
57247
69333
81008
81956
70901
75389
62195
79784
74692
83840
73750
71480
68263
86944
83429
74435
57249
74588
84783
70888
58792
87399
56623
68105
72548
78424
70763
74145
75572
63651
57565
84439
83058
74952
65873
59731
71160
68042
68110
56144
66018
85475
81592
61938
64150
73590
82805
62170
88322
79429
59727
82425
76837
62692
72154
77473
74193
81518
75286
71394
60591
87158
64662
87315
84867
86336
68322
76719
71089
70193
85531
74595
61697
75397
87773
69476
70815
71232
83049
76806
81254
71015
64260
68491
79709
63343
72090
83256
73858
63222
62119
72367
84167
75185
68696
67448
86875
71846
60397
61153
64810
74907
77921
56328
76967
81614
81997
67638
77513
87526
69386
72558
83283
79658
81173
56134
59993
87025
71608
80886
60672
64345
80871
67503
84869
56380
57449
69678
61057
58208
68408
73360
76139
84462
79401
71016
74846
59430
75471
63759
70428
73808
64925
86587
56660
62966
81996
73427
72736
75088
58236
83202
69842
85760
71582
81035
63728
68608
56593
57948
58237
64984
74635
76389
60282
77588
63675
74666
64429
88053
68141
66199
65441
56167
65133
75156
75246
69683
59759
83930
71610
76406
57390
87685
84352
88402
61332
72682
84241
60643
64154
79146
77016
71796
82864
67080
67681
74995
75103
73463
68125
75683
81453
84343
75359
69905
70593
77474
62379
75849
61767
84994
72752
83529
66838
76454
67731
58806
65936
68725
75758
88782
83274
66498
63769
83870
85614
76064
80168
73845
64861
58231
88884
87192
60056
63063
77151
61239
87008
84621
85778
83104
58524
74996
56457
65459
56700
81806
62354
74646
57180
63699
62865
87466
56683
68937
76488
66493
64140
69461
76501
80513
87548
69969
77436
81980
68405
79326
77479
83906
59667
72316
62635
85921
74806
86104
65485
65947
67751
87908
58373
75353
61118
85933
67074
65885
63299
87274
88173
76089
86739
79952
65138
77822
71813
68782
63357
77816
61390
80053
79937
69784
70050
66455
87295
71602
58588
85973
73989
72425
80352
63569
59253
58727
59775
66475
74055
75217
88859
74186
85137
63609
79371
75705
84230
57814
82496
64949
56765
85298
80937
78724
85045
58275
73685
77576
70805
85820
77656
76051
85816
81540
79983
60541
81768
80935
56679
68468
66410
77548
58682
65300
67004
71143
87804
58679
70554
87280
58485
86159
81094
75092
59408
57074
57481
65226
63988
68084
68597
68776
57456
58811
68974
66390
57244
82447
57705
59907
76861
57777
56434
76952
67050
80878
79476
68074
81005
64627
88885
78388
74860
79203
74784
76228
81737
63399
57159
82932
72262
83334
83880
84572
76013
70517
86703
74822
73391
84784
63229
70242
68555
66825
86120
86716
82289
60288
83267
82154
82215
64789
69855
83594
80749
73818
87889
77804
57756
81484
75382
80139
69396
87779
67637
59074
69014
82920
68100
65596
63727
73223
56750
81069
67031
63525
63315
63807
77848
58612
85168
68432
70643
64196
72096
66266
63167
84380
85475
61746
82643
63369
67615
67574
64166
63286
82468
74816
59189
68797
70260
72224
66981
70845
75523
87114
63530
82349
56635
72715
65063
82799
72515
73090
79767
68904
85633
64524
79787
77136
78686
68352
76468
60421
84553
65181
70468
74661
73214
76096
58000
67483
81672
71898
61465
85369
71812
75938
70796
60488
66089
88839
60390
58907
78725
69609
66267
85995
64649
60168
62329
68510
59208
65213
79113
59497
75516
69352
74550
73048
63562
65577
65649
86571
87751
83795
63379
76388
76730
60701
57540
67230
88612
64027
85404
61472
84989
57069
73865
58034
58561
76983
78705
59568
64811
78289
86424
81244
85056
85695
67779
59768
57744
71523
71070
69141
70841
70769
61275
86438
69164
80164
79516
74584
85300
57647
68499
84134
85812
60151
69479
59687
80944
82431
70874
68779
81038
60835
82986
81799
89118
63498
79412
86317
73305
82262
84703
57600
75750
70429
81592
77158
74083
67613
82906
88350
79713
72747
74257
72404
89008
63597
74303
68338
76766
85961
84222
66490
73978
57245
74886
83858
60573
59569
78290
57758
75564
78954
72958
62612
78679
64064
57588
60364
64229
80241
68167
82583
59572
88823
74079
87506
82939
77752
65495
62395
86227
73470
70947
73219
88566
71974
56950
78372
67526
74396
71138
60404
75921
68359
89282
63098
85523
74944
58709
65281
58428
69769
57259
65132
75060
61820
77253
77001
69277
73025
74488
86825
80920
72836
86674
61358
84746
69542
78272
57317
76704
84915
69807
66902
66320
82837
77554
71770
66338
70023
61220
73005
88816
79052
60878
77636
74985
87968
65418
71393
63004
78191
88681
89316
62132
88389
61075
86244
68542
72838
78381
79230
84531
77279
58496
67309
84786
82044
68695
69595
86413
58235
79272
82039
69767
78241
78455
64456
70620
76108
58104
85825
59650
82089
84212
84117
60847
68135
60013
56781
59291
64812
83845
72599
84359
79622
59292
69089
84350
84004
82361
71334
76891
57734
66603
75528
60043
63090
65392
69280
70164
75369
79957
87314
68054
66393
58719
86500
72209
67604
88938
63120
56872
86785
77200
65239
66469
63761
66636
64345
64124
66805
61407
60003
64148
63119
80371
86792
66179
87718
64127
71283
78746
78557
62442
60283
77601
71142
64115
79992
88291
86003
60112
81749
74478
74605
62485
85991
83604
76265
80088
62589
69301
66904
68499
85177
71489
78205
84553
68254
75256
68005
73069
83433
65652
87698
73215
72101
58218
63672
75512
81914
65325
66220
87528
73798
73075
88025
65246
66415
87132
74613
71560
57975
60080
80819
89499
66384
86376
83258
81013
88050
87665
76503
79362
86956
62636
81262
86748
76471
58681
69687
89526
77841
87541
58662
60922
83336
59713
81323
66993
70165
58118
58268
83620
62060
75510
65136
66240
88017
60436
67757
76735
67885
84342
80291
58885
64097
65609
79707
82632
77274
75543
74955
58740
87142
72261
57419
71758
73542
87520
67149
70743
63620
72857
68680
65651
71047
69645
67573
60362
71652
73290
63166
83823
77943
59535
72052
74560
63667
67412
79936
78349
63030
85898
58076
88316
64672
64804
65794
85547
57766
59094
83749
68248
79714
73501
58208
70462
65773
75391
63148
89473
70960
70420
77397
86732
74743
86341
70063
79737
69959
57812
88069
63729
72434
80157
88786
75540
64616
74651
63539
72923
66768
86957
63901
72763
86872
64666
86731
57677
77257
73427
85243
61613
75102
59769
62042
75040
64982
87327
85437
82041
68296
89041
86673
66493
63287
62037
65813
70277
76646
75440
72391
75172
83181
67565
64283
86282
87309
80665
59507
57576
88385
57746
61772
70165
74261
78978
76213
76209
72763
63910
89350
77832
77788
79188
67534
86712
76332
81340
77325
78359
58689
70510
57764
73167
74277
74524
68873
66763
84266
87201
87615
72791
66685
68419
77318
66178
59646
64309
57167
57287
74063
63584
78578
84973
85803
74340
64419
64044
71418
70105
73251
61585
68002
60122
59827
85668
57503
63684
87246
59207
82006
79675
61975
78305
62630
60526
78225
87740
89025
80028
82446
88748
62266
81624
75498
77298
80735
84745
87544
74335
58568
71988
61885
68797
64560
74238
62428
71018
67716
69740
89042
64582
85818
83182
79331
86991
78564
67996
69204
63371
57349
89023
74971
82343
80931
61075
62548
82909
84765
84811
58037
67483
65215
78422
77124
72033
74900
74209
58632
58218
58875
75165
69501
72592
69245
86978
81804
84074
68702
72532
80569
74167
57202
83877
65183
86015
59954
89371
80537
85879
88335
78643
70083
64038
70663
61382
80161
64838
61045
83851
83485
81389
67885
75742
82231
61676
72392
77247
86264
59895
70205
69150
69927
58887
83890
86870
59968
87293
77713
70647
64802
59016
82909
67272
63240
89672
71623
71692
57786
62260
84348
58373
82949
81465
83522
80567
75368
64547
70851
69870
86032
75457
72104
66178
86023
76100
68202
84442
75432
78825
66149
86191
74582
62168
60975
81426
84589
76875
82215
75185
87929
68082
76113
80982
77734
70039
79201
79280
88184
69886
74005
77654
83644
65807
80840
85257
72127
74806
73029
59961
71357
58379
72921
66763
63644
78382
81580
83226
59354
61557
68432
83772
77509
74826
66971
67974
65002
63822
78514
74834
87247
87875
59495
77567
58085
69416
87493
63034
62648
58277
63976
59260
82281
61610
64787
87508
76894
79444
73724
64487
85816
84752
79210
89909
57349
63746
88578
63646
83895
84648
89694
83492
64726
84666
71520
76274
63089
64341
67782
80542
84826
84057
73214
59563
86419
63760
58683
73042
86531
58640
65736
79489
74861
61538
82589
66597
83875
70371
75312
76453
84471
61163
72845
69294
71155
80685
89769
77366
63306
66526
80371
68283
60429
67354
68397
67788
71202
77955
88954
59595
57587
63531
86968
81137
77667
75956
64015
65682
75270
86197
60874
79011
58769
58208
71014
75129
84367
85090
62185
81363
65366
64267
70262
68379
67898
75951
83741
87785
66048
89676
76279
63945
78998
64876
69491
84798
89089
86093
59115
86791
73622
58688
79995
73632
73581
80207
79122
58892
75027
63010
68809
85714
85119
83748
65396
70726
80199
68065
88951
87561
76820
89522
89820
83411
68692
87709
77474
70000
80430
87927
88151
77321
81083
87883
70121
59557
73843
71168
76729
90095
72165
66613
59633
84794
82092
57968
78360
78530
63134
88952
87523
64821
85830
73215
85070
63090
68501
80260
77804
78736
64980
82552
57723
63522
59869
65952
68028
65721
79243
78522
60802
87723
64879
71267
83976
69907
57796
88888
73607
75545
73637
74300
83976
79732
84606
74362
67703
59693
80321
77803
71162
84389
65242
76185
88449
84953
63332
70405
78749
85221
85917
89286
78485
82375
67863
73844
61111
62054
88497
86980
65772
58835
63174
79604
83855
58318
73892
66154
60799
77708
66112
71576
59251
90039
80168
80162
88974
63415
72120
69187
75572
75312
66449
62829
63259
85195
88647
59951
75173
79162
63066
66140
86893
71542
74344
83562
60959
87371
63648
59672
72078
69399
78970
74323
77568
62927
85157
78171
83660
65090
59713
84514
65576
88482
68175
61941
64316
87872
62054
69469
80251
70551
76199
78152
88114
71820
77043
86372
88417
86772
73051
71116
61131
65879
66519
87526
64329
65523
64827
59019
81507
71172
57960
61801
89633
75843
82111
88998
82719
62637
79580
65478
64224
80773
67968
81615
70756
63900
66766
76971
76541
71632
64955
89037
70494
78803
67520
68632
89845
58926
78545
82172
76155
76165
58771
66274
58569
83740
75722
85962
71405
60570
61712
65330
81533
85773
85965
73018
86315
65327
64611
65799
67738
86760
76969
74341
61808
67603
80795
62128
61613
66693
63824
81140
78651
87883
79660
86355
80837
89908
58454
65447
66253
80528
85612
75113
89337
58422
88694
86738
72622
74188
84505
84799
72672
75586
57614
58586
79657
70560
65234
68471
84760
76546
65694
60092
84683
61920
65433
66437
69312
69011
81741
77958
87784
69141
90199
89651
78589
66825
76643
63964
83222
69115
67672
89117
70265
76776
62928
78453
87728
73729
70859
76853
68831
73132
72868
61084
74580
65484
84804
70720
68960
58178
75157
80815
75621
84660
72761
59735
74033
77708
59517
82083
57994
74820
79240
88167
73226
60386
59865
77438
67118
76478
74992
65202
88233
70795
83274
65755
78846
80789
68243
86603
60237
58696
75800
69226
85101
67570
88955
88734
68668
87498
89002
59758
85299
63792
78865
80102
62526
58934
90127
69693
81866
58720
80551
65717
87327
80808
71289
60867
79856
70597
70128
90224
90160
68781
64444
76287
57896
69977
88963
72144
89287
89544
62163
84612
74297
87366
84572
84578
85691
69102
73564
74489
82349
79214
83290
66567
77032
78602
86039
71066
77395
76516
72130
79221
75697
83578
63851
74677
84157
58992
81338
58037
65401
74128
81889
85550
82627
79119
74447
77219
60201
84497
70310
83452
69118
78960
71792
77425
69293
69305
87566
60585
88654
87928
81520
72739
65911
62390
73228
74966
74837
80575
67464
83220
58619
61225
63674
62132
87033
84241
84947
87920
68401
62888
84183
60556
60134
77807
60241
63929
77078
87742
77892
64312
82698
74763
65636
78658
78123
59753
68230
60072
89367
62927
74326
74935
66036
67739
63304
84574
81669
62934
79825
69779
62586
90042
62678
73202
57997
76145
88421
78759
81610
67360
68259
89487
78766
85796
82949
60826
65140
61596
66499
83572
73516
78631
88970
80228
85773
74735
80242
64372
78092
87014
81199
62930
61614
84815
60811
62838
82714
87681
57876
65029
65138
69607
79121
82933
80739
84812
86459
70131
79099
83541
62122
73089
88763
82511
58510
69348
84206
60203
90399
81981
72505
77767
71255
63478
85362
61296
77278
74335
73397
73892
59590
85657
76469
87324
74616
62132
77137
81674
87534
80660
74856
72607
58403
59673
82925
75472
86728
66815
61502
64602
78905
59138
78513
68099
90543
89030
89200
63267
87223
59383
84872
75108
79075
61228
67132
77510
60863
82450
73887
66790
90374
88006
73826
71039
67862
79490
86762
71729
73634
85884
84389
59777
72871
86539
61599
71458
74145
80396
62288
65907
75006
73092
58297
79432
61907
64903
87983
59629
85966
73304
61558
76648
59244
76497
65681
85247
79467
75525
82905
66042
75907
63013
89549
80042
75857
63392
70185
81834
81044
65422
60346
74085
66971
77391
83312
88280
77566
60271
59829
82842
76173
67533
80893
62745
82310
84733
73886
85798
58635
61418
71395
66484
77522
87232
80219
58332
67871
90633
71799
73765
64751
60694
74580
89603
65910
72096
70358
83613
90060
65199
68342
62163
65252
70331
58973
88192
76733
74513
90161
72956
78300
88697
69679
61670
88057
72470
60666
88352
70905
77709
84146
67866
69916
71530
64457
78420
83832
62143
78354
60702
88998
86285
69147
73379
63419
59240
71357
65573
83577
61911
74481
76682
89543
82938
79845
86296
77151
85231
68944
64125
83399
70261
76802
65298
68482
59218
88767
68960
76423
90355
85325
60900
89586
86099
84428
58127
90106
82462
79942
84625
71203
84501
86151
58327
85428
73140
88623
90066
72812
82450
78597
73211
80241
86282
69518
80532
90761
72088
76255
86576
74124
73605
86703
73333
67098
81479
71856
86049
75657
62243
64032
84555
66337
70292
87194
74476
68236
60656
67379
68765
63112
75337
64194
69026
78303
83345
66687
75816
61593
81666
87760
88011
83824
64957
62559
67675
87940
78002
88432
59872
90704
89791
85874
83419
88541
67100
73427
80335
82229
84726
70425
64256
61723
63834
66863
67451
70905
89685
90108
59478
62490
80986
86842
59705
88857
89827
75910
59678
80282
69979
61107
75860
84023
64828
61284
79818
84670
78709
74458
60810
82585
58638
71178
66180
75149
69390
63219
81293
60584
73117
80686
85927
69492
84582
70855
83331
81777
80447
76107
78404
63426
73228
81698
63366
79143
88800
87327
85663
59947
64870
88150
63268
66463
64640
60462
77488
69958
69421
63671
87520
59090
72112
62269
59042
84239
62959
70941
73648
64351
72473
62679
67927
82278
59531
79205
79741
76038
71669
81867
60642
77966
72376
80624
66470
73006
59027
79276
81676
71087
62847
79650
60029
87392
64727
76112
59856
68436
73660
86500
73416
80330
73912
85329
83934
76269
87713
81955
80961
83902
59585
78479
76060
64078
71219
84559
78871
85040
68752
87725
75552
63534
70092
90845
67947
77371
66906
82575
84407
74921
64663
85189
89556
84380
65125
80098
64354
75967
74262
86532
85467
88373
71053
62612
85460
67539
85663
68124
73087
61836
60351
63320
69237
90668
67547
77967
79026
68426
66945
59427
76513
83831
70982
68456
60379
73148
64360
65970
58730
72004
88242
90546
75858
84309
64160
69890
88466
64901
63172
66046
84199
70186
71016
66518
86162
90386
85877
88289
90715
76404
91028
67380
58838
68135
83602
71540
84965
85266
62217
79336
64382
80612
89149
59858
64430
75781
67652
87808
65246
91084
71018
81310
78678
87794
77523
76878
64767
58950
78946
71803
64621
60835
72154
86249
67356
59167
82243
65169
62714
70278
87184
75693
59174
78087
90750
59663
60408
76076
82623
88502
74817
75536
66904
85155
85460
68812
61768
58601
87877
83762
87658
77828
90352
88766
79516
80491
85821
81097
68129
86633
86563
85248
74564
60712
67051
66325
62782
90639
69943
74932
82522
61517
58434
71609
62807
82614
64873
74912
76302
58831
87787
81212
76117
91172
90605
72620
89122
64738
78529
85388
63988
75937
82535
65384
63086
90242
59732
72822
62021
88954
63347
71300
78685
79341
68970
59951
59439
79743
72478
78678
80494
76583
75641
58830
62698
64901
83307
65111
82100
71029
88622
81871
81283
72420
71887
86182
63830
73698
87786
85138
68443
90105
73397
73348
87568
68029
74303
79578
79016
83621
62458
61910
71600
62745
75896
82511
87282
84172
83314
62630
77466
83276
74254
73212
87447
83672
72801
68514
60228
68977
84019
83665
83528
65075
64259
65692
65211
69350
88395
64034
66954
69585
84230
81160
84764
83918
60782
79911
80181
71332
69642
70785
66587
70032
72424
87674
71416
85541
67624
73541
73600
85847
60090
74396
64723
84178
62567
74932
71077
76944
72982
70768
88476
79530
85832
71125
61945
60270
81382
69822
58747
80819
83772
71632
78720
82793
67909
80817
76398
87668
68393
73333
64849
85947
73732
88921
89286
87675
59113
71348
71447
69090
68647
84522
66471
90841
77770
74019
81297
60449
71013
63867
61836
69793
65807
89212
82706
59390
58796
66569
68801
67949
84078
81947
65537
81093
64923
86130
59367
82393
74384
67204
70489
74244
63750
82874
76403
81925
67476
75739
62250
72205
74613
66504
84271
61975
83852
91243
85270
86136
89253
84458
69304
70839
87806
89888
79574
67742
85254
83277
62463
76177
60260
83980
77491
72735
59963
68998
84168
64983
59308
71398
60429
67933
84893
75021
76846
82109
71865
87430
65495
70142
85688
68540
87324
76283
82401
64106
83225
59758
68557
90452
76501
77902
63853
86837
74093
62299
72271
71672
77166
86007
87324
65322
71042
70199
75110
79536
77391
90426
59040
63925
73116
67001
86126
76775
88245
65248
67616
79075
90641
88412
60280
77805
68147
64694
63668
82917
79822
90847
63432
79734
64300
60940
84204
71057
61648
86211
64598
63002
79707
80950
71497
81633
64684
84177
76366
61651
58955
85263
72898
87410
88328
71313
86416
73858
91103
80241
67904
88581
86559
59860
75057
74858
75980
70590
77858
78594
70465
75051
86007
66739
66329
81499
66746
79600
67408
81005
88289
66792
73382
86575
59087
83710
67908
74549
87965
67194
89506
70952
81689
63870
91304
84833
63759
64315
65812
65718
60360
87140
75291
78740
86993
59363
74067
88143
64765
71628
80848
66997
68781
63119
63117
85993
82255
71793
58894
83311
84773
71997
61764
82563
74312
76342
63409
69295
65004
80977
74445
63644
86245
72353
59047
91177
61291
67859
62927
65210
82458
80731
76916
69074
76348
79918
79562
68581
64331
64690
63150
67431
77234
62515
60557
63529
77524
71703
75650
65253
62031
85012
65726
82712
75906
84640
75309
90895
81485
79273
79959
76357
68119
73607
65412
66028
84502
73775
64547
85962
88010
84649
87660
79686
79051
71364
61765
61635
87237
70408
74850
76588
84161
62188
90545
76752
77734
85321
84469
73841
69631
73487
62640
87959
65278
58935
61255
86826
80065
59640
79713
59712
69077
64830
78992
59188
84473
91224
62771
60152
63524
69360
78491
59052
75721
89409
90220
66159
71513
77700
84806
86133
59402
88747
68261
67417
81623
87378
84486
79541
63175
78067
77132
76273
84083
78681
87137
60760
68290
74839
82464
76145
61688
74681
76403
84108
59887
72571
60344
72347
66723
74297
79722
60227
65013
90599
77309
81459
89000
87746
61961
75189
80048
64134
63147
59266
75436
77794
68905
91099
84145
66089
62932
62165
68425
68938
63539
76789
73147
74242
83549
84988
69773
64080
77735
77060
81224
70186
59007
66764
88955
63598
89496
89425
59138
76827
65608
64414
80776
88513
84526
76004
67915
68918
66071
70093
67359
76683
72738
77838
66998
84286
67363
62012
83998
78001
59718
71136
83339
77019
69621
59341
79959
60478
71419
89777
73287
69657
68329
82923
69136
80862
68280
89756
67098
80102
76977
87297
71811
66148
76426
79872
71783
85400
71890
60672
76895
90693
77199
59902
59975
87908
88613
63453
90181
67610
81017
61182
77574
87272
76631
74257
72011
66850
90641
60203
76965
89250
69481
69400
59260
80317
84913
60146
65622
85878
80433
73714
78422
86002
88521
78215
78595
72492
84184
84389
79180
83434
65628
71520
73160
68848
84570
64441
85058
67699
63360
63672
73332
78800
71689
71355
69651
73086
80865
78861
72716
86849
65033
62138
82702
89761
89918
80034
88904
91547
78805
62925
68980
82838
76010
75006
74516
77465
74937
80523
68091
81082
67148
62827
78096
89562
67671
83601
74319
73103
84832
82552
65040
82274
84770
86272
80780
71483
82740
69496
86685
67609
83686
71932
78533
82694
69740
76033
76658
70731
84798
85038
76160
81120
89534
70510
60928
89638
63003
64835
74296
85464
89718
67933
60650
91711
89156
76395
60634
75430
73460
68145
81034
79886
66001
87002
90952
76323
75049
63632
87914
64622
74415
74315
62937
83915
90398
84198
70348
72734
84767
73080
67542
91714
60781
81889
90915
62018
81975
62115
72703
89548
73670
82164
61591
69346
79967
84753
86276
66259
59755
77012
64389
67946
91093
78473
77324
82021
67508
86014
69885
90920
83242
69081
81714
82611
66699
90414
69442
63954
88514
74065
66051
78227
67313
69609
64077
68093
70232
75590
74241
64255
62328
74485
73802
82343
72568
63121
66851
77205
89287
75483
69146
90798
62979
80141
75859
90901
82970
76908
86991
62807
90031
78365
84974
80613
76223
71481
71987
68296
68484
70948
61512
91280
60825
64538
66114
69517
76384
60426
74277
80450
65441
69544
91051
77335
82803
69054
71489
60238
90208
74946
83795
82232
89284
74926
72393
79529
61814
80652
82130
87721
62378
83280
84448
79212
71190
73067
70132
82309
83284
70813
73755
79190
74632
69771
73528
81099
91970
65169
87045
74568
74150
69977
78933
73183
77770
64685
66460
67015
88927
74633
71856
71433
61076
60533
78033
67453
81719
77841
62440
68085
62749
62962
69132
70072
69573
62380
66122
59954
61240
66096
72358
63209
91187
64857
72029
77747
68488
82369
69485
77095
63682
81113
64599
88401
62472
82745
72484
71850
85828
74036
65702
65350
71300
72112
61184
91728
73632
83764
66153
62900
81181
70467
72492
63003
71761
79849
76019
65308
63176
65427
80710
87472
61159
79652
64335
69351
85967
67140
62176
84698
82052
74235
83127
72673
88655
68992
80384
60934
82528
89419
84251
66233
67256
77937
63904
87237
82502
87089
84384
63618
85072
83402
63534
85068
63253
67216
88350
68917
74161
63039
71181
74743
74048
75663
65698
81453
83270
90889
88594
67522
64335
85016
78826
71849
87506
89187
85513
60110
64091
76122
71147
60493
80617
75791
76590
66019
89749
90952
68942
69025
89461
88018
87732
85480
70592
60184
76015
75921
77875
77812
77377
79468
90547
60868
87133
74476
67635
73153
74863
78880
60632
86668
89181
69349
83291
81418
77132
68443
67248
84338
82791
77205
84709
62372
64219
71317
85580
59837
91686
65911
83932
69096
67986
73964
73941
90231
61436
61674
85923
65330
64730
86178
88581
77550
73597
63667
82542
74594
84883
74141
91308
63799
88815
61048
67015
71262
81037
61414
72492
91302
70864
86854
68874
72334
78607
70186
63485
67159
65616
79371
78314
69470
84819
66620
71210
90537
71123
75293
89322
63424
83720
74129
66001
63166
92016
79282
64996
69799
84431
61379
88231
90364
83317
68709
87173
63373
91583
63758
80498
66959
78560
68024
67791
90350
63457
79574
67982
86501
76263
63372
70550
89803
87221
68639
64361
68144
77937
85163
63236
79656
83115
86036
63751
75751
81051
65342
83733
84622
86186
92289
85886
84037
59701
91991
66075
68234
89741
62552
77946
76488
64066
78185
80187
65580
73121
67120
66234
81844
78203
90315
67823
90761
82728
61121
66194
83598
62156
90680
90498
81209
71385
71529
78439
64674
80085
77394
73622
75481
85854
60586
72502
88957
88427
64538
62625
67466
81620
88234
89357
92019
72213
66426
73580
61297
85839
85426
69521
69146
70799
85947
62611
64821
85843
90288
62070
70861
60234
74255
79624
87172
69212
62389
60938
71466
85482
91145
82064
74894
84311
61559
91051
71060
85447
76320
64068
81544
91942
70351
85579
70578
66157
83503
75026
80939
66848
82748
78579
83695
65051
59896
62009
79410
86927
65887
90430
87288
70216
88476
60368
68320
82481
89725
66521
74304
91161
77349
77119
78967
64695
67585
65802
77951
86252
75773
60357
77762
79689
90615
76582
68911
74449
70003
85745
62092
84736
78225
82201
86030
70924
78141
71976
61991
74346
87974
81634
76191
75924
85233
73765
80358
62986
72494
65044
65961
84118
80779
71029
70051
88277
66503
75350
75190
81651
67562
73463
78906
70838
82996
60900
67477
63678
74579
81762
71179
87819
79065
76300
68568
72383
75756
69310
80764
77093
89663
77746
92247
91635
76610
82665
73589
86220
70550
66509
70315
60425
73924
67604
76259
83129
73006
89063
81588
70630
85062
76100
79414
82203
62205
61089
60692
60962
83071
67794
76258
61458
67357
70700
68017
88458
66954
92395
72417
64055
73803
79569
72247
63388
70505
66576
67119
90898
83049
70506
64660
61709
76925
62871
71245
79266
78588
84455
79226
68166
68624
61992
63936
65753
61359
81354
85728
67555
81100
86081
84367
74781
89294
83627
83586
90931
64321
90291
65480
60360
91595
78005
68700
85690
75874
71459
65019
64936
80317
68903
69939
68274
85000
66185
74685
71040
71132
86740
91404
67974
75630
71092
62758
70022
73735
85667
91571
91222
87988
81860
86355
85731
86334
91151
64821
73590
67676
87215
80102
87606
61480
73128
61542
81647
79312
83389
74881
88081
72590
69009
81244
76540
65498
76300
60239
63866
91358
65024
68082
91277
68650
71437
80251
61548
64169
61890
74311
68040
63699
84228
71350
61523
90917
62644
67388
76419
89806
72588
64693
91795
83628
80970
68857
60620
91254
86545
64945
67330
84539
71692
67945
65889
90123
77908
64230
75882
63988
78356
70329
92216
68144
90859
60180
61704
82844
73617
85469
66808
82028
79806
78081
86799
65821
82247
85259
66430
87980
75402
66037
88357
70406
62477
65085
68697
65215
76130
89148
82661
68358
69966
76212
84302
78041
91434
69032
61788
91765
81800
65648
80341
79889
74266
84492
74636
88267
70352
80569
87962
81891
70721
86466
66284
75303
64844
83609
68350
63406
62463
75814
65509
69065
69559
67167
61331
83255
91785
88601
65111
83096
68065
73501
92323
67364
79465
87167
86546
65437
80685
87851
66985
92034
89084
84673
68446
69254
78609
66723
79574
81473
87539
77132
70515
67108
82329
68579
86414
66482
86482
77839
71937
64237
83940
60942
91369
86799
74867
90369
85162
84859
88229
92042
89651
64755
70276
85657
60803
64267
75940
73347
64875
76254
92421
81493
75158
72703
85818
90471
72136
68787
91595
62260
79459
84573
87769
62824
79407
75065
61440
66619
62810
79437
73090
62718
91582
70301
73889
82675
71779
81567
66892
81506
65605
62958
72446
78313
86615
72514
62692
61972
75463
91296
79166
68398
81796
71630
75783
65878
71678
60170
61656
87765
74285
89595
86026
85166
87252
73448
82715
70007
61191
86056
66642
86632
70891
82394
77222
90802
76221
62422
66269
60689
68373
62435
75505
91045
69996
60458
82103
74238
63964
62954
86722
62838
73000
66670
84614
65475
71676
64572
68281
75724
84086
84624
62719
68796
83172
69896
79557
77653
77776
80289
89453
83336
68922
67298
62892
60482
64804
62551
80433
76680
65364
64321
71048
65734
74837
69516
64317
90980
85951
92417
89156
63387
61368
60605
80536
91015
85435
84706
73763
64125
89240
74892
64734
78494
75708
85511
77881
71852
83891
65855
82365
79389
65515
70775
68848
73070
92603
67902
91257
69818
86179
67487
61572
63115
74710
72089
85096
69872
73973
80591
75655
76496
72734
69759
60790
77693
67877
89528
80223
90252
76321
67528
71843
73189
67371
81652
90307
62486
70498
73581
72832
91373
74547
89727
87105
73285
71639
88074
79286
70432
91164
69686
89787
76534
85609
64867
85887
64333
70652
77407
83941
81802
86391
73948
70698
66311
87195
89121
68809
78181
80723
74751
85403
65828
66548
88071
92227
60528
62147
86778
71113
76862
61624
89729
76677
92568
83841
69406
87871
71989
89802
72803
91796
79181
89788
67938
73115
84395
89027
78180
90313
67076
61333
68830
79378
84615
90992
82592
90449
90805
85922
88400
73706
90739
87119
72983
83886
88414
85871
69018
85247
86110
78870
92204
62516
83326
91896
74305
78399
72187
82988
92198
65676
75418
78384
62448
75821
92735
91694
86195
84021
67260
81277
89588
72545
65511
86123
75616
82174
61679
74298
91326
68870
76784
70248
79394
74637
63428
62260
61539
90971
90141
92509
69072
91099
84944
63789
71455
68148
85364
91318
71846
63925
90668
81756
63438
90998
70337
88723
81092
63804
76532
61418
74865
67486
64274
76873
69293
64358
88008
65654
72879
87610
85049
88798
70600
87676
78414
77459
88146
87662
75085
93073
70883
75418
66222
85061
90566
92017
60714
72784
65707
75314
67092
89224
65693
82189
86252
92223
89653
87689
62770
65481
62477
82979
86648
89144
85880
63543
72379
77930
81264
72484
91891
80710
74704
86956
63977
85826
64196
76441
75081
62248
64125
86438
66808
65563
86313
86428
66727
90325
62754
91068
91049
87602
92005
64093
76545
91378
64071
81110
84416
86202
61539
64158
84878
84061
67543
88498
89478
75610
83376
82999
70983
61606
71074
88417
77383
91819
70141
91539
78187
91280
67548
75208
80597
89275
68511
88625
86526
73876
78236
93215
67588
87436
81682
76580
86085
80735
91998
91509
83756
75669
92530
90003
88907
88655
74114
61227
68778
69696
90880
81210
79455
62970
77515
62324
71263
90219
72100
88295
67476
61095
63201
74204
74288
63720
72549
63230
79424
61650
85199
63422
87172
71420
78066
80885
88446
76205
86406
71883
77513
61667
67612
77017
79532
84890
91736
63370
71151
74314
61018
65479
85997
90802
77693
85459
92395
92372
72516
81011
66216
63809
75409
91475
75573
77974
68376
76965
79367
68679
81172
77835
75595
61595
92472
72887
72057
86008
69353
78032
89388
87905
68266
93208
62257
83005
74968
78797
78046
83802
63639
60877
65189
71985
83724
87805
91369
74604
68301
71914
88847
91045
90005
90801
68825
93041
70205
67869
68079
74141
60647
61968
70591
75959
70525
85796
64903
69328
66650
93073
86704
76417
69958
69970
79710
84268
91304
84355
79685
70276
91895
64526
63166
83280
71794
78470
64026
78188
78609
66131
63286
70416
75963
90640
91471
78676
86457
60977
81688
61940
89963
90345
76554
72785
91961
82251
65020
79289
72141
69039
84979
70888
64127
91479
64315
64207
76561
62802
69047
67220
73629
76961
70773
76505
85707
64409
65925
67649
78407
74376
85004
86320
76659
86939
72340
72403
73817
76799
92070
81761
91363
84039
87195
79264
83022
63502
73391
65962
81628
87261
92759
74481
85961
81999
88277
74625
85889
68978
72713
76933
83472
88433
64650
82957
82394
87920
67061
71694
67212
70584
85381
64170
75858
61972
67300
62386
91979
93050
88897
68458
89914
85742
79523
78476
89982
68004
65405
93071
65348
80485
93314
71976
82427
70707
93370
71186
90120
87088
87510
64011
67515
85692
85185
77855
76418
88030
72823
82472
76381
68325
61210
64918
64402
79183
73027
87404
69282
92393
67478
75147
71291
63800
77465
80691
65263
92184
64710
83655
75621
66979
63198
72400
79311
83796
83585
89157
71132
72300
86780
67594
63598
79253
89186
61878
91982
77254
85214
73625
82207
86630
78919
75774
78224
70836
74229
62381
63958
65126
86227
68020
73050
64400
88502
84071
83630
64456
90093
77734
63686
77448
93210
73822
90213
89812
92480
79186
88533
78364
63516
71964
65243
85603
68793
64878
86250
76705
68159
71582
86935
70758
86283
83554
76621
72129
62213
83160
70722
65120
66094
69321
83369
89336
77177
88622
70954
69096
73692
84467
61071
69657
87462
81404
62400
63784
89107
91238
88305
78023
77598
61455
86298
64352
76182
71768
73383
71676
80756
83497
72817
62820
88684
70198
86766
82565
90306
63617
93604
89625
85599
91424
74980
92548
73764
65089
61364
66300
78206
85867
70157
92909
89147
80391
88903
71836
84636
85790
75985
66058
77739
63076
65829
72475
88526
67190
88827
86007
86941
78432
91325
65201
67313
61538
90172
78887
71229
81396
91809
77865
90146
91399
75942
62685
90429
75406
65286
91489
92228
60989
89905
79795
86097
62352
67653
81358
79229
93200
64570
84502
87985
78546
72028
78582
73657
67904
92159
80328
64154
87323
61550
88309
65318
65473
77092
81245
70093
88748
93503
61177
64182
77116
80689
93374
74255
85942
72633
81861
91809
63372
80146
84394
82599
71903
85610
86578
78560
65858
92053
71728
70627
69569
84227
92585
92595
77346
70639
67382
83347
61290
64218
87722
81435
63395
72248
76021
77196
69853
84329
71496
76385
70003
63466
80762
93734
63375
92877
83883
73357
89584
93798
82215
76991
77291
86088
90764
81648
78512
79216
92464
88118
61903
73919
86461
78491
93435
81326
83998
65393
78093
82749
85663
66021
87628
66348
90191
79831
87531
63854
70313
66793
88275
61403
64116
70614
91043
68133
88040
90630
66549
85517
85522
76127
90852
64470
76154
72797
90315
84730
64002
75877
73294
89885
66577
78422
71327
67903
85233
65890
77562
76085
83574
85020
89970
82778
89569
72657
88304
73346
61955
64028
85113
65071
62630
72885
79791
85256
80680
66442
88731
84870
82537
81169
80553
71409
92648
83164
87796
72843
92712
77934
61892
85259
68185
73293
70485
74828
88372
72536
76251
88391
93479
62043
92866
84543
61362
72161
88378
63803
63505
78921
71155
76985
63771
87580
89125
67745
83562
67230
85972
78712
62652
77475
65874
89046
72089
92580
84485
78362
77366
93458
91754
76380
72090
63978
61786
72355
75263
68746
74893
67928
91515
81603
66140
81915
84447
69679
85195
62997
62432
67781
93638
75886
64884
92586
79019
61567
82815
90186
68873
61482
62127
61352
70312
75177
88996
66546
75465
80837
86613
91225
92846
76360
72879
63264
82781
80564
78975
68594
84642
83253
90257
73848
86355
80341
92441
86827
87767
84463
93011
63591
72169
83430
69735
67009
75418
66326
76687
83867
66965
89611
66427
70902
61607
77041
84725
62855
77951
79436
68801
93708
67506
65514
69319
91872
85762
68117
61556
90317
75487
84749
67677
93218
90670
65205
83237
71174
69194
73356
71073
81932
80968
71135
72763
71176
61312
67133
78228
71200
87368
77868
64110
89894
76291
87066
70856
80165
94043
73622
73802
68665
88010
64192
75236
80292
68447
84478
74419
68383
76223
63473
80420
76910
77162
89000
86875
90935
70719
85779
75222
63764
61763
68026
63821
68583
84894
70574
72925
79982
93926
91328
88422
86807
69792
66546
90930
74517
93956
80683
69335
86963
85249
78639
85342
69608
94081
68557
78756
64556
65518
83035
69889
66187
63477
67679
88360
75000
64138
78991
91470
84451
81452
75772
86159
79630
93290
79242
62349
77468
72358
84387
82778
90731
81945
71724
71576
78243
85271
91832
72670
91279
83860
83708
61534
88748
69864
87428
81349
89856
80079
86180
82019
71341
65972
72624
69260
81350
64047
66159
73278
75361
85964
86222
85507
77294
81678
70354
62745
72903
83123
69840
81617
74760
62522
89056
87349
93600
71587
65167
73453
62120
64630
75220
70756
68596
70150
87622
61478
61672
81143
65931
81549
71821
66558
69652
69788
78052
63976
78599
87595
73851
67806
70269
74564
83517
66279
76782
91342
93070
72622
62697
84072
72856
77702
71177
88984
88799
64427
86564
75301
89628
76746
93637
82881
87880
90308
76509
82155
92663
70832
76981
81684
85991
65567
88103
74753
88793
91299
66574
88176
84127
90258
69115
88574
73079
77831
75562
74824
63639
65322
93620
79185
71433
78257
75269
78116
63673
82855
75921
92346
89037
75628
88003
83997
66100
83198
78390
94158
62850
65142
87336
64868
81147
89558
66348
83831
80365
86017
66334
69820
73284
69899
93020
63089
78168
77235
77107
73212
87817
81454
62616
91599
68878
81447
77849
73102
86666
75267
87315
67956
77280
76137
78884
79091
83145
81666
61923
88218
80548
87421
63439
87868
84237
88535
61830
71247
83632
62169
76344
79250
69727
71138
89690
92659
67683
88294
87455
65455
73744
75191
88356
83899
73629
78467
88554
62563
73778
91038
88970
76081
93249
64130
63268
82448
80410
79381
68249
71089
62650
84010
92154
79662
67300
83017
72000
64237
89204
93107
68669
82632
69103
64161
80594
87402
92766
88781
74595
83196
86877
89907
75144
76034
73583
93465
71429
77695
63124
79437
75005
84320
89374
92334
87394
62999
90304
63213
81072
62087
72680
89749
80859
85792
66382
69449
88709
78155
78285
87885
70005
82952
75379
63817
72005
72661
75988
85833
69978
70099
83875
73479
70426
88612
75139
66413
66904
88471
67610
69462
82963
65159
89447
69013
94305
73984
76630
66104
64678
77348
73106
86286
84233
74445
75163
77158
91177
72052
90392
79642
82955
94034
80494
92364
68440
83140
63377
80752
77509
89332
76571
74506
69330
73910
80795
84153
88503
84144
62767
75253
84379
62142
88405
91413
70408
75413
73982
76564
71580
69030
74980
77460
78081
90693
73758
81955
75807
88586
65777
75710
76943
69495
80874
64403
90195
77532
87337
87051
84933
92792
70656
65800
85454
63969
70845
74860
89176
75942
76995
87514
76038
79922
87264
78784
65058
71923
69082
66965
92119
81596
62283
86879
64928
70760
94383
71289
90112
86721
85180
92051
81524
81568
65266
85498
63910
70229
66418
70682
79331
71240
74003
83265
61903
77025
87475
80037
62807
87462
89291
85417
77032
93091
66630
81244
83166
74511
82836
75074
72000
68140
84218
77656
85418
69999
94508
64338
74122
89825
89373
77095
87183
94405
72214
83151
77663
86907
69638
74571
66697
93860
76313
90343
81338
77191
93579
88252
84275
67252
62143
68984
64378
75494
62603
84834
80208
82734
92630
76696
64996
87630
89446
89243
69958
85347
63475
87054
66334
92104
94336
85435
81310
85558
87787
80855
83125
75056
93378
68743
62854
73374
65624
92323
88600
85688
65048
85945
91471
84005
76826
79189
76571
82788
82932
66431
92399
87404
89811
75398
62069
63887
92106
67068
87680
62116
67689
69378
86082
83813
82834
78790
88255
89622
78472
66633
93313
64360
71753
83046
88461
75932
81694
74512
76183
83179
87152
63195
64626
83494
79581
74685
91850
93338
92811
69142
76053
93750
75708
81647
86727
89328
79779
73087
75205
85092
70519
90612
85533
64190
63941
75120
82420
65755
93706
78673
89536
85419
87681
65461
69815
94426
76858
91965
77190
63663
94572
72722
78663
91956
90636
91174
74413
66199
70302
68797
78722
66768
94540
79659
65108
93828
89397
90847
93803
65833
83975
88224
69630
74860
71120
88855
69286
80591
77585
82062
63506
76183
63765
88567
71421
71653
75904
84784
64093
76067
74283
80005
64733
79521
89647
93559
90254
85120
65856
90299
86745
93648
73789
80262
93369
91125
90628
80392
66343
73039
62347
78646
89045
89882
66093
91597
72222
85650
77889
62612
63549
71003
79857
84961
73918
75041
77898
74334
80947
89724
75919
63245
67368
73494
69075
77962
66649
64271
69318
82321
73506
75168
94672
63167
86582
85247
69980
86429
75412
93571
62071
70874
73399
90121
76185
91608
90637
75670
65986
75627
81067
82494
72137
94685
83775
65860
93169
85045
84806
76930
62398
68280
79743
62731
91655
63153
80031
64272
77643
74606
84550
92928
76873
70795
87090
62963
86218
72051
75699
76105
78018
66083
94558
92558
73623
69937
62214
70817
88513
85773
72168
69398
93331
74376
83238
82136
86104
86674
86135
83219
92322
87368
79644
86353
89823
69678
90902
71651
68397
93624
64662
76162
89968
93200
85429
72246
67745
67859
69221
93559
80489
77724
76967
69010
88302
68102
91391
86607
62701
89580
81701
88785
85513
87347
82686
81597
85858
88139
63946
88735
80490
89521
69535
80777
62452
86713
76054
93693
75662
65930
82244
78860
79121
71786
74732
91840
72822
79420
88050
67256
89067
73798
69139
81938
62502
66872
92116
91534
67322
94570
76472
75503
82984
88166
78774
67237
71799
87974
81642
86698
86791
71327
87947
74922
79074
92158
66589
77158
73428
69681
66280
85850
86397
87337
76456
85149
62372
80734
82822
68618
86734
70676
93255
80285
70159
82141
90052
83487
80673
86112
77466
68102
91571
88152
82210
69527
92419
78048
79268
84045
84911
62701
93895
78206
91593
93212
91724
76860
92457
82350
71676
68730
82951
77008
71903
74607
70089
93728
77487
84288
69145
83566
64396
76249
81467
84671
70129
88347
83101
80280
66791
94781
70320
79225
84089
83564
93431
67751
63079
89781
62814
87598
84767
87333
77772
89127
93928
84271
79099
76599
89953
62285
67464
63320
68906
72682
81734
91612
66017
63872
65240
64687
74320
80382
92031
71388
90340
80748
65328
66130
62561
79825
81130
76521
91861
92245
77638
63136
69835
91043
94544
79656
87232
80785
90517
87207
77531
73219
85885
71094
93400
64780
70363
75947
74310
66135
82371
86558
77042
86470
63644
91302
89507
89944
92277
91620
71943
89168
73629
66755
66798
65428
82029
83197
71094
77139
72297
66530
69638
82410
88456
80469
86720
66569
81871
73751
64816
66065
72996
70728
83338
89793
63842
93994
70547
86290
74921
74025
78750
88927
74232
82712
79290
64969
73725
64446
85290
92122
62507
89745
82965
93545
85006
75713
87935
82621
67803
63864
69496
82933
63820
65121
92051
84902
91562
71015
88986
89287
74283
92863
76928
74698
72575
74280
94615
70412
70054
63089
84483
73327
62724
94780
82543
88645
72119
75267
82687
65905
79144
65368
72069
75464
88544
75121
62455
71102
91550
65251
89889
75326
71078
83118
73111
67545
79195
83578
92910
84003
72464
82976
65323
71770
91932
65644
91772
71241
80172
94498
65830
72812
85982
77886
81855
89429
83595
70272
94109
85582
91491
67368
76686
75072
79808
75007
83145
93652
89268
67734
79909
63959
83428
92114
66441
78051
88218
65192
94116
66364
75029
80166
74206
66552
75812
81587
68238
93795
84723
82583
66413
72353
70948
81342
78411
75157
83233
62904
66560
86018
82609
62725
86950
88304
73674
88208
70149
87890
72615
71289
65871
87781
89113
74263
88334
80987
86306
69950
91738
79033
63168
75453
64591
78846
92423
91691
84158
83717
65138
70884
90403
81068
89211
85070
72663
92726
80489
65889
67975
69358
83562
75110
74469
72461
90337
82942
65181
89566
74241
82535
74635
89888
89499
74747
84779
92076
71988
63481
75857
64856
75867
87176
67098
87578
90938
66297
86818
67185
76650
82253
93431
93952
78604
81143
81870
77180
80405
76515
69237
70857
79337
73910
63113
94304
71468
70488
66793
71412
74196
73392
93802
69717
68483
64174
82125
86676
87061
82319
73710
88680
68724
93020
90941
74448
65460
74420
75634
81914
94812
87756
75901
74084
93185
77492
63420
81729
81690
82396
90737
79646
82703
80342
72819
72645
62611
82269
66340
64610
94260
91287
68770
91876
64304
83607
79682
92582
69259
86054
68922
88143
71774
80835
69789
88055
92018
74472
74637
63115
62733
94351
82092
86386
65804
89333
71635
69488
78898
87710
90887
78283
81088
64665
67496
65709
72006
69125
88044
71370
67000
94932
67724
86082
81604
82383
77501
73929
69475
92122
88674
70917
89263
87162
73856
66359
74740
85908
76274
77598
73481
89208
72286
91417
66273
85533
90983
86155
68701
94382
88100
70019
85860
93254
70865
87453
64566
83193
69317
63523
69373
72723
90276
93560
73126
71332
75478
64951
79854
68924
65592
70295
69056
92403
67345
72850
85950
86444
87623
86854
65054
70043
93907
87323
72119
86533
70002
92710
93019
70983
90269
93773
87400
70170
89788
75436
91034
87061
72855
67128
68899
83316
76813
75170
89342
67095
76552
94847
95360
78798
64176
88485
72752
67539
63199
94424
87768
93592
82389
91046
76508
63171
63534
75663
71115
86135
90385
80745
89652
73174
93865
62979
79803
89028
74457
75785
93547
78317
76843
70951
67150
87305
85770
67697
71739
89695
94002
67587
81136
81031
85348
93156
89441
74101
85342
89137
83791
70067
88074
64119
82203
63726
77302
80480
69597
92084
81412
77202
74673
89724
87139
83668
89681
84455
79293
88178
75753
70725
64178
86499
83494
94299
81798
65706
76176
82276
64534
88186
75035
83029
71697
67229
82936
89701
69476
87191
78257
79053
80630
73222
92277
94668
70038
89548
72113
88815
95538
71280
66784
72847
90185
72130
77987
93851
67490
95166
80404
63128
83007
64691
77399
68325
88461
87717
74355
80708
93149
88559
64864
82582
80663
79148
75874
83430
62893
83032
72085
66729
79823
90931
93384
89668
68318
81638
65166
86223
63778
92905
81299
87321
68031
81188
75309
80876
80101
79189
72755
94354
81992
95153
71442
83095
82896
66254
87069
75985
79505
63680
66341
63390
68605
78723
74058
78957
67928
79001
62992
91264
84845
90099
91830
91376
87168
74261
70595
90609
79491
82294
95457
86871
77197
89893
91886
74329
81543
92850
90193
89237
77353
68940
81802
71765
91173
86055
92173
93713
69281
66081
74065
76597
72171
73892
93220
74275
86120
83918
82497
80764
79566
93647
95268
76956
63635
93587
71965
63331
63654
74914
83364
71483
88668
75844
64492
65366
71341
87528
68283
85560
94624
82630
85624
88694
91140
85700
67718
64701
85345
89750
82128
80661
66094
65834
91557
80231
68164
66627
73159
70461
74643
80996
65726
66250
89364
66543
76146
63786
89598
79246
87801
68587
77117
75218
69550
89035
68896
90138
64131
88259
81746
76471
90776
67397
83211
71245
71948
76483
94087
72828
76051
63856
87224
70080
70216
81226
64568
93846
64837
67160
88193
78817
73329
86576
90208
93835
80666
85181
89255
73327
66756
69183
81443
66679
81600
64147
69581
72705
90624
75189
88388
82824
78633
90499
66939
88192
65258
88260
74159
84609
94349
88936
67741
92584
79563
81937
85489
95291
92901
65235
65025
75659
93680
92472
67003
88095
77936
74632
87772
87310
71721
82759
72804
72365
63538
79614
70470
71786
85835
88895
88931
69112
82032
90339
87225
82861
63919
92310
89304
74280
64822
63382
65686
93494
65712
76215
95748
75255
87762
83115
94881
88124
71472
69760
78285
87860
63574
72042
81792
77128
69652
81603
88891
82755
93721
78672
67391
66230
83139
86726
71678
63387
70710
94348
88015
79160
68524
66499
70373
66118
70924
87172
73602
69715
81597
69224
79464
82533
63420
89166
77713
83680
86508
94552
63263
67753
81582
74551
85654
80780
63922
63913
77385
67547
71181
87871
88850
72024
90507
73572
66630
70997
70214
64923
65000
80922
94839
78344
92957
80263
65165
67378
93408
92411
76156
87303
76023
69748
80728
79137
81190
87799
65058
85063
94882
64050
77026
85303
83400
67424
88309
71842
71183
72557
80297
73337
70204
93786
72199
91239
79061
77284
88304
87455
91351
93024
77676
81879
69291
73962
78142
74132
84311
70078
80828
77225
89074
68070
83677
75770
79706
82198
85140
65414
79913
91348
80476
84389
83172
69083
74004
66189
72822
74946
71438
79643
92381
63961
65635
64465
92708
70740
78217
87323
85393
64683
73767
95446
66847
67136
71207
94482
78638
89155
72461
88087
65146
87506
67464
83367
90698
87397
63303
89475
85738
79722
68878
85809
77402
70700
81161
83707
74056
88313
69984
94267
67644
64644
72971
93398
77075
86664
69864
91655
73902
82606
75531
72286
73963
91825
88149
68872
72404
86976
69704
80464
72983
70436
86809
95590
85687
69154
68103
86879
81408
94499
92652
83838
72640
84498
75794
87218
79540
91654
94535
63583
84801
78369
87860
78433
64356
74680
75754
85583
66284
93107
91070
86524
64487
63799
83287
79172
83802
69507
69637
83717
93749
95000
71764
90987
69253
94749
80610
89969
76012
84993
79213
85412
90702
80994
71216
65578
69070
77102
79216
93188
70393
87048
93522
86416
66624
81645
66543
85586
63916
70679
64426
80883
66509
67873
81346
65674
84724
87405
86819
78875
77474
74691
73602
81757
63807
83770
86696
88001
64527
79708
66574
64687
75619
71557
76971
88595
94988
85388
94986
78872
76565
93093
64927
81971
95410
94598
81755
69476
73587
75977
94846
93625
71357
73874
79277
88851
67451
68721
65348
65836
69137
68234
88813
84697
65681
70899
75122
65677
76082
74333
80591
69151
66814
80375
84620
87501
88778
65167
83529
78976
81515
95482
73371
72530
87079
68023
82454
90701
92266
72143
70315
79989
77754
66303
83253
87305
82669
65305
89934
85511
76698
85672
83815
79854
70861
95955
72472
94919
95231
71300
81844
84070
81477
71369
90401
81902
64967
80506
86758
84627
88948
86300
67462
77220
94452
69893
70157
85448
95966
89281
91624
81800
74540
96181
84217
82189
84972
93698
76779
65835
74296
78764
89283
87967
72039
81660
83896
86677
85637
74274
80453
81262
66561
92191
89212
66751
66982
80098
87197
72605
67788
67761
84199
83480
89296
87755
78766
93445
65473
81740
81326
89857
93020
91216
70303
74418
77371
94811
91146
81488
75081
82937
69210
71780
92537
92321
70710
87504
83384
70367
91150
88336
84256
78259
72692
83647
84334
80180
81838
78685
92598
89720
70921
89679
63829
84664
72304
73255
81704
68016
84924
90662
66811
79685
76110
93439
96068
77930
79195
77022
77074
84804
88968
87209
93248
88716
95927
72326
65006
65590
92448
81821
75569
70480
64163
83231
72202
73004
94556
94855
94869
78273
71801
69920
70787
75599
76104
65735
64714
94530
84628
68082
88987
74329
72242
69873
68245
88583
95447
69236
78648
74010
94253
94542
80284
63898
80677
85368
81763
75252
88206
64601
86764
93015
92135
70212
73417
86879
94321
85315
77172
78065
90761
90387
70973
93286
82741
83055
73863
88811
79357
91026
83508
75047
88316
89079
67166
65823
75574
75107
65352
82775
87340
85029
85652
68410
89006
73884
70326
69308
74993
65531
73896
84286
69601
72265
82399
70066
81336
88492
69247
89087
89552
85734
79819
76199
93109
83744
87775
93607
70527
93927
70561
92063
77919
75380
79861
80434
72055
92976
66352
82096
78063
64119
86480
92146
92485
70044
93546
69254
79076
93998
71907
77837
70649
63866
77027
90080
78978
77393
88199
87802
88231
81932
88662
71954
96078
66508
83319
95495
84714
70919
75553
91265
82579
86592
73810
69334
67932
71445
83908
95018
71649
87935
92189
64987
66591
65622
93797
68892
66441
82195
72894
75999
86872
74458
87375
94713
64290
69816
70018
68736
73134
79145
88431
67960
84999
86237
85912
70575
69327
93883
74966
91110
72150
71975
67731
81969
89579
95360
92474
68257
93426
90861
71916
74527
91191
71002
76405
73883
86274
77245
72318
75111
82796
87710
71939
86749
66416
95190
67336
73800
72773
86167
64648
71938
78315
93868
92847
83417
87301
88834
77385
83383
84198
76648
75385
88451
94190
67987
74670
91970
86551
94053
82643
80002
94667
96367
67782
96248
90873
93364
86540
78440
88167
92335
92867
89797
72522
83608
90839
78234
74004
77028
94841
81832
78733
91659
66253
78800
89893
91533
77539
72756
72584
73271
86249
70298
90740
69026
94111
82961
75975
73982
73739
72662
93661
87821
77677
71032
87320
82802
76149
64059
64960
87852
69300
69050
68878
70238
85841
93649
73347
66385
89597
76218
69246
79547
93992
87158
86798
64834
79989
71279
87813
76348
83052
66139
68430
77753
77424
78179
74368
80835
88816
92805
76466
80612
65505
88375
96658
91113
69995
71501
73393
78054
91874
69148
86049
92538
76793
94944
66882
74324
94770
90715
78809
87542
95897
90047
90978
64185
94130
80590
68264
80402
96176
74048
93074
77075
91879
89957
90432
82485
78468
70667
87126
77908
74620
88994
84376
72443
96706
79518
81592
84962
85949
77597
84331
75189
86521
65994
76994
78871
73501
85505
88248
64743
91165
69940
67592
95938
67760
94605
94273
84169
65541
72660
79899
79780
70065
80020
75788
91079
77549
81017
84247
81139
75774
71677
91621
85760
87540
68163
74262
84955
68759
72515
72665
95947
92319
65832
84922
87288
85539
95478
71356
83757
76628
80496
83624
94429
86891
89913
89252
69732
67040
95545
94727
76944
95709
85058
72556
80736
91634
93940
66054
75275
76810
91870
75571
85572
78238
68581
67155
96445
82984
90858
67802
82154
84443
85927
65700
96775
77457
73178
72841
74076
72965
75174
68402
83392
88130
69430
81962
67676
84315
96675
69432
72369
71005
67864
70125
89565
85890
73780
68473
67353
72615
84143
81603
93575
87296
69441
92856
91435
68875
87743
90338
84790
95938
91784
92733
75659
70165
79903
93767
67452
76695
83993
69719
95700
66680
93754
79663
78875
79539
65755
78548
71957
76168
83854
95390
80012
76333
65797
69003
79951
64705
65584
91864
95867
96641
74918
92371
91385
68158
78406
66539
81480
72719
85022
86025
96125
88387
71308
79395
70536
81817
83106
88078
80824
91828
70863
76435
82306
68297
65724
95686
93566
77723
74869
77715
81842
94121
73929
91290
66835
84901
64755
74557
91721
69161
84858
72950
86963
71590
71253
94702
94891
75421
87635
88780
94219
94225
96698
74955
89071
72764
81454
78864
94909
64385
90581
65594
96099
67490
94137
81722
66272
66867
76654
78437
93446
88398
90100
84423
78462
92041
71134
70075
64524
68645
95412
73401
76564
67208
86935
93038
69470
92141
81187
89362
76310
88667
92826
90614
74263
86995
96830
89692
85353
68046
91390
88972
95239
80103
96085
77092
77798
70868
86384
65712
69172
95386
78479
68474
87517
69377
70573
84644
71508
88902
87395
67955
92560
92689
66826
74222
96341
84646
64800
76712
83892
86111
91372
68826
86229
85082
86885
74164
89076
69487
72017
93685
80810
84069
95914
68794
85358
70245
81733
86675
90971
83886
78518
87516
64308
93323
68462
86347
91813
83586
67878
70853
84171
95183
96897
96374
68855
71441
68076
67104
80559
92994
86473
85171
84726
87020
64462
70175
90830
81306
94119
87910
71418
90765
87267
90869
72968
83889
93197
83252
69007
67024
66329
68444
72630
78596
67843
70793
91637
65650
66738
81168
82976
90165
95010
87058
79521
83865
86210
69457
88836
90506
86555
94531
68026
83276
69555
87397
65814
66924
76081
71378
82332
76534
74689
66836
65403
94440
67514
72506
85336
87015
65919
77098
91213
84529
68003
65337
77106
79827
88144
64505
93979
95004
75753
64594
83745
93521
68334
87509
85350
86946
88352
74572
68435
80989
96230
64406
75556
78946
66032
68274
92327
82135
70170
82201
97088
76060
79251
68945
69937
72961
84286
86975
85016
68407
83544
71869
69305
80901
82524
69868
72702
66620
75299
68555
75580
74861
90192
93321
80312
75865
71403
75032
69994
88745
72780
92035
89345
73952
76603
65921
96551
86925
77397
71242
70405
91845
71346
76457
87050
95952
67012
79699
97000
68899
85634
79223
67040
78222
70086
88470
86592
72631
96756
94357
87338
71879
88541
70417
86422
96611
78563
74482
77722
72670
91741
83779
88298
91821
71229
88641
81563
83739
96496
64945
93228
67646
74885
84343
84934
71209
70930
84069
65475
65891
94803
79697
95598
87704
88213
80490
70921
73359
75986
64716
78613
72284
74782
93777
75469
69591
87617
70570
76276
80460
70566
72879
91600
78708
69236
79092
86391
92324
83706
82589
83273
94277
88912
67443
92094
86916
96827
88119
87906
73802
64850
89654
79389
87919
93791
71453
96696
68395
64520
67343
75165
82381
74159
86261
86494
94383
67222
76053
74617
74601
88135
87527
72155
74565
74803
78627
87458
78579
95385
92959
81063
78462
79017
88664
73532
81791
73706
86350
82610
75153
82137
75926
95519
78596
82643
88874
69213
83414
72500
72451
66134
74974
85441
70634
92287
96587
86083
86155
72867
64589
86389
95691
89314
77074
91936
84059
67833
74484
92037
77965
91844
86001
94715
77927
69633
83803
92889
65527
93526
89296
93846
82917
90774
77677
65583
70223
69696
95551
95945
80336
85576
72442
93848
65250
82970
68590
82175
82791
82397
79414
83961
85122
81652
73523
94391
72363
74187
72761
90507
67587
79056
66439
79620
73956
93375
92541
72795
92861
91171
81417
82701
68893
77850
89699
64970
69901
94808
93946
66190
76451
85102
70062
71694
82132
71756
85055
78421
75658
68101
78597
82607
81910
73427
76770
81606
95016
64859
89462
74507
80605
76594
73361
95319
76952
80799
96750
66770
80628
88995
72222
65557
74040
89910
78274
66187
77100
78804
78845
81949
88875
89144
94505
65038
96378
88424
93129
91171
81880
74993
96703
92424
74838
73844
67008
89583
81513
73313
66820
89466
69438
92163
95554
74203
69197
91325
95963
67130
79153
83603
87894
79702
64951
90091
73740
87920
67125
67221
64804
72037
86045
75786
69826
71450
85201
94961
67196
91932
76985
80360
97038
79240
74900
95104
68686
91177
72971
97161
75106
95713
65676
96657
88880
84298
72533
69799
93462
91804
82383
80997
81371
91346
78110
65325
88294
76296
89590
83378
87982
68392
75184
74682
80754
69317
71069
85539
69418
87879
81050
95780
91581
96329
80612
92630
67700
80703
66606
73203
92591
71516
67569
66781
77783
90291
78852
87778
93331
94876
66924
77758
87103
88409
72565
75105
67994
81657
65794
80883
86462
73597
73761
88854
83030
67642
70626
75883
85003
91774
85098
93015
68415
76150
80195
89607
96510
80719
93686
69553
84529
71068
95452
80925
97045
95480
82993
80997
68844
94188
67946
95481
84979
95507
81608
91365
78227
95355
81710
80471
79579
79951
85040
69723
76590
78003
80492
80362
90937
79600
79901
81443
87080
68561
90605
92632
93978
70989
72203
72268
86226
73573
87422
75067
72111
74832
86969
66075
66014
90070
95343
71842
64974
78330
73640
88200
67300
70875
95253
65166
89201
76252
77728
76479
86241
74243
67144
76790
96053
66975
88876
74912
83123
73518
69605
93379
96987
68989
89625
87360
93598
82193
94029
77909
96715
92358
75515
82789
81866
70070
86757
67068
95884
65116
79272
86542
92866
96506
73620
92543
65101
75063
68027
95464
80886
70925
91976
90009
86880
74978
74003
79066
69946
90869
94066
90743
75705
67068
67153
66683
88902
79628
83845
73275
92020
78520
94045
91286
77876
66941
94074
97660
70476
91998
93153
88237
93701
96971
69199
67011
76580
94919
74701
76659
93468
91210
80003
66576
75906
83684
75217
66384
82625
92324
83612
67923
67855
88376
83430
83681
70560
69717
80802
79604
92441
86874
68550
86390
95815
73264
80801
88907
77329
70516
78191
96146
91563
79832
70187
89640
82189
97478
78244
88942
82852
89671
84179
97613
88391
71716
91756
70007
93036
79435
85427
88303
87708
66675
79761
70859
87076
73987
76263
86073
76814
79664
88354
68544
82767
74854
83984
77256
88642
68842
72178
89181
69461
74685
84690
74800
96771
76227
82454
69854
94722
92196
95062
72309
87741
76275
65899
68661
92932
96526
71624
84115
71938
74309
93710
69252
78448
83134
76250
74743
65801
94359
70369
68003
80702
71886
85312
72708
78122
89182
69133
83360
83400
92843
65074
75407
67684
67360
81787
87354
66127
94231
83949
72803
68823
77049
67418
88678
82806
67494
68402
91582
91722
79127
70812
72394
82117
94530
87237
95953
92326
70205
82808
91205
92456
87719
82928
72772
77433
95044
68586
82276
83309
74727
65790
71600
82804
82837
65582
97774
92874
77799
82880
68644
89837
97200
88905
97114
97620
79072
92683
80544
77406
82344
73600
87379
82569
71903
73271
69277
77796
88485
83167
87611
82887
67142
69026
96899
72897
91745
96180
80805
65746
87113
77611
74801
91098
96683
91921
84697
78418
81777
72119
90489
78906
95463
74573
79188
72786
94748
92848
66720
71565
80268
68739
85318
94403
89339
81025
96483
72870
76196
86289
68114
82423
90003
77083
77549
70138
96336
97307
89297
66855
82109
95348
88418
86050
84545
70662
87247
74989
96038
68354
96600
70749
75328
84221
70669
74698
82384
90180
80600
92939
79271
78704
70589
85665
69775
74042
74081
76339
87270
74384
80073
65339
81036
69352
66661
97278
95232
96980
79949
93889
69829
91350
89034
96570
83723
74870
85016
71749
74379
85907
89194
87000
83635
68087
79663
76601
96771
95022
91284
69998
65719
75415
72266
69110
68262
65979
80009
87478
79978
74974
71765
94262
97217
90580
69376
81165
87859
68886
84720
93594
82165
91413
93602
83701
77070
66510
67311
81957
66232
69279
87438
86164
65801
71769
94427
66240
87762
92566
81878
73522
94664
74573
90479
66484
84193
94115
92673
96959
75265
79108
72220
75571
78550
65395
94855
88138
85248
70686
84357
88527
91510
90934
83288
70795
93989
84989
90116
70401
73946
91937
88149
81499
69217
84808
78883
92067
89327
65516
79829
94518
71357
70249
96036
76918
90614
65876
90914
81856
73427
94735
96634
75934
78084
91290
96505
77373
96339
88492
81741
88097
81028
73475
78861
81175
69759
79352
91386
81515
94385
67670
79749
66396
73903
89964
86929
84173
68636
86369
76665
88381
77518
71880
83285
82169
84012
68212
76153
70288
89562
73102
72255
85896
86425
80356
96519
84303
69224
82052
97403
69236
69871
66186
72728
79895
85790
72246
87274
76703
82706
88642
76694
74923
73016
83826
69534
72522
90548
86124
66529
88686
95492
79818
77921
88734
89056
91246
82249
79084
78437
68629
79663
82471
73331
93231
68758
80465
82260
66799
87223
92243
93342
68254
79745
83440
73306
65844
93918
70648
67685
79401
76088
82622
75543
68745
95548
81611
76579
85831
72413
95700
80574
97747
66972
75754
85508
83694
74759
88305
76439
75198
90240
95827
82569
87325
71488
66806
96892
68919
77212
93035
72455
81748
77446
76904
94556
82930
69718
75128
90920
77591
67531
75249
96699
81637
68684
94758
75881
71791
94580
67295
86576
83659
80334
78086
86683
77929
67293
85411
69093
95906
84576
83467
85090
95124
72915
72787
91419
84526
89401
72715
97208
81031
97817
66345
87460
81012
74695
79684
68203
92761
96228
88835
70503
95807
87592
88020
97947
71463
79455
77793
84191
68766
96178
76864
74558
89746
94504
80745
75676
85860
93037
70638
82075
78910
92113
94054
84160
75687
88211
94634
74962
84565
77408
69701
89475
67138
89879
69157
97363
67586
84431
90007
77744
90707
72731
68210
96866
69622
72845
87697
94758
83901
97912
90759
86425
87782
74490
94351
90456
95655
92986
98242
97382
84490
98287
66957
78798
68859
78370
88929
87433
66975
88372
79020
88737
85736
86562
78089
65687
72551
66568
89779
70147
93025
69092
82240
74362
92452
65949
77964
82356
90011
86084
74739
92654
98081
84889
81347
77198
91283
90321
76528
92166
71337
94358
76554
95738
93574
92240
87149
80037
71821
65699
92344
92281
79479
83256
85376
97029
78754
84417
97605
73756
90796
77879
66724
72244
66369
91238
90063
95756
76593
77996
85051
91538
83398
69630
90776
82435
73044
90411
68870
96596
74513
89957
77190
92881
92455
66557
67758
96004
66312
79214
84130
83672
81922
92061
76863
69118
95251
69983
79513
85136
82686
72508
94888
87028
74142
76659
73534
70404
65915
95037
87868
93547
88731
90454
68102
74322
67483
89530
88116
67133
75774
94892
75915
70703
97476
67325
67883
72213
95038
69003
78089
66657
86562
85512
79264
68854
81115
76541
84196
86340
65826
67854
70520
70580
90834
80767
98080
76870
88568
72183
66937
93304
96042
74628
87784
96875
90651
86752
93648
91969
75372
67571
90632
66761
82628
76440
69772
81502
77346
92836
93042
96524
83826
82213
67104
81653
90975
71399
78269
80371
93289
78909
81381
82303
84279
89597
78241
98258
97582
82893
69782
94793
79682
74653
98428
84238
82700
83573
90834
92661
69661
80497
79568
72356
82835
93706
87966
71159
67562
69782
92867
69795
69396
89106
70368
94489
96971
76832
80542
81581
73510
67148
68581
68599
86890
96147
91983
90233
83235
92966
94172
91523
65908
89707
98023
88660
75948
71237
70744
70530
98329
80277
71452
67996
87585
95489
96722
80653
93326
68596
71623
91459
89386
96997
89637
88337
76940
69341
71015
93778
98097
71219
89872
88784
74959
69274
80797
94308
93669
95327
76984
67166
98199
71403
83886
70182
72121
71311
85027
78628
66346
94081
70405
79326
69731
79393
92606
86624
96335
92289
77230
76257
93022
96549
80856
83875
73941
96007
67803
76059
85608
95966
95525
69970
81418
74144
78179
76683
95748
68678
83771
82214
75588
81103
72254
67268
87544
98439
95512
83116
94300
96137
96010
89710
83920
96643
95643
97734
73774
79801
75402
91330
84314
81997
75270
76583
96027
83645
77089
92946
84777
87469
68739
73947
83335
85479
81755
82494
69394
87712
76444
86205
86619
74493
89189
92992
71346
78037
90048
74495
86403
91321
96400
71585
74214
75569
89029
73381
92785
91977
79826
96770
81232
75340
74081
90634
85656
94416
79941
91796
90329
92402
71856
93018
90099
83427
93350
82848
73258
93348
78257
78103
92028
67085
67287
84480
89905
79380
71369
68244
89013
88140
94813
71076
79011
91564
94014
92285
79650
92050
89826
67086
78964
72711
78269
89421
89804
77637
88757
93910
92256
77431
67285
95701
71872
71615
97605
71719
85094
76669
80762
90556
70286
90831
74154
69440
89416
77652
82819
93178
96203
92214
78108
83700
79628
67687
85036
82780
71823
74282
97658
67626
82813
76758
89748
70403
73720
68054
76740
78429
96427
96757
70208
92901
88741
82905
77473
85021
75623
86732
85910
96330
68923
72899
86234
91021
88520
96920
74339
69200
88804
87451
85981
81635
82345
85577
72790
97895
80843
82011
67131
89324
79656
83971
83843
82134
66465
76914
75306
83333
83753
86941
76001
93493
96283
74561
66564
76322
86481
95012
86732
66288
96114
95391
94406
87627
80139
78681
67459
98763
77538
70485
74897
94234
73479
94255
93099
86616
90411
82338
80173
67774
79029
92494
84171
97922
81171
69048
78977
97531
71758
75411
90061
80390
82914
73278
74525
75176
82892
76941
84867
80629
81892
85708
82608
88112
68461
98561
95008
90675
84715
72818
81042
79633
76852
98151
68795
78843
91338
90673
94267
86624
92776
97643
77776
73816
72155
91520
85450
71747
81939
81774
96191
72621
80250
78537
82047
71030
72581
81154
79434
67375
72840
84457
76097
67014
77262
79217
79387
92518
97257
72371
92441
79001
84295
70710
68924
95920
87814
86382
97205
77156
86025
75138
98205
92605
92748
95059
74214
80947
78452
72377
94610
76820
79275
84751
72738
81445
97706
89843
92754
85644
70423
75079
95491
82413
96786
80763
75385
86484
89355
89359
89030
96339
88534
85075
80518
81644
75009
79986
69325
95408
96101
83118
83294
69545
96763
70893
87582
81270
74737
66421
78536
91957
81661
91124
69089
76966
67058
96195
69103
72332
70033
96107
82150
73815
67489
87401
91107
67841
81986
73262
86812
97078
87422
72042
79383
83127
86305
69770
80923
95488
93386
89727
97509
68393
71747
76994
86427
80650
80398
98709
80390
69026
89664
66443
74235
90298
83859
71242
72474
68037
71350
78992
89788
73739
97255
76660
76838
78342
75460
72431
87811
92684
92254
90010
72209
91695
80784
84409
98842
83810
75663
83321
66854
80861
78017
88182
72175
67778
84947
71808
91029
87808
67334
98207
83347
83831
89545
82260
95218
70238
92813
66850
86972
79330
92885
76365
81844
96272
84364
96482
66884
81909
74652
91127
77239
68100
96956
82228
92072
97208
68233
72083
74938
88698
95193
96099
81802
92612
78412
87443
81378
95367
69668
70701
99120
67018
68694
71201
67382
70804
91872
93252
91394
75533
83806
78232
87585
78048
78296
97486
93712
78051
81375
68361
76275
86522
82904
67557
75913
70457
95383
71352
73312
80712
69424
98584
88645
72460
76041
77469
93695
91011
80948
84455
85821
70384
94204
79587
66764
81209
85950
81483
78861
78733
91131
70252
74407
85833
90538
69932
98425
91165
91091
91979
69075
73067
90969
96489
94693
84719
90392
78665
87415
90277
95791
76756
71131
77287
81567
77921
74784
69590
86550
76979
91273
74492
81669
67907
74301
79920
80888
91968
92992
69817
99111
89557
92322
75190
68680
72874
67319
97981
71848
71597
99079
89026
83322
73746
77510
79418
71791
69272
98950
89473
80519
90895
85611
78457
87334
97559
73759
83573
83306
86570
78024
90453
72124
83165
94007
78578
69029
98658
96866
78780
96227
99154
73749
96417
89789
75945
78820
97841
75411
95763
86628
77568
69305
94310
91291
76108
94342
77679
96180
67552
95399
69105
81143
78392
78521
72427
83449
96230
93976
77850
86288
97077
92913
86463
80394
77579
96927
80802
90911
93204
87604
81751
76323
90396
88149
88000
81409
90813
73548
71123
92260
89659
83032
84637
73655
95148
73031
70279
95568
97116
80967
75225
78824
96879
74234
70268
82511
84680
87496
82692
73309
96810
88185
95982
66604
74909
75011
69669
71044
85524
78752
88523
71063
98124
78628
76855
68847
76279
93326
70202
92580
71706
66781
86951
94162
92852
69925
67858
69194
93088
78049
72919
93064
79548
74379
89439
81638
97867
67178
66718
84495
93848
82860
88288
67253
95453
82868
84678
89223
93538
96181
78987
95069
97513
89216
73356
95670
72010
94362
77064
87909
66907
86162
72484
95367
82962
93585
91954
72888
83694
70195
70706
89735
88978
76181
74905
75559
72884
97456
78418
68199
92725
88549
83971
83683
76945
88792
90001
88700
92026
81026
76262
80647
90048
97666
99314
67394
88180
79540
81135
82956
76621
90629
70122
96725
81994
99206
98943
83539
75929
92351
90852
79478
90296
94789
85801
97439
97754
72591
91069
87821
84620
79109
89909
80535
71320
99418
69961
71073
81450
81692
80671
81737
76849
70537
83149
91873
89096
78757
93209
71586
73302
71305
86146
74910
75059
91134
98437
69879
72588
81482
93209
84047
84936
89674
90236
80767
72107
79297
94513
79244
86907
68592
94794
97495
73314
84071
92131
70803
98836
90138
69359
78460
87985
71863
90935
81094
73709
71223
83615
91220
99438
91828
77227
77611
67702
98426
95555
67366
76993
91744
83379
73963
68273
91737
75510
85789
76456
75334
76340
71124
72117
94990
85129
70218
98932
67057
96008
68311
85295
78873
81920
80671
68425
81010
86397
77962
78301
75708
71954
84724
92066
93919
74966
79270
92690
88958
86445
93317
85451
87758
77513
74122
73269
72361
80496
71282
73829
96478
89087
81591
81217
77004
81711
81342
87781
92975
95383
70994
68934
74809
97138
71761
79381
76773
71843
95653
68583
81032
73462
94070
88210
67496
68777
70302
73434
84242
74283
98910
67405
69671
87587
76879
70763
78711
84660
96411
90634
74385
75775
84588
95225
68120
98282
91301
88036
97818
73504
67281
73335
73374
94042
87640
94150
92796
85724
92153
81645
78962
98626
97652
90355
93811
73084
84871
68341
81730
72984
89116
97152
71232
94399
90305
86846
78211
81411
67928
90325
84519
76376
78608
91148
88809
87903
99220
68656
79089
95339
83074
79286
87792
67902
70430
76577
80491
89619
79944
93478
68439
74978
81067
83470
97765
83935
68920
76893
79519
98627
82899
80049
96436
73808
92235
78572
69264
73615
81296
96917
73904
94301
93984
85628
93877
73637
78531
79773
73399
79855
78456
72519
71387
99482
86703
79998
70952
72293
75960
70813
96662
84277
79228
72512
95848
88850
79979
95584
72380
83058
77493
89024
93025
76218
86717
92296
97768
89602
77771
76848
84478
81688
73216
68000
75001
70344
80528
73110
72624
84315
77867
79175
73360
84318
91068
71753
78828
75941
88406
76208
74901
95887
91499
74872
87723
97162
97856
96035
84658
70106
82333
98978
93928
97175
99017
82041
81110
88565
95414
70687
87334
76233
83064
84899
69044
92488
79867
70549
75240
84753
74998
90660
70978
72302
87067
73092
75830
79062
74897
98707
89915
81079
99235
67771
82975
92531
68794
89114
76189
71848
91528
69344
67889
99509
76423
76025
95019
83066
98210
83181
83203
96351
71985
83204
72172
84119
86315
91053
76203
71846
72855
74528
68010
70688
95556
90179
99400
96436
68538
68810
96884
82282
87408
87203
99194
71465
84800
78481
81692
76412
93207
79895
69093
88725
88049
68759
74682
85395
71429
92091
75954
89600
90428
68372
89128
98718
96744
98049
93710
68963
95155
71379
98947
96962
94421
98350
70568
70188
78731
90546
75184
73431
70340
85211
98615
69566
75549
67366
92117
76265
82959
93814
95986
77806
69991
97461
77020
74424
88311
77502
82966
98183
89228
86651
88308
73528
84000
98378
68964
72391
70736
82854
73487
88338
93456
79619
74657
76255
94365
71417
89956
70177
88755
69797
92692
77175
94209
85837
71151
84214
81370
68930
85259
72488
98861
76811
88300
81236
85943
71615
84054
84480
82551
96691
92000
83125
88162
97877
97738
77570
82521
78424
83856
93891
82264
80658
89023
92580
91120
93730
95624
96736
79863
68693
86931
73807
83070
74699
74134
71583
90115
89429
73765
77025
79592
80162
97996
98632
71204
97947
72795
71982
85561
91019
74113
89176
82534
77443
76188
93051
96285
88189
93648
93951
80567
94655
75350
82690
75623
85506
71191
74912
79212
80852
95354
83058
69259
84795
76154
90708
84925
92059
69627
87660
92709
84185
78430
76648
68676
98241
79187
77318
88944
74149
91374
71130
73090
87879
71678
76620
86736
86778
89498
69344
94299
94723
76028
99770
68169
68933
94099
94049
98965
81182
93523
84163
69637
70796
99152
90233
78172
71572
91275
73805
90321
94436
99595
69625
72641
76471
98096
95538
70305
93945
90949
79077
70966
70315
75092
88513
69384
94346
73022
91125
75796
87787
85258
83515
89537
68842
90494
78869
75797
78531
73964
75094
98089
98688
80975
78565
87258
77269
79511
78014
87746
94792
87616
76089
68711
99476
87337
73103
75185
96848
82596
77722
69026
90316
84937
71900
70977
68668
89617
70339
84695
90648
88096
70699
86366
74434
81121
67621
85047
95850
72920
90615
78619
82223
76212
78436
74324
98950
75812
74285
97069
82912
78828
95703
92327
88711
68152
97967
72813
98505
85552
72972
88074
68185
97228
79828
71258
79858
97514
85313
92478
93757
70814
98533
90004
87029
70857
84716
67431
72521
70125
76962
90210
96898
67903
69173
86667
71653
77054
76219
97582
93403
84740
75638
94742
91215
98715
85847
78083
79960
79505
95170
96089
86808
99471
96657
79894
79588
70310
74075
86022
78244
68139
95734
84538
89981
73413
99386
84150
82094
89284
81928
91498
91832
78260
80523
73572
97474
90930
69054
75843
77627
92159
74031
75247
79553
87891
76802
81031
68162
90740
71736
95387
97377
68742
76594
86428
83995
70821
71536
76944
86186
83505
88991
75530
71849
74601
70355
84570
78970
73276
72209
75521
80869
86875
77584
67688
98049
97171
93248
69841
98904
100186
83468
86413
99910
71848
93532
78703
73122
85768
80735
82818
71584
72174
68231
79863
82166
99659
73941
82273
81982
78943
69462
97317
70044
97998
76526
71211
91552
91127
98900
97498
92014
84097
95582
75588
77340
78390
86399
86173
89435
95765
71566
79602
80218
68770
85704
78359
78311
98433
67865
79586
75992
76611
97431
72342
96169
78976
87631
76450
96358
100134
76357
93324
71115
78096
74934
72232
75435
90331
90272
77325
71822
95733
100229
70729
77214
87798
73323
86868
86468
98868
74791
82243
84750
68753
91355
71998
84308
98968
75454
99636
71963
90057
70683
94157
97721
69680
99997
78497
95930
77885
71625
95399
95363
97999
72396
85232
81973
79250
90999
97685
72404
80779
97928
88814
87977
91633
81707
78596
95716
80703
83392
84297
97670
93319
91103
80519
74622
96521
98713
89367
96530
77828
92161
94547
76417
99532
70892
79437
69863
92445
97268
79554
72544
74159
88259
90697
86896
84234
95886
83664
98467
95388
69855
97865
77680
77833
78232
74913
73571
82626
77877
92658
89212
95193
79441
70905
100306
81940
93547
68042
70523
79424
80363
75970
95664
93639
75616
72126
71469
84869
92684
87946
98519
67800
72098
69533
68769
78070
67918
76291
73136
67716
90358
69018
74686
70500
89024
95361
93628
77006
85972
91342
69563
91554
90979
74111
90124
72956
70376
75700
85926
100105
93357
68635
74185
71194
75153
85163
83681
96759
92938
92821
89773
76150
71270
90231
75168
76364
75094
84179
86408
68386
72620
84161
74093
82924
78436
70368
74940
94326
96225
71314
97701
71999
83322
77673
74433
97931
77365
92380
91128
72116
84690
76351
79522
84161
100108
89842
68844
88121
87067
93912
81021
89914
91261
72458
79962
74181
87286
70349
74247
93532
91862
87234
95728
74703
77690
77917
87815
92243
90389
97176
81325
74452
69809
86249
69078
85388
73072
92529
88168
82133
72984
92022
84965
94523
94670
75027
71754
86998
93474
88878
84535
89303
74828
79019
90447
85088
88501
74207
75234
81305
73658
98376
98762
76800
71852
92795
90258
90880
96283
83037
88798
68550
76116
87958
78086
85328
81704
70723
88325
78534
69871
84459
74642
85006
75981
93365
81036
81051
91956
80600
68251
76933
98218
87634
78357
85983
78541
75485
81694
96325
92564
71711
80660
91316
71127
100385
78122
82846
97298
96770
91730
72510
84582
90349
84065
68650
73952
71496
88173
74279
93950
87598
70778
75584
84591
82208
74838
77082
74523
88567
85442
82050
96355
94493
95186
97096
95146
91645
75159
92240
68628
84920
98299
93670
71565
83482
91883
78418
93454
78540
88508
77484
97307
94923
91847
91122
97681
92184
98903
91736
74142
97202
83142
78559
89873
81857
87010
99113
83924
98836
97173
70540
100022
90829
80326
69477
92782
82779
82298
71599
74205
74153
80191
71636
69012
78741
80074
89282
84630
87716
84447
74306
88671
75764
94321
68229
68645
88178
97803
78848
68445
69964
78958
90491
79745
97450
97148
92260
76049
83609
77396
88424
100312
76359
82879
71493
71280
89974
87499
85977
71432
97323
85173
68479
93541
73382
78092
83612
74279
95127
92436
84341
76622
93327
91497
78404
73212
80565
98532
91530
77180
90554
71618
88230
72580
96015
72195
92839
97719
90453
72977
81759
97390
76821
77986
86200
93880
82865
96991
76364
96160
77210
90054
99119
100526
69828
79821
76303
93616
74327
88520
96128
83385
84648
97292
80529
68971
71271
78037
86947
73330
83994
98789
94587
84049
73161
94062
74901
91745
73467
87602
81083
71446
100066
98537
74967
96389
73427
92387
78086
69155
72953
92654
70381
78800
88905
93562
92240
82452
96952
86267
71648
83880
83628
68495
94293
97336
93361
87777
81341
86119
89198
89933
84244
81684
91095
81733
95764
82907
88996
84467
95054
72415
96257
92447
77946
77255
70023
70228
69388
86535
96875
71486
98568
80993
78837
87383
68118
85419
71732
100547
87769
72914
84977
83575
89725
90655
68833
90529
82575
75705
77854
81988
90386
90988
91352
90915
85199
89512
69448
74977
73708
100813
85990
95334
89280
78757
68316
69253
86246
75314
99258
96987
77456
77739
90475
86010
86046
75457
77416
99015
88560
87334
76075
83232
77432
93008
96487
79810
92307
90491
72310
95082
86041
92653
72083
77115
97458
88189
92745
96864
72428
74582
95915
95986
100235
90361
79046
87068
79137
92033
88276
70013
69598
94507
96179
91597
86952
92693
77205
72388
100462
84806
72952
90167
71866
75503
88537
88709
79494
84464
70948
94257
98897
71326
72816
72400
75890
97476
98793
81702
92331
78568
98445
86156
80897
70863
94364
82836
68811
84803
90185
70640
79114
74003
74934
90512
79608
76124
96031
92427
91108
72455
94806
88896
91452
99731
99439
88125
89068
82708
75964
69984
100838
84860
97788
87739
80386
85274
68815
70589
88585
77408
86637
98063
97036
89321
91032
98749
76795
69051
80847
72086
90739
86729
68805
80597
91606
76220
74257
95489
94369
92146
77095
89873
97274
75719
68999
69332
92553
72468
92468
73616
98185
91894
76136
68586
92959
93393
77702
89861
81130
74900
87632
98542
70619
93246
70490
74296
92743
94369
85182
68323
80186
70501
79634
86147
91663
94801
85911
79773
77373
95174
83635
83029
99700
97420
93858
81478
72169
78546
98920
76722
94958
94831
88330
100315
89541
87662
88317
80048
72886
97226
81887
100268
68703
90486
70245
74236
78668
100768
84117
91104
94151
81975
100917
95059
79857
76459
69507
93678
73746
99572
96806
77322
72494
77781
80485
92965
76249
95330
87191
80263
93003
73920
72410
77092
83127
90668
77576
74693
70361
98366
90343
96867
72143
89455
81056
78291
75561
90330
89459
83625
72259
77119
88232
82006
83667
84301
87241
80787
91582
72993
73998
95235
100400
92426
90393
69907
82155
72079
73955
80422
96223
72883
91383
79343
72699
72823
101086
71965
75588
82593
69082
84030
76068
92604
99287
86237
84740
89952
91806
89582
99101
72627
97612
84845
92554
70192
96770
73025
91042
98215
73695
89446
72070
88453
99627
75083
92662
82518
83413
87673
86121
75656
80416
83574
94556
93298
99737
90601
82154
83605
70220
101118
96157
77601
85047
79628
84356
69051
78079
69494
70533
98429
100322
72143
94965
91454
87533
76609
97126
100372
90735
76591
97984
72472
90029
92441
72596
88937
68567
100800
99756
100212
89659
85899
81127
100978
70841
82474
75332
98609
79223
96633
80700
97304
88278
69543
82773
74342
85924
97943
84980
72378
96659
93318
86642
89304
90089
76783
87155
86186
92282
94891
80499
89733
79059
68701
86178
87214
98745
68621
82418
83485
72402
82195
84334
83584
79521
95031
69069
75651
85688
76310
88903
72527
84008
99272
77735
90192
98365
89791
85154
88636
69992
88818
83047
80977
91261
95803
78967
75998
90654
83966
74423
92676
88183
73740
78019
75710
92461
68807
72070
81695
70544
68742
77064
73435
77592
93755
81542
85257
92687
75091
80072
96807
73867
70877
85167
83295
73631
71151
93710
71176
75986
81221
70330
77424
84432
74796
92133
89049
89184
80030
94631
92097
82582
88239
84190
77415
78666
81192
92984
97930
76489
96113
86414
75380
86985
100020
82036
86583
97443
84031
100110
73527
93372
83754
73765
100584
77380
77626
92537
70361
73764
91910
91481
87026
91185
71000
80498
83706
97702
71126
91621
99419
78801
73954
86940
84266
68876
76478
86237
94050
95727
81396
68895
80752
92356
87285
72989
74485
76091
96000
78890
94407
92256
72773
100292
92729
91337
73035
69995
88476
88852
78223
74420
74245
88721
82286
98201
82001
86587
69444
94995
89447
92653
97238
70123
87485
97234
92653
73676
88606
82462
99652
84638
69034
68859
94372
77839
83230
70854
73550
90482
84821
81020
89497
88525
85775
88175
85212
72237
89586
85310
87694
90173
69838
72451
88748
76567
85285
75982
73051
98906
81899
91219
79823
78717
95626
100831
69739
96611
78633
75921
73258
82479
95534
79558
97085
100185
79617
84693
101110
93186
92179
84989
79588
71044
78368
77723
100160
94798
95409
71328
72327
90863
72164
89923
82025
96624
75887
98035
80866
82663
79587
80016
94375
85833
74798
99034
98243
93056
80228
78634
71554
82365
71871
82016
96910
87056
73188
78364
98904
99638
70503
69681
73913
74674
90514
91734
74970
76575
72290
77855
83793
77764
100051
82220
82316
75881
72029
97697
95347
100969
92607
95957
90697
93193
73211
81999
98259
73992
91298
69870
73917
99703
91217
99431
99129
92875
83068
69877
81641
88881
78698
99659
72447
75553
68993
74446
69539
94518
100804
75777
95893
76861
69530
89920
77587
81804
72145
99762
80125
83349
84706
73337
101175
71866
71287
99883
76111
74339
74794
88710
80991
73806
85904
100959
78645
87079
92534
74204
77234
86361
73322
75491
79728
89379
75390
72146
71079
70894
74312
93809
76882
85726
84269
69925
81549
92327
85216
85094
69186
96418
71205
74354
73476
70944
81627
94019
73787
75262
93497
91839
82562
95353
95320
82736
97357
93508
89585
79859
98767
84184
82281
97396
95259
69132
101386
99162
101257
74469
73364
78334
82267
90031
91124
76834
81056
88140
83283
100320
99929
85965
73554
97760
84187
100927
72852
92622
73332
94407
72062
77579
78673
80882
95546
87459
81567
71750
95234
95104
71409
96541
71323
79325
91618
69043
101151
73469
81659
101501
72448
85020
73175
84156
80458
87974
69508
83539
72744
76711
101165
81877
94378
88194
81398
86755
77765
82919
85544
83637
71068
82943
88462
73974
78845
97001
78623
97493
81199
99946
74716
88153
93163
88032
78588
84980
76968
84088
80199
90204
93212
81313
82880
95894
77567
94657
100742
95827
87826
79142
96508
79488
80224
80703
73768
87065
92611
83980
95321
92990
90027
86483
81165
91784
88091
92949
75281
88221
71924
100544
81130
70658
96630
96422
89460
95537
87044
72750
86473
70380
83239
80713
76132
84176
89046
99240
101255
86061
73461
100397
100569
88853
101403
87199
77908
91571
95128
92577
93022
78302
87479
79077
91446
73966
75072
88477
98706
90063
70465
89394
75399
72020
83982
101433
89512
74445
77191
76707
69746
87771
77465
84531
91112
70275
69640
83510
96122
100482
83563
88942
101163
89824
93560
85327
86259
84680
83073
98670
93538
73367
87103
73270
93063
97843
74191
98780
75792
77214
70394
75158
96178
77259
92089
82184
101580
72624
93432
82431
90183
99740
85147
93282
74176
76491
73407
79462
94953
88376
73794
79104
94764
89522
78469
76960
88210
80434
100464
72220
77540
71276
74935
83946
89616
73380
101724
82835
73421
83139
88182
83812
101506
71594
95792
93287
89956
74950
89108
80018
70111
71652
95626
89405
95544
101703
97691
80346
96624
84472
75259
95968
76907
85598
77639
85256
78930
96014
87691
85180
84277
73700
80903
80332
94709
97619
75571
85860
100449
73721
84992
98363
84127
87671
95585
100108
94158
90495
80138
88906
77289
77359
71799
89616
93934
101021
78641
86871
81728
100531
93773
97131
85834
99133
79157
90272
88678
96576
79787
77120
95485
78733
84234
73161
99823
92311
83151
90965
94005
86658
72793
100954
76229
93052
94701
80275
88245
83024
91389
89406
71588
76088
95146
70280
100438
100595
71047
91974
91038
86552
95136
82405
70017
80554
90555
99748
101528
75244
97501
83712
70838
72823
70416
74864
95435
101001
79972
71507
90120
80032
77108
86311
76356
78408
96682
96507
90015
69425
90757
89383
98149
86660
72474
93498
89653
87159
88217
69684
95074
92704
76434
76534
71065
81798
81080
92918
92868
71678
91620
76087
69423
92341
75869
96633
79849
98697
100182
80301
87150
79901
87480
79275
95106
84268
90658
78631
94048
91165
74798
96737
75028
70872
85751
76829
80678
98265
93400
99155
80760
74882
92278
83239
99441
72118
75520
99483
87387
96419
71605
99204
96778
92639
89255
84027
88511
100535
94399
80788
93516
69828
93954
90900
90232
100799
89874
101214
90788
91541
76536
95983
92847
83134
74272
91403
94744
87243
77221
99575
93026
97599
72144
76137
96189
85664
71899
86077
73698
92110
90874
86633
70719
83347
71580
86067
79956
77946
82925
77218
97629
81125
78496
78642
86065
69978
92397
75467
73322
91934
95445
94452
79558
96517
94381
74309
100557
87176
90074
93466
100276
82200
84186
92047
78978
78258
77956
76200
70513
95412
88720
72655
69783
71151
95065
100740
71621
75517
100066
85072
91056
90580
92439
74490
84046
88476
95062
100606
97411
77246
80686
74299
75517
95038
75367
102124
78429
84042
98370
80857
76951
83475
95233
99023
79259
83163
69802
77645
82229
75343
80393
80768
77873
72216
76532
88433
99524
69805
93395
72830
79399
86123
92255
87815
92037
90343
95145
98409
99863
82051
98654
79664
70286
71743
87370
78728
72113
90578
90652
81397
73799
78842
78953
97860
99895
76048
102131
79554
74990
70623
72746
81835
77057
95926
88307
87781
100115
94396
72873
71662
80890
71044
90721
77844
75805
90849
79731
74468
97824
84220
95030
78564
89284
96419
72714
82565
97288
93156
73116
82259
79253
89307
78949
96623
93272
73416
78452
86335
71537
101732
98670
87396
95308
99958
99795
73452
74765
74145
83842
92617
79922
72320
99200
94082
94835
73973
101109
88617
80877
99261
70519
91021
71552
92488
89227
95408
70518
101064
85609
88444
97893
75145
95744
89265
90966
71296
98874
90146
69926
87078
75393
83233
78125
80519
99970
80184
78110
89493
102193
80666
99374
87491
90381
93144
98169
80591
77733
98392
87457
82143
80475
91908
95672
76752
82536
95679
86368
101579
74272
78877
85552
97817
92535
71123
91738
86328
74693
80236
81035
90926
76486
98110
75539
101149
76517
101533
95814
87832
81082
102222
96802
101173
79825
87358
101170
71395
74413
101492
72369
95358
91148
81733
101875
75553
72045
90311
92417
84668
79568
97672
101508
92774
86973
91263
101092
69876
84359
89154
88240
83914
100050
79994
89153
96241
80979
91028
73882
90474
83671
78010
77715
72898
96903
100866
87863
88807
78698
85733
89706
87866
85803
95986
93391
77797
95261
85187
76264
71791
84348
87345
87935
72334
99574
79556
92997
88380
94569
79213
93114
100876
86767
71288
70732
71871
85016
98492
99523
76050
75894
77077
98268
92891
77919
97044
97588
95316
92654
81396
70248
71351
93003
87504
96123
90379
74284
92436
76408
83261
79004
86578
95832
70514
89852
71062
90405
81820
95047
95195
83296
75083
89498
93247
72353
81351
86515
82772
78205
97371
100152
90617
91820
83187
74620
73865
69995
78058
81279
86610
78112
71197
71539
75081
73277
99396
96006
76283
82534
76930
81564
71623
72662
91962
76764
74059
102399
85029
89967
93468
86384
69793
70148
100026
89340
73804
72344
89027
86553
74706
76276
72038
76422
92675
89975
97819
70961
91945
72469
95121
96343
81560
77984
99560
89837
100998
90182
99617
87359
87581
79964
96723
96471
97743
83034
73247
81824
92650
77094
70117
80459
87916
77461
100664
87538
74520
99887
102416
90363
84681
81714
79423
87872
71943
98266
79783
80236
77528
80864
95401
95144
90072
94272
85729
71544
70796
85056
81424
93407
75508
93102
78169
73418
93535
99945
102577
100012
92035
80163
94865
88933
82381
84836
88557
83816
74486
71378
102506
76317
96215
95153
94412
100484
78206
85670
79277
94492
76161
84928
73845
87811
73874
72376
101510
75870
101204
90232
82615
74747
74094
88539
73988
78389
90845
72628
92804
83224
100238
70673
86939
99270
101676
78017
73328
83225
87863
85779
88993
73098
70998
88289
74550
99410
91118
78541
88532
86991
88819
90059
87603
76072
98046
97760
96978
91956
84128
98345
71658
90264
79351
84510
76192
93488
72318
102424
83582
93873
74025
74001
86564
100492
79026
97707
84027
102165
82477
90228
78763
94692
100835
72553
75278
75131
94813
93881
82788
86058
70079
81099
79368
81456
90456
81793
73443
90403
85878
74431
87519
89746
74623
75815
102046
94696
92221
79911
79213
75155
86138
99382
71795
75622
84429
73306
78126
80956
78259
76270
74273
71391
90337
100770
81094
71208
98521
77507
74698
77415
90044
93629
89465
98820
79455
97246
92792
93543
70816
96860
79026
100886
92155
78490
92820
93469
86104
92071
72317
74931
79655
90375
74352
80154
89263
70327
83981
79047
85923
99947
101567
96195
99063
92698
70198
88657
95729
92092
74520
90833
74371
76371
78835
70372
75224
78888
94327
102353
87853
92759
76002
76328
82146
96653
78779
100517
77777
96273
71619
96854
85214
92417
70185
78848
95439
99551
85245
97472
82527
93004
88551
101870
97933
74258
83225
76358
92986
99688
87170
77898
72691
101746
83780
76770
86284
101640
76137
76614
100590
85432
102353
88861
80817
77070
86127
77287
95470
73490
101046
70296
81870
80403
70733
97925
72039
77731
73226
85636
89417
87779
75038
82767
90195
76801
99469
73002
77260
92414
80610
72390
72367
72629
79904
89956
74565
89369
83963
99389
83705
101822
93256
88354
87657
80795
80819
71776
92089
70926
71856
70118
91436
101664
87220
102826
92661
70923
70564
99656
90442
102137
99214
74988
72635
89615
81047
74611
85698
79786
89396
76237
78491
72168
79517
74150
78421
101227
73087
70469
90666
100441
78577
72372
77836
82087
80298
79905
98944
101272
84849
98180
80303
78976
99028
93058
83642
99534
93469
87953
85327
77641
88194
91486
99194
98458
86684
86380
82877
96523
92955
97021
99682
78734
102071
74549
77584
81409
101994
75645
96157
83632
75484
80678
84259
82716
72735
91214
88662
95227
81308
81928
94740
92799
91725
86455
100670
94939
85293
90555
81607
100356
80365
77648
86538
79028
94697
96690
71521
99765
94554
74886
72435
94556
83149
97141
91597
88148
71380
88346
71989
99228
83451
79134
87098
82899
71421
89505
71568
71092
87864
90076
72603
94173
99167
91141
85194
73172
83567
98419
90662
85067
91364
83971
82475
76451
92204
71610
76246
83376
73308
92076
84479
98236
82466
74524
85737
84430
89850
84964
99864
98860
83365
93464
71266
72734
74968
73958
97865
95477
72241
77248
85128
96844
85870
97982
83692
99726
96225
97085
95077
102584
82463
98765
79709
75872
102905
100938
98632
81655
71341
78664
77949
83275
102749
81588
77636
76879
90047
82361
95024
78879
73495
101345
87983
76863
97122
100733
100063
100643
98004
75078
91299
94965
95621
93508
77815
78226
80232
98031
85632
72150
96892
97941
95847
90137
87878
73211
76392
95225
88446
95815
80934
84314
76553
80157
84162
78508
71463
97545
91051
77933
76782
76061
91064
88558
102391
82907
99956
82777
90199
76117
89529
99571
76496
93330
80768
83871
88137
92212
102391
96932
72572
82520
93652
71343
79855
92094
76009
102940
79141
82474
82681
92785
86549
77321
72395
91947
85211
95064
102780
96702
86702
83394
72217
89815
76818
102408
92014
91364
96590
102054
76824
97238
70433
97716
73954
94757
91057
89610
83278
99093
84932
71079
102001
72249
92210
94036
96260
94261
84891
81284
76729
91335
98389
74879
78539
80393
91816
85951
91609
70896
82750
71322
102132
91929
102869
87074
94711
75205
94263
95818
77590
94754
79212
100426
78778
71372
100654
80964
77197
97939
102301
79911
78800
100479
97588
76244
72437
89361
75516
91775
75370
75980
90879
72024
101555
90100
85248
83307
98747
94102
82793
73413
80748
98248
77957
98009
74877
76594
95215
96290
78219
85965
98379
85257
101484
89323
98611
85512
100800
82552
73076
90896
72904
91519
76155
82984
81276
81391
89610
75096
95447
98720
91952
88517
99190
98449
89975
78365
87649
71284
101215
72245
81449
87404
92427
80369
72755
85525
92219
73061
96851
71877
89722
75833
82076
99345
101273
88146
97655
101523
82523
72622
95219
98795
100722
81296
91228
97540
84138
77534
82703
101273
87653
77255
86412
79095
96583
102568
85453
80900
78386
79921
76759
82560
90741
93380
101774
78219
74304
76573
93389
101223
88924
74808
76726
100992
97304
95343
98119
78249
87687
87524
92206
78249
98280
86558
77279
83958
83046
79607
102371
96960
99074
86709
74099
87601
99789
80759
99141
102132
76378
75219
94118
77300
93811
102077
85193
76134
79115
81066
80223
102153
87924
89078
83815
74668
87762
80515
88392
72690
82384
91812
87325
86610
74385
79161
74320
73313
100586
95003
75114
78164
99534
83386
77353
72640
75017
98052
101332
90277
85553
92297
80843
80299
97754
84445
91746
94379
85514
77374
73199
94833
85229
77175
70690
97985
97481
80900
80277
72087
102451
83575
97188
74163
79492
72731
70783
77909
101511
93398
74109
75334
99700
89684
95156
100887
90146
97377
85702
72621
97400
100503
100861
82174
75045
93498
83867
77845
74128
87904
79467
96860
74770
80981
102812
89370
92260
85565
86735
97083
71251
74747
84591
91216
81083
71762
102977
101590
96434
74826
101948
72635
72964
80086
94106
78110
93664
89011
93743
100951
83152
101267
76794
75575
78062
77691
95994
87184
91990
71018
89410
81912
71639
83003
83792
96459
96750
74956
101531
98927
75252
83552
79467
89052
102038
82498
91373
73819
77446
98988
100999
75149
81520
94438
94569
80560
100144
85682
81765
93470
74818
81640
93184
95766
84601
82270
89289
79295
91892
75274
72681
89962
76367
80747
89340
80664
87062
80932
82975
73788
86655
81899
74570
101826
100952
78753
74209
99151
88894
72898
98949
98251
78864
76800
97072
84253
84899
90923
86913
90421
86455
86612
81236
85072
76842
77874
72598
101495
103532
86469
76632
95817
76083
83256
82721
82683
84080
103436
72841
99229
83329
94323
89091
88479
85928
86522
84731
71827
72892
83307
96289
79156
76830
95218
78340
75176
79343
75134
102370
71426
72320
82538
97470
72715
91658
71773
96436
80194
81056
91759
99466
94753
82529
95373
93063
80802
87026
80414
89992
96258
74540
88038
72528
90053
101393
92459
98080
97274
79365
94231
88967
71104
87355
90462
89724
81673
73837
103201
87722
88222
85712
103185
82187
80228
78407
75735
87224
88797
82390
98740
98560
77553
75866
89700
102839
99055
76664
74825
93648
103375
98004
80069
74799
79802
87939
71144
80568
82124
86978
90955
95148
97560
101096
71227
97589
96236
88473
89370
81727
90199
81469
88579
80778
80105
88496
94381
78845
79034
92219
76690
101182
91565
83652
97360
103295
73718
88129
88911
81819
79578
89971
101028
92769
95926
73936
98357
75823
98371
90305
80670
87748
92440
102925
100436
89935
83313
84117
96904
89803
98094
83011
72015
75919
73247
75837
101247
87841
91518
78430
82140
89932
92861
100070
89844
88434
100739
91248
95559
95523
88305
87077
81067
84717
99881
76336
91631
98422
79889
92785
80831
94921
90196
91510
72647
88814
73130
74151
101148
73917
103258
91328
92631
86003
88573
94597
100867
91014
93572
85425
77241
88886
81020
74799
77961
85861
81041
71564
90140
96040
75857
71853
83992
87198
84531
71101
95556
97153
96472
71018
95213
75258
75920
102993
101768
101306
79392
76470
100760
77638
85699
96377
95698
71058
72046
75077
80255
72658
99672
102155
96291
89997
90554
102575
100188
93427
74451
82689
97292
75632
96304
84462
103098
73857
71722
98808
96054
86215
91312
74211
77692
91994
85319
74929
77275
74591
102990
102353
85591
93149
85383
92564
82763
72140
91091
95200
79187
75887
83005
98088
72296
81892
71738
92571
100429
85498
84271
73372
99883
74050
98100
76403
74104
80489
97560
79426
84508
83908
97701
98362
80343
98093
95781
74766
92893
84494
90661
83880
90564
96187
97400
98332
85664
92677
100735
99034
84333
94220
71336
96039
77229
82772
86837
97230
88401
88859
91711
79122
86749
100842
91642
95976
72392
72043
87098
89955
76833
88186
82998
95600
94329
85886
101772
73667
76540
102138
77958
100369
73441
85087
85916
81536
95493
82213
90682
78172
74962
98329
99523
85259
91238
79097
100821
88131
91121
98878
78031
90234
88159
94521
75152
84638
71992
75873
77186
89095
87492
89068
75224
85930
75122
76956
79635
84879
96122
92380
90571
84613
75202
91147
84140
85524
77567
88088
89023
93363
89116
99663
84202
102459
87263
99442
87483
96412
92106
98060
99937
87758
100671
82434
79355
103435
85480
89707
99350
71996
91222
85153
80752
76465
86504
83352
103938
76820
95983
83567
98878
90272
73231
94789
85398
97166
72425
83534
88125
103632
80886
87078
79409
87554
103350
95845
90489
95134
89355
78707
90539
83567
98015
82590
101554
72008
94989
92009
83150
98037
103551
71463
88028
83058
71828
72905
91096
86875
79812
77557
91296
71844
84358
76888
85755
82826
87921
94780
89305
94409
93090
98653
93917
103952
73311
91384
75544
82354
75513
102438
74008
98974
95223
75112
92961
101521
102000
89219
74938
93322
85177
96910
91755
90495
71745
102473
87750
77134
84664
94896
102564
94710
91767
74192
81585
93959
77340
102874
102443
78679
89972
100982
92902
71415
103839
102489
97940
102757
104046
101658
73027
81923
102160
76097
97575
78024
99310
101538
83866
83254
96211
96489
72033
82316
101968
94837
88113
89148
77151
93034
98673
90527
90694
75009
87618
81896
101822
80675
100541
102231
72533
101943
85627
92847
83985
98104
97371
76777
80982
78346
102271
90410
97545
84494
83864
101875
96246
87284
79460
101527
77679
88016
92277
74739
84278
78448
101171
75097
99486
85229
78884
75469
89068
82817
77163
77172
87299
99480
93071
89161
83265
103722
102526
97042
101540
94023
73682
92563
101425
77556
84050
86785
88982
98613
91836
79289
98830
100715
75202
103218
79493
78048
89938
89136
92925
103585
74522
93499
75568
99724
99916
77648
95862
85673
73886
78038
93418
79294
88726
84691
100296
92701
94468
75360
93466
87489
86480
79451
85652
99481
79349
96603
95164
103972
72910
71657
77646
93502
101521
78573
82910
102970
80921
95846
97215
97072
100840
83038
96292
77464
91244
101406
97157
95256
100225
74142
78660
100251
78648
76095
83089
98979
81878
93116
73867
94176
78624
75358
91047
81153
80598
76656
83030
97994
77950
91891
87266
80743
100962
72595
72857
77568
89564
93145
85038
81549
87761
99233
102748
101612
84092
95695
85452
91696
80749
74302
79161
95549
72913
79865
104146
96146
94963
75694
87520
90981
80643
72287
87464
78837
87063
82011
89235
86044
72559
101485
78476
81699
73213
77651
97962
73691
99108
92017
75791
103913
103617
96455
81424
74082
100456
90401
76694
103576
93680
72845
80323
72755
91953
101906
75225
101763
101644
90271
85592
93972
75180
95298
80743
94083
102412
76698
99957
81553
100537
77199
91424
97398
76762
94016
88918
78712
88173
72253
88250
102331
88275
74487
83273
84315
95375
74613
82237
95416
85835
85576
72753
77073
80155
101824
83847
85333
87046
74592
83975
76597
78531
88976
92872
100478
87232
76178
82260
77478
74601
81847
76039
92324
87206
96211
90552
85765
87717
73710
96156
72253
75995
98108
99430
94011
83525
75600
101299
88640
99572
91532
95910
93168
102088
92380
94927
76970
87932
94116
79954
88597
78818
102902
97093
74491
95856
97289
101465
87387
79100
77030
93373
78521
72644
101733
88383
89785
94641
95064
102581
72684
78301
91398
88475
84714
89682
78043
101117
90017
94229
77149
72856
82156
100451
79202
98876
83560
83770
78976
87668
84099
92955
88006
71785
95957
73231
79529
98564
92340
103400
100417
78675
72706
89545
80054
85038
87626
104168
94965
103706
72715
85651
94887
89709
78420
86897
78435
83123
89745
82955
84514
91473
88229
100490
102900
83560
74553
72130
89330
95740
81491
80240
90228
74838
92202
98240
72580
81318
90169
90643
86674
83693
90258
104190
95081
98842
82293
97174
95585
73075
97057
89579
100822
94775
96746
86226
78042
104066
96396
93416
99879
83568
87231
74451
88663
92293
102923
99019
93272
78157
98014
73050
87834
76351
77788
90463
100234
73703
83318
72537
85700
80709
77758
96738
91268
84592
91257
80762
93662
97406
80758
92550
89136
103592
91423
83096
79956
88234
77646
83441
77338
81513
101474
88645
93173
72920
102545
80318
76532
91164
88448
98627
94964
73967
103440
94457
93973
85826
103547
95242
91754
81958
79009
87462
77045
104172
93340
83784
73938
74123
88474
72763
100274
102467
75500
89692
90251
86144
101722
73761
97678
102145
89274
77786
96858
75065
82881
102455
90735
95734
84504
88587
72677
97600
78002
93007
92766
104324
76894
100202
73273
82930
77464
85168
82952
91683
77989
74536
92228
84735
79071
100498
82752
95454
94797
89512
90460
94957
89718
71845
72571
83924
100727
98564
95159
74645
98388
88202
76371
95415
76172
103814
73456
103589
86000
103000
86532
103249
85940
87600
72329
91676
72135
88856
91122
97786
98656
95541
100451
100561
100314
81737
72481
90659
72385
77949
79688
95981
96301
81758
75452
73935
77134
79397
95585
81004
90953
72763
83087
98068
93762
88316
94912
85921
86714
95164
93068
75422
79132
103687
78808
80303
92050
77101
99914
95788
100893
91134
103424
102160
94437
79315
81281
74258
83150
90574
88051
79889
102987
101730
86671
74933
80503
82197
86099
100692
96866
74372
100854
98066
97448
102312
101409
76877
76105
98137
75228
84280
75700
84752
72519
88005
83749
83441
94346
103113
82225
83209
90382
88155
101024
97492
87790
103292
75386
88066
95912
92414
77668
76666
103193
76702
101165
93088
73128
88948
97445
83667
91841
78989
100270
84282
82565
102614
88981
93633
91583
74043
79778
82014
102170
82449
97773
95641
86162
93873
92276
72523
101673
104550
103531
83622
98011
91274
88019
90997
88275
103915
103758
100517
88543
75124
98866
95749
90914
85513
103132
73546
91913
102322
98631
92246
83072
93692
74205
95930
90725
93596
96908
81017
73532
103766
86045
73743
92453
95773
73153
91569
102924
97916
76525
81367
78880
73012
78696
72952
80518
96039
87459
82068
90702
78964
80712
99704
83878
76004
77845
95038
86861
88965
72427
74003
72779
78228
101666
87997
102880
82080
89120
103644
98746
101357
96554
86895
85610
78103
97145
81307
92697
83959
102545
76712
92535
96714
83662
103501
82677
103312
91712
86573
101940
104371
84921
90785
87997
103145
96803
98744
89330
79963
87575
83836
83013
100615
81836
76407
75175
100963
97933
101238
96067
86083
78927
77453
78445
89596
84225
83291
83157
74442
99844
93839
74241
103791
86813
85675
100602
78621
84424
75273
86597
91542
103119
100379
88596
103570
82460
104438
88766
91745
74955
93714
84845
95185
79236
101195
104214
95058
76552
97580
81839
73560
87305
104301
82332
89089
80703
91834
84842
90104
78520
82103
73151
91289
89456
103744
75665
74070
84001
91381
78487
104025
72284
98550
78845
92778
101593
96235
103772
90132
72204
87112
100841
75267
72952
102351
82925
100017
86600
90198
73333
80706
94108
82378
102218
91564
83233
90484
95523
95770
73060
85627
103962
98195
85864
103338
90717
81878
79606
73332
85798
89737
100148
104245
89581
75667
76665
102075
74716
83143
76384
75013
91523
80578
81691
101706
72397
77078
72970
103230
94002
77224
102796
99728
102959
72534
96278
76215
93171
87005
78978
72942
100956
81146
75689
83581
88609
92368
86579
81723
98385
88458
104878
86609
92156
75841
91102
97088
88111
103200
97364
99622
75302
79558
96322
77629
87998
95979
101518
96932
84521
88647
100901
99682
78053
89519
95378
104104
98543
98946
91855
82006
72756
72771
80475
80321
86344
74119
74892
87987
99162
99346
81447
83380
101992
87101
76078
91272
80815
78747
84217
94713
88678
88795
82056
89559
86187
79600
76568
94268
80062
90480
82676
75028
89709
96314
92814
90333
78031
104540
84942
90796
97333
98356
98730
104305
98398
72917
98295
78459
79594
100011
77183
77631
89617
78179
91219
73813
72597
86789
85091
94147
84981
83555
83019
95358
86500
93367
85104
98606
96761
86664
75852
86066
83624
72653
76294
94436
79985
97109
89158
104990
91735
80230
97863
99837
96916
101797
99886
80612
92043
86069
73114
91588
92414
83491
85116
76187
75137
101634
83497
100411
99375
92626
101549
84045
101019
98087
89698
97429
87818
77447
74178
102520
101087
76051
82810
97723
80214
95081
80575
102285
77429
90314
75749
87752
74304
84344
82222
78708
76845
98402
98784
104333
101079
84995
85914
91909
103414
91784
100839
104717
90255
84273
79892
97937
100712
83705
84287
86529
100287
80505
105137
95319
101947
84746
79982
97110
93731
101674
101385
95503
89294
98849
93629
99498
77147
80612
84922
80995
86690
74297
89021
88275
81257
78364
101091
82289
92892
104545
73663
94808
79671
102044
82602
78667
84166
92478
90202
81910
75535
74240
105143
83318
86606
90501
80873
88348
93985
85050
90038
85102
88709
104066
83723
98927
80385
74768
100824
76321
89121
79507
105249
98887
97574
94105
86867
100975
82940
76205
95444
83248
101228
93379
89821
94129
84883
98775
90764
86634
79763
92624
93749
102191
91016
80810
99066
102506
100030
77268
75931
97704
77345
85719
86927
88407
94964
78137
94547
76749
100806
102049
102146
89997
81314
75323
85542
78534
76679
88670
72653
90653
86551
86381
89568
94380
84371
73211
101041
78155
79879
78386
89811
95502
87490
74357
75054
99087
103945
97092
83282
81261
83981
77408
101388
104340
82970
88880
90679
82367
96528
95844
91605
77244
93719
103640
104799
86255
101519
89531
73049
83866
83526
92144
75816
81244
93166
100020
77864
81655
83918
84354
97274
88406
86199
78643
101659
76238
100666
93290
104635
82852
89880
95535
99020
102095
73466
104922
102233
99328
86114
77619
81433
92640
101858
88535
99396
96152
77196
91358
88229
98455
85417
93114
83441
101775
104878
88930
96087
100033
88939
102065
95064
86907
76934
100872
96473
103135
89128
105019
78454
86501
89334
88747
78874
90788
85827
91823
95948
80077
97155
80441
83660
94072
86275
99766
88031
89123
81112
96565
95207
86775
93462
84684
96182
98382
87106
97335
102948
97139
98569
74691
96607
95912
73265
81003
100995
77934
77521
82240
100203
100864
88765
104462
91846
91937
89925
102204
92781
80663
96287
94964
94196
91896
87201
97668
77694
85284
93491
75524
89302
81427
85253
104505
89788
74321
74749
83130
102525
99782
79092
94289
82375
92219
95265
74660
92346
96026
92629
87061
80450
103541
77161
82662
72869
85834
101493
87969
75864
78086
78403
96695
76567
99399
91012
77159
90420
96486
74305
96225
88368
84277
85524
85676
79240
83077
103575
104005
82129
90860
83485
95241
100359
83525
90784
96084
93987
85111
94971
89579
95211
104187
98905
96151
103182
76696
84974
93459
99184
103025
94437
93736
80835
103746
84633
101143
95831
99303
77063
81207
75571
74270
77188
90847
104548
74381
82347
78470
73877
86791
84634
92457
75744
89611
90206
79854
93924
83341
94635
79110
85016
97017
101328
86999
86878
79990
89835
75867
105436
98152
86617
96707
104455
90168
81265
92257
78848
94039
104562
76484
77348
101248
80313
75301
89567
88382
95032
91650
89280
104367
74787
79624
83411
78471
103148
92470
98091
79191
74610
97600
82366
99344
81270
82225
86902
97475
96078
73813
75652
91818
88285
76374
88312
86636
84674
103845
78734
85917
99792
82203
81611
105348
104126
96481
98121
77090
84512
98957
90704
82543
103574
78989
100261
86759
84804
72905
89511
101189
82050
96900
82839
79503
104660
102275
75320
79954
93212
101490
84632
97327
100110
105603
80685
97942
90341
87128
101155
86738
104788
100387
91125
84550
103104
85260
102715
73974
97452
76243
97987
86857
90741
80566
89314
98573
102975
85141
89868
98747
94255
78676
84131
101884
100827
89985
80909
74349
97790
96054
98313
98207
101489
95809
77635
93027
90710
104835
99878
104260
95894
104854
82673
86100
101007
96435
85005
89132
74502
92114
102558
75566
101731
100114
87896
75789
83229
99676
94099
105616
85363
90947
96418
99218
86877
89391
78689
96334
76738
82107
102926
86745
98795
78171
96858
78320
84536
73794
93631
86516
85265
97155
101395
87347
89632
88182
74846
90473
103357
73053
83945
79495
103082
93767
103319
74418
82433
90421
74616
96143
97130
81276
91292
91326
101265
84586
80165
88996
104152
94508
74400
90222
79433
79343
91798
93266
90318
85062
90461
83224
95396
84684
97076
93658
95501
82442
95120
103688
86085
80539
95920
74670
82360
89741
78199
86522
74866
86539
87931
91385
84439
98105
85850
96673
75924
88416
96589
98580
96213
88907
82943
86563
101049
83185
99231
95249
98306
89172
81715
99994
104978
79272
92208
92980
86803
83640
77896
103317
98677
84358
94596
104821
73885
78385
89234
99221
102875
80924
90464
89088
92573
86605
99818
97169
105699
87827
73552
77493
74483
102124
74027
104306
89934
78501
96033
94377
92130
93379
105655
104088
97153
83490
92007
96418
81042
83420
79603
88147
99335
84076
98296
96671
90255
86548
91334
75882
103948
90236
86127
79694
78151
98203
83998
88984
99298
75226
91818
101011
105615
105335
79467
80906
102272
94504
89421
79368
74527
84482
85794
83426
79102
97432
96829
100983
92945
85863
74300
78775
99611
87154
89381
88930
90726
75817
91829
88850
102327
104335
81396
82812
94593
94620
82189
88307
89689
100320
80733
80174
81322
74346
104906
101962
97962
92904
80214
94994
97164
103184
99315
93311
105720
80446
85914
105595
86456
87646
78743
102890
77492
74764
84007
88555
84768
90618
99396
79451
77044
88978
77248
105884
88476
100061
102289
92052
89841
80292
92780
84984
92265
80341
86933
103882
78986
77095
95733
77856
97957
76801
92525
94248
78016
97177
103530
82025
94676
78681
84921
102731
91193
86406
74909
78554
75870
99107
77087
97223
96189
74515
97958
90543
93198
78975
89799
91808
83643
89207
90718
98266
85141
73436
83678
88530
100805
90749
95717
105853
102917
98432
91924
105162
102672
90884
87069
97393
81750
96004
95005
92395
102133
95614
76589
79041
74981
83925
96051
100874
94834
101237
92927
76079
99056
96437
102035
75506
86442
78081
99265
84911
80923
79928
76284
96225
91233
105811
78952
78311
104430
104008
91699
82185
102017
103213
92456
96694
103764
101537
94849
73487
96919
102760
76285
97706
85278
87893
100147
74639
83031
86893
104742
88455
91262
105801
93209
82327
78612
74172
98725
81607
102285
92342
102152
100903
99401
94824
95680
104724
74693
94121
76377
80056
83475
88473
97667
99024
80519
76932
97127
102322
82356
84489
87355
100750
91030
83579
100628
99572
95761
75143
80892
82582
92058
84503
96837
81488
74293
105847
86557
77669
105119
78262
97378
89612
90060
90960
100279
94763
81556
81417
80343
73570
85417
76060
105257
86603
95692
106133
90261
82688
84544
94716
75671
102622
83327
92723
80017
84873
81453
78497
82790
101680
75850
92049
84548
100883
95915
82388
77505
80194
77995
75182
103722
96935
102430
104688
102935
89670
80774
91233
87619
94404
94346
91234
85147
78118
78499
85202
89749
103388
86553
91184
86723
79614
89902
96767
96680
76757
89496
105583
105674
96669
85045
86329
91144
81289
87291
87499
75054
101384
80174
76453
86471
96071
85461
93699
96051
89847
105582
84412
99577
93520
97249
96362
85342
91478
79283
75211
95286
75355
101244
77415
81914
100549
77979
98931
98587
96273
101416
77814
99222
93720
87850
88106
81609
78737
92938
103461
79748
100824
87112
101560
84068
74222
97645
84376
83036
99520
99905
97211
75669
86188
105277
83717
84600
94273
90435
85796
84745
77382
84365
101305
73846
84734
90596
75704
101615
95915
95506
94225
90553
87377
102297
103824
84350
94140
81061
83457
101608
79300
102208
90265
99694
95696
84933
84369
78445
93593
83351
74004
74874
88113
83218
90459
78583
105795
100802
75799
77796
99740
81107
77583
101880
104682
92105
79882
77040
100548
82802
94191
81960
85227
95000
101675
99176
87248
98298
77139
78336
94806
76030
79370
95255
90584
88736
81190
79424
103278
90926
80910
106318
104812
79671
103014
104554
90156
88641
105455
105314
103182
81850
89512
80708
86716
79921
101946
105260
73907
81606
97682
83802
74751
80607
73680
74887
76613
100893
81760
92537
102407
91791
105062
87766
89892
97573
94048
74038
92830
84071
81159
82299
75936
99174
80245
106341
99264
84211
83085
84577
98433
78608
88472
79010
89116
102052
82988
74867
100480
96115
105554
85964
76183
94284
85479
87587
96203
84868
77635
101508
76745
96164
92953
85988
87940
99423
82334
86451
86141
95175
91374
103088
102211
76736
95403
98305
75829
105396
89319
91779
82319
92808
105540
77919
76453
82127
79193
73950
96361
99134
85848
98942
84787
102752
84462
97093
74178
89227
84075
97109
89470
92947
96291
96705
89087
105405
103956
95135
84435
81271
96201
90462
103036
85830
105342
104026
102841
97407
99204
81582
92679
76090
90343
94025
74854
74500
86351
97349
97632
84436
78884
100724
99144
83265
88821
100667
92608
104945
104731
105891
79485
78677
95897
102317
76623
79251
100935
86246
102747
76740
81712
80700
84395
91744
100664
99088
83690
105974
85250
102284
87144
77345
98064
77111
85605
97463
81452
85702
77707
90435
93447
86070
104380
73910
102177
94231
77838
86361
93416
95019
102420
80646
82724
75311
100448
100248
98706
78329
95813
87968
89295
95683
99554
102234
79736
89031
98139
94175
75408
89100
104554
86171
103714
74111
84759
101634
84775
99653
80067
96895
89001
87120
75883
96941
81449
103216
101163
97738
104255
78892
76289
100713
95360
95122
90324
104294
98212
85579
101045
90399
93417
83634
99172
92897
75954
93095
90646
91041
100468
87518
86389
77037
99026
102269
76009
106274
78599
104935
76566
89566
76677
99794
101798
86200
89051
86432
77384
103471
101852
98796
104696
95969
81406
75875
82818
87806
86784
85205
74305
95227
96464
93323
96813
100491
74411
99292
103445
82123
96390
87547
79144
90300
78765
91923
98490
77559
77482
89238
75589
96156
76904
79826
100014
80780
105112
106181
106442
90072
86868
75570
99617
94585
74242
88052
75506
86337
102268
87187
106615
89105
80238
91925
92777
90957
80127
89110
104135
100749
89267
91419
96724
87957
80271
95524
91231
105864
87935
84864
86854
95320
97526
73957
79933
95105
89556
76480
81868
93943
78220
92362
80023
86364
95366
94428
98274
91767
88258
77060
104276
76258
76223
81880
83963
93698
75675
99082
95889
94012
105851
87101
101630
75622
79661
74775
105757
95612
88588
97176
106691
93589
99620
93098
97022
91413
97431
105209
106138
102179
83008
91652
97770
81246
77205
83317
75717
104651
97490
93869
79310
91922
92500
90788
94200
77803
97602
89840
84298
87763
104563
91427
104928
97539
105100
85082
80435
81826
96361
102675
91034
75322
82111
87871
96784
87401
87039
86681
74551
88537
86909
100661
85661
106353
101329
74844
103230
92365
89725
82839
99915
88812
93905
99850
93994
94505
103948
81411
97470
93549
90820
99027
90088
104610
75656
103645
94030
92011
89283
83948
79963
87826
88547
92106
74119
104130
76219
84750
98776
86262
97830
100405
86440
76081
100078
98548
88234
82416
77804
79821
97576
89820
100976
74721
104590
96069
91619
96005
95532
85196
89002
100887
88376
88671
86606
91027
82706
77675
80858
101473
80588
101196
103301
75505
89322
85257
89745
97418
98918
101182
78963
95455
76280
92249
102964
76772
99988
96009
97559
104927
87859
82676
79996
98754
93142
86441
103172
104888
97224
77781
102134
74238
78116
89785
92642
89588
101784
79323
83844
74612
101480
101628
99306
95330
75190
82507
94425
87684
104192
94424
98926
89492
103658
93003
77569
105364
84542
85718
99918
93026
84017
82536
82903
84364
84968
79396
90244
77669
97594
79633
92045
74841
101048
76563
103065
96637
83690
100634
94504
90986
76508
90521
106286
91724
90585
84794
85760
84022
82551
100304
76404
97721
88276
95628
85828
83124
91678
106613
92852
90477
96601
100370
79989
78305
99676
93545
92360
101209
104477
81198
78311
103998
104239
92724
102560
105518
75145
85031
97347
97359
104073
87677
102846
80356
102969
80810
96775
88350
85712
86163
102330
97844
99196
83014
100356
98998
96350
98280
74431
95518
88022
82670
75230
79528
75010
85905
75788
76643
97153
80763
93840
77960
97405
80071
90740
85259
101608
92968
90342
86129
84229
105832
92894
87009
86315
92949
96257
86397
86982
78455
94406
83443
96414
90820
103383
102478
102748
96919
84666
99347
78666
84639
78256
90505
106074
86164
87773
75864
103786
81520
95402
96341
101318
98779
76648
95389
84974
90087
97846
89313
97178
96509
104228
86272
106748
84248
104088
94939
101701
96304
94705
88677
86122
102138
75115
102393
105000
91086
81218
98545
76870
87016
96795
74356
82458
105684
103583
79503
102734
92708
91241
92039
83940
93028
93730
77166
76664
99920
105706
78325
81349
96580
76538
75393
100971
98803
97672
82049
98800
89180
96235
86014
99844
77306
100864
74867
101129
78139
97740
78816
94930
79156
84067
79898
99499
83347
90632
79461
75418
102101
92565
75076
80869
86713
104222
74896
85204
98548
82385
97224
89016
84006
97568
86696
101164
78605
102691
88061
96667
75256
86583
84663
95747
86143
105452
104768
94712
92018
95006
101132
87275
80655
103265
75890
103596
97656
93091
87226
79662
85348
85516
85623
106891
88340
87849
100887
88135
77193
86090
105144
103641
99828
102696
105789
87143
77678
74955
88481
82898
87273
79275
102028
77042
83814
99606
105252
84259
104041
94673
97062
105728
101546
86530
84277
82286
91406
74829
80754
81373
84949
89150
85580
88010
98325
85479
102810
97160
76135
97482
84967
107073
79328
86521
92172
88376
87107
97659
90373
85584
89716
100082
106493
99794
84016
86395
98475
105835
91644
104150
94177
82036
106587
105927
88162
78198
91972
77755
86517
101614
96723
102831
83639
76109
87615
99406
98997
79939
91660
102233
90554
101693
80514
105548
102246
77101
93533
74815
101760
101257
96710
95498
95373
104598
106882
86444
107170
99558
78442
94702
85110
89631
81947
75075
74939
92415
75246
105715
101807
89245
91435
106872
100590
90866
78713
79656
88458
98967
85401
95765
101469
87504
90708
104754
88734
78538
76210
100535
105139
76065
97389
91078
78662
96421
98213
85326
83099
91486
80085
98352
97313
101582
105990
93856
83527
106613
95811
94414
86672
76187
106060
83654
105962
80457
99727
94613
96060
77721
96083
75694
78398
92463
99383
92300
97421
104968
106459
95128
100607
104051
83677
75340
99635
82780
82183
99737
101741
101072
86982
95878
103073
96702
96478
92699
91854
92923
93533
98429
91022
91017
77005
91994
89834
99353
76974
96135
90738
78798
93220
87528
88206
92228
76780
105361
74767
77521
90772
84266
87561
88843
82156
100760
95717
97930
88760
100314
102322
101871
83879
89136
97468
87844
86153
87171
105056
77030
97468
105473
90910
93057
103399
99848
105968
80603
92139
98373
104410
78260
97047
94237
105411
81452
87708
98123
105603
96134
75072
105419
83261
81195
91734
77559
91119
83698
85229
86001
90695
101022
106312
95552
82105
105129
76430
92606
83918
90688
106179
100529
91071
90766
91895
99640
89666
87357
86461
82153
92836
88122
105951
95672
79896
100025
81744
79642
97871
107386
94306
101995
79944
79946
90937
79501
98666
85708
75648
80595
84176
75385
104538
97565
85732
101350
91804
91972
106799
79173
103225
84920
100463
84015
93694
80231
105706
93345
93311
83681
95491
102724
93521
104634
107019
83185
80761
75568
94041
84340
91685
100110
104349
82832
82074
80337
91249
76868
106094
84232
93233
91981
106487
78081
90637
107244
107267
89761
76892
91369
76745
83092
79155
92376
88608
84903
76087
78747
81647
107121
104623
98344
75237
77881
77534
92557
75626
77588
95119
95793
104149
78158
84721
92252
106719
103947
75685
96249
77399
78126
107286
88475
89880
76410
94217
79551
78137
88055
88949
97105
75907
104344
85908
105585
100904
93210
101690
81014
98481
90415
102246
86067
80953
96988
85270
76154
90841
78880
85344
101087
91491
86230
82367
75966
101459
100060
105131
80768
86274
82549
84588
100121
87837
100844
76335
97237
105046
83067
79194
87125
74841
92266
102173
87252
89858
87163
99913
102320
87757
88198
101222
86821
98702
78177
85248
74843
89442
97282
93761
93091
97253
91112
101317
79357
85413
102583
98985
77791
82391
104226
77285
81201
101961
94477
101852
86684
78744
82163
101938
95236
102819
91270
89566
97363
106559
105110
101760
103033
106541
81972
92148
94129
88137
92439
80167
88837
78595
87871
96041
97812
86035
103895
98692
96019
89705
80736
92877
85010
86627
104204
98424
107392
85059
85352
99568
91634
82656
75838
85992
77088
83612
105914
84203
107568
94357
86731
94267
81208
86560
105676
92632
90110
96371
83556
81631
95746
88225
105387
84245
96190
79820
98702
97476
89900
91029
105588
99526
107401
85720
84514
91359
107097
91799
94939
104016
104875
78643
95692
86696
104350
104930
79016
98526
99108
86621
98960
96413
107014
91353
96821
102367
81960
83001
98112
75453
89103
88194
93938
75141
97440
101775
82951
106766
103466
80390
78305
104776
103591
94858
96994
99863
104767
105778
99866
75362
84238
88378
96290
83303
87847
102137
86855
92753
82905
80915
90859
75276
82737
86000
95785
95064
93375
76909
77240
89372
104605
106193
90386
89853
101806
91394
89813
78896
91428
103161
101481
100492
83781
93299
76003
81892
91502
100073
79657
83859
87384
83907
86871
75352
78234
103113
96098
81509
107375
81114
94972
95666
80314
104160
105143
80023
78151
107779
94828
101018
102996
87581
87774
104838
83792
85870
92827
100029
102626
106642
84515
88782
97069
95151
84812
87882
79955
101875
84965
105172
99383
78910
86938
84856
95624
83995
101655
80702
90107
78069
88689
80638
76759
91528
100545
102261
83639
76181
91922
81049
102795
87002
83069
105258
94177
77889
104850
93322
89187
86616
90362
90318
75424
93185
90971
82709
81423
97387
96892
81944
77392
92992
102314
97027
78006
91168
88410
91268
96003
99919
105487
100385
103282
81066
94846
82894
107003
86496
90352
105919
104146
103646
79849
76923
87601
106891
100871
83250
96599
106934
80172
91216
91345
105036
89824
99410
103416
104655
103408
87768
81339
87299
88923
103420
79518
105195
78959
87011
78851
102643
104496
75409
87208
77423
91641
89602
103026
95812
99174
81526
98665
84453
78704
100620
98307
92290
92378
103570
81061
93820
104397
92316
78951
92443
84671
102099
102168
86659
97945
102032
97410
100836
100888
83626
95982
105458
103539
104844
102123
94101
89919
106378
107596
76513
92048
86901
77936
91208
107106
93548
99782
95246
88119
90102
75919
96766
91137
76622
107750
93020
88385
97022
99838
81178
87409
82351
86700
97870
98464
83776
78629
95972
98652
89365
107528
106128
92116
76978
88735
98311
87102
87176
81506
89199
89207
83726
105404
107284
95465
106516
95250
102748
90290
91221
102146
102141
93443
89931
78056
105069
97221
103239
105127
88475
106883
94144
79526
107228
88708
82411
104216
102952
105271
103309
76161
97926
81877
93198
82805
91077
106305
75726
93347
103533
83251
88508
100883
83957
104341
92964
85676
88374
92973
93640
103673
84256
84861
87091
99885
88492
96743
99402
78436
87313
92181
96292
97835
87355
78232
90395
100675
106361
88271
98595
94882
92278
84747
77403
105915
103530
94192
79074
89343
83857
83999
101100
107940
88797
89874
101141
77989
100584
103494
76021
77066
91948
98208
87028
92009
98166
95498
97375
101037
105880
93021
93884
89622
107870
84611
96603
107649
99524
91357
102446
98538
104038
106466
90842
99375
100408
102409
104718
83990
105079
101353
76052
80786
84704
96927
97446
99394
81951
90481
88066
104763
100746
95409
79681
97031
100111
77795
103908
77037
101739
80162
87216
86899
105117
103359
78268
105506
77467
91692
100040
86665
105539
87832
82384
83589
91796
83420
84961
92095
97822
90646
86572
80501
94903
91795
107865
100734
93552
97139
107293
96648
100040
99207
89615
90533
85279
88318
96183
101638
102253
81217
90344
84485
81971
98331
95312
92777
99506
107037
106318
104678
83036
95809
101635
75748
85128
100045
100268
81282
89193
82298
99375
98521
77121
77526
101363
76933
84690
80103
96501
76386
86037
83217
79897
105619
89135
107833
99774
96201
86945
107563
88212
103105
82367
78137
93874
85775
93795
93989
78051
81691
97250
76354
90177
93545
106815
96725
82438
76061
87199
102593
81310
97214
96765
98660
106753
76858
92703
96444
98111
95018
91593
79054
89436
83032
84272
80456
106847
86398
103345
101733
96166
76369
104387
94737
107132
105918
91947
96078
92142
82036
85871
86486
102874
81058
96908
84481
78920
85762
100331
82154
77309
103702
78226
102605
104270
102578
86424
85172
103219
99514
89051
107347
79516
102189
106485
92464
96776
107618
92011
101895
92499
85906
82984
98668
99791
89239
107306
84658
102039
85747
96124
88076
107296
84500
102756
84210
95249
85719
95709
79814
95829
94794
84551
83640
85102
94646
75870
95207
88588
83933
93801
96456
79326
75648
90035
80076
93608
98084
76095
99133
86166
92694
106168
76905
78800
78509
82855
82435
91470
84431
95465
89798
82158
87990
83551
90459
105411
84468
92391
100989
96688
98997
76939
83547
82230
101701
94969
107838
90507
97234
108083
83819
106220
86642
100232
81995
96563
107368
92867
79049
90284
82083
78242
80124
77093
108167
105354
78086
101188
99312
81272
80188
87070
99188
79419
88455
99076
80361
94945
100361
81312
89639
104303
81668
107074
77327
90069
76280
86132
107725
101664
77324
90068
91737
78578
86447
80163
99396
96559
83839
99737
98225
108026
106602
75899
76962
99296
92435
95984
88693
96338
79479
107025
91566
89689
91600
100159
104182
96645
103354
88761
95076
103719
102036
90221
90620
107455
84009
108303
84597
94904
101007
96617
102720
83539
95312
96754
103621
94690
98248
105633
102384
81974
104910
94979
99820
82010
101271
97932
105262
84610
80854
97579
98230
86334
101160
91168
85649
86771
85936
97554
100003
98188
78846
88412
98467
91757
97590
102313
99943
82088
97390
96192
94050
76660
77655
88225
91755
91867
87072
81104
81087
93362
95383
90353
93770
95182
76946
94357
80674
78709
77709
99668
96853
97043
86420
105500
100836
94766
104292
95432
98319
103580
102861
102388
98771
81652
100442
81680
90802
89922
79668
96948
94642
105983
107588
95027
104360
103232
85912
102259
76470
89133
82696
85500
105235
107701
83225
80974
89354
96640
78625
96376
78918
95781
83628
94438
83020
107422
84511
87675
100937
105209
98459
95456
107534
81999
83236
91419
100441
76282
107779
85603
103510
100355
96616
76082
103013
106458
83028
80029
106014
77898
87222
77281
100754
86443
95701
76350
108500
108122
77293
103176
106681
94054
86045
93179
78299
88460
91520
76751
98532
104038
78235
81676
90889
103903
87543
77088
81364
95210
88334
103342
91431
93812
103532
93226
105086
96150
85518
85923
102772
79888
98574
77023
105865
103923
104834
107693
93474
103325
108449
98423
95697
105194
85543
96023
95703
100521
94203
78827
77543
101453
90383
87084
81453
77797
106120
85627
79247
105551
86560
96445
88627
93608
107720
106537
76865
76806
107665
92063
105450
81002
82380
90172
102313
89584
108400
102443
106440
100169
94909
89022
76583
79979
101919
99517
76089
103559
78677
78846
89423
88124
88274
82229
85785
98314
101988
77070
76905
78601
101651
98681
96315
83419
97868
101445
76531
92639
81471
108529
108517
89255
105861
100031
76826
76717
91654
78857
105041
90177
108314
81880
84037
108486
101614
84147
78126
85022
83754
87989
78218
102499
82640
82659
77853
83416
80743
100796
88119
77087
91994
90129
84277
96172
82843
88854
89930
97657
82571
95418
96640
97019
90654
88372
90361
93014
93498
78558
79227
86733
93281
92231
99116
101756
100752
98435
91545
95817
93031
106950
89085
96792
84873
89650
78529
92990
85062
82668
108095
76088
86392
89461
107211
94366
90282
76600
83444
91986
85120
108383
99591
80125
77651
92907
105685
87996
96539
103172
77494
79126
103570
90509
77518
100146
92054
84988
100239
93766
78543
93289
104063
101971
103571
100580
91708
94480
78598
107788
84413
82979
86406
86494
81114
83863
87366
77770
77327
98443
97592
87820
103805
99367
86321
105017
97585
93909
101448
87832
89769
89005
99967
84404
96660
94256
90533
103855
100314
86074
97658
96729
94940
101938
96021
90625
93693
93060
79747
84748
105057
97617
87473
77124
104437
100709
85899
90354
108463
77673
89702
78126
82711
78425
92827
102646
85254
95801
90741
108158
81837
99844
96334
106695
97242
79334
101364
101235
105847
79274
82770
103640
96595
108406
104012
96851
108582
102070
86506
102110
82639
76630
87737
102373
78815
103732
104046
80982
82523
76757
103629
90616
80318
77399
94153
87293
86846
102310
78573
99802
83024
88819
96762
108886
104046
80994
108242
108257
76824
98819
77460
82216
104217
108804
82441
77030
107531
84773
87359
100861
81693
98411
84595
94917
103956
100633
82996
103844
105360
87004
90822
101599
85905
78918
94405
92335
94521
89469
82698
106392
97748
95541
85971
88310
106773
86747
82205
83417
96930
81683
99925
97298
89300
83813
108848
100238
92343
96819
92632
108003
76633
106223
91720
90153
106561
81547
86265
96011
81213
102448
96958
87325
93025
106034
78828
97137
102732
79684
84159
105573
103085
98280
105721
88254
92422
79914
76492
86779
80304
100750
92410
101603
101664
94535
89147
82785
101224
105129
88031
81041
90624
81377
78260
80923
79559
87780
93482
102848
85061
84133
106933
95794
80691
82059
106611
76329
91453
93730
105743
101299
99590
90897
89573
103883
98157
77644
79719
97838
88591
101770
87743
91498
97036
78842
106422
85304
103951
105777
106964
84235
92808
89447
92360
105705
79676
88036
76811
81530
100096
92341
106945
93279
80577
87715
96480
85956
95432
106854
81555
89145
84284
98325
78561
90557
88041
107489
86154
99612
78655
103171
101425
103036
80030
77811
102080
89650
81361
82139
93961
108506
79832
101195
77481
78758
81642
88110
97842
101878
103354
95229
101513
77097
100858
98098
91532
91571
97309
107264
107512
91248
76898
97857
96906
107321
79630
89776
88165
101300
96760
105048
76980
81008
103755
105804
101776
107569
92552
98201
83492
92040
79562
79737
102415
83111
82254
80841
97289
92532
106290
76477
85450
94172
103293
84179
85800
95338
105056
93189
89727
97048
101052
108355
80981
104037
94435
84512
89150
99495
100003
100556
81150
79779
93313
90178
101358
96859
100418
101058
104353
108839
76976
104578
87494
77831
93850
98465
98384
82744
84765
81500
101845
99845
99106
85636
100660
103392
86056
106799
101499
106417
87620
86959
90888
105838
96101
83648
104174
109036
93149
91397
93594
107765
82973
77238
104374
78234
79808
87955
104525
102602
91596
106524
108336
100900
92724
105219
103065
87818
93345
103906
91151
82935
101489
91178
85129
97298
85504
108379
105430
78595
93479
92027
83772
106757
80131
102337
82784
99644
89336
107409
79205
107082
80629
81837
81752
92445
80633
80809
93132
83466
78806
98207
97473
82976
86325
90661
106955
96950
105178
107132
88432
96583
98601
86794
98769
107904
103145
83978
89229
81814
81993
89731
100834
98525
85792
77686
81685
100503
91257
99164
80916
101129
83791
104912
83035
95957
82069
104840
106260
99459
81018
81033
90754
91233
102634
101531
102047
97933
101720
82939
80644
96592
79803
108113
89098
96685
88790
91617
90927
86586
84413
92421
81595
103471
97429
99291
97443
79549
92827
96827
103597
84129
83304
89580
105941
90104
96627
105751
94959
80981
104407
87291
101007
85777
101718
81123
99878
105954
84638
81237
81005
78767
82380
100237
82695
103331
89391
82218
80738
90753
86862
104486
91870
80439
97324
86795
83505
89013
101322
78180
83978
78591
87534
77938
84724
90497
98083
100385
95869
82596
81665
95290
77720
106142
104366
105946
76865
98190
108197
80163
92767
89288
94902
109361
101870
102509
88910
85072
92765
84800
101625
105068
80693
96948
106277
94153
86012
87370
81705
102900
77657
98585
101510
77049
95609
100526
100972
102102
94640
102935
84608
79664
83812
101435
79068
102213
103975
83565
102743
89634
93475
108096
79367
85269
101819
94108
98053
102502
82287
86801
95088
100418
83712
79468
80821
93688
105173
93064
85261
90472
106142
84327
93767
92855
91191
88961
96711
83016
106447
105308
98511
98536
99657
92253
78845
90697
103650
78302
79125
95154
105237
100225
79361
81140
92092
99267
100630
106912
98423
83156
99993
82039
86609
92070
93058
91938
108193
80195
103807
93732
89903
103013
81980
102668
81304
102720
108514
104175
80372
107939
79070
89877
76981
107327
103651
108019
85970
85574
91442
104025
88870
103993
86553
97005
81939
94971
85945
107480
84074
104489
86029
87231
105615
94894
105000
85749
95448
107665
108222
84975
96823
94994
108006
97272
104985
88822
102942
89381
86413
81695
95376
97932
78761
91487
81556
99249
77609
79246
89205
97345
87898
93914
91512
91139
78903
83807
101658
89867
89553
109048
80282
99889
91892
99924
91063
88001
88839
91980
107451
106612
86836
82803
102328
94367
91849
80879
85778
94635
96990
81288
100157
77765
79161
79871
99784
109526
104046
90017
84891
84406
98122
77083
89469
93853
107890
102288
97753
91098
80712
99561
78785
86471
85774
101485
82739
91900
107854
108433
96923
98243
103033
89361
96666
90572
104398
94783
87302
90146
83837
85659
80946
97118
78861
81317
99183
86555
93947
99055
79826
95657
88740
95350
106552
96006
86884
102194
85896
81929
95232
80364
76856
101601
96577
109136
102675
104894
100578
106563
92985
88270
90029
93047
96615
83051
109280
94012
102520
106899
102613
104601
100652
83608
77026
96923
80681
80408
98943
99565
108863
81456
109478
100521
82672
105453
83584
98158
89904
82691
91709
84147
87145
102850
101187
86362
86466
88389
91788
88456
89505
94701
93257
85173
105838
95246
96716
90111
84635
92391
103076
92868
96481
100312
96522
77167
102860
86991
107900
96914
108921
77060
90535
95798
102559
109286
101002
89967
83916
86612
81369
104499
79857
97297
95903
89963
87073
98162
89384
94539
100502
95578
85534
98783
105205
108392
89330
83431
90066
98159
87421
97765
92535
101159
98536
79732
103393
92194
78281
80091
102924
109569
88974
84706
90225
105703
80159
87269
82124
85550
83647
98086
107298
95577
103219
85863
106499
101194
109607
95161
92173
101814
109005
77711
85169
95445
105927
106262
83514
78174
92487
83145
105226
83634
81525
103744
101415
87383
86289
95560
109303
108969
96857
89657
80968
107212
87085
105604
85139
99813
102257
89228
88450
102794
100787
96695
79023
91511
91661
82884
99247
103042
77133
77407
98639
91857
80212
106226
91165
84554
94140
85183
101931
81739
102334
91948
92687
88987
104274
95837
104750
85409
99223
109064
87867
82388
94326
100997
79610
81011
88962
81957
105546
80758
101923
91333
104290
79044
94964
103331
99675
83110
88681
109424
104943
106620
94901
95910
79488
106927
95979
77339
78427
97510
88419
100823
96319
96637
93535
87074
105753
81203
87022
78562
87058
98338
77841
105252
91083
81141
91677
107257
98535
78165
92768
107907
78283
82596
90887
93519
106401
105198
106815
88293
96419
102940
79259
77214
83862
79723
107446
101558
91284
102173
96537
81570
90895
88175
84831
84132
106771
94154
90519
98460
89035
106813
101609
103201
93511
98091
95357
77776
104316
102721
88216
85988
98445
94123
102664
84744
83017
106120
84675
77417
81652
81307
84171
100878
95562
90179
109652
108652
81345
106925
100393
91189
102159
84296
82764
102514
104428
103289
102108
108241
99353
94865
95036
77888
103073
89084
79986
105402
90463
95674
77261
96097
102848
79892
103627
81870
109258
87943
78649
80293
89181
101125
86172
100716
100281
98909
107216
97693
78145
106743
93679
81657
81791
86212
88949
88864
109415
98677
85153
89439
99808
108523
109598
92617
95872
86511
99042
102025
104343
107044
87127
81782
86896
84025
99768
77800
108243
84323
87230
97994
93390
109835
106877
92401
104374
90564
102280
95660
97128
93823
82524
86429
101588
82946
80124
84935
80573
82582
101592
108775
82874
83968
104435
82184
109953
88499
83525
105298
82276
81732
104031
97315
78364
106782
101709
104801
85702
98167
106944
92430
91947
103811
90733
81436
83268
97511
89008
108419
90110
107888
98421
83346
109370
95493
105048
100738
108824
107482
99595
103249
106613
108775
80120
106958
105650
84633
92456
84208
105143
108487
79972
90731
100152
85223
84378
93317
94775
108930
77698
84774
105419
96741
98176
106287
81439
96538
101325
108557
80061
93974
100562
91022
98573
94004
106964
90099
97304
88802
82134
95302
107922
97434
101819
86766
108568
85781
92332
109184
84662
83131
91065
84184
87980
107357
98243
95337
90226
84006
77977
94161
99065
92111
93281
89008
103476
106259
84538
92859
86999
92003
95263
105484
101727
82906
94222
94140
84562
80499
99434
84404
96712
93562
80799
95936
78122
92480
84740
100326
92730
96787
90373
96245
90707
106093
106113
85856
98034
92524
81777
80461
88950
92546
79563
83178
91172
92014
82342
78336
107118
102763
79262
106442
106101
91815
102010
93959
96716
95990
98060
106574
108415
84680
100697
105378
91476
100185
90618
104006
88656
107303
107202
101074
97917
81577
102561
96135
77803
95550
96456
87776
104693
80484
92430
99945
84933
104234
83859
102356
79643
89064
101795
100426
88137
105005
109021
96767
85635
97017
85396
101385
78677
83244
108917
89202
89205
108607
89450
82060
92859
106290
106431
89988
84590
98245
89988
88890
100545
100843
91698
97104
107165
101244
81041
102018
77985
93226
87768
95797
103528
79286
85014
102482
101130
93284
105682
95060
84197
84908
85230
77984
98973
80690
87250
102677
100193
102392
110022
98277
86128
93650
97694
104355
109020
89371
107933
99741
88206
92327
80020
79723
90507
88056
105546
100040
87670
88501
88608
87969
84821
78423
90869
89196
88472
82726
84552
95419
87127
97636
81052
88593
102875
103880
79137
102132
93792
101422
79504
83011
93209
88972
101207
108746
103541
91688
86262
87828
97953
94728
86697
87424
106318
84394
96071
89239
83380
87286
83562
87965
92630
81521
84176
86886
77832
96435
83969
85868
83375
79899
78130
107806
97097
79041
106346
96634
81837
84140
86243
93405
90259
81478
101299
97562
78934
90892
79275
85450
102649
78474
107392
84708
78953
109959
90920
88462
98817
78205
99719
101170
80211
91212
109387
100051
100902
100398
88341
105634
108987
84974
87769
79820
85333
93013
106119
107159
110071
78822
105963
86189
96624
82379
85970
107447
87189
100622
94318
89646
86734
98060
86267
79982
100052
96295
102051
85005
102584
101820
77983
84330
85288
106581
94624
109449
100846
84511
79981
89630
91065
87454
99277
100839
78112
101535
85415
97087
106212
95086
108904
87793
90485
83018
106917
102730
106424
81686
104706
88946
97032
106833
78418
97020
88187
88648
99327
81851
85862
85898
105132
101335
90403
83357
102170
107041
89617
82159
78664
110244
105437
94991
105183
81276
90368
100381
99020
103404
108937
92288
89135
106410
108829
82646
97908
94333
110140
94769
83135
94218
84677
103552
105102
84971
91581
91467
80794
83458
105036
77988
109310
89869
100360
94810
107930
102266
96375
95599
103354
98940
97742
100300
81395
100190
93951
103988
84302
109848
91379
83063
81577
80928
105748
87528
106841
98946
91407
96784
88340
108083
95192
86436
94991
94626
87022
81845
97891
85649
82656
88871
100277
90915
109072
103524
96278
99638
103607
90961
88872
96242
83753
102786
86146
108450
88923
95402
109654
88003
100002
109909
101201
96091
93373
81369
89539
102285
107542
101769
110080
98409
85829
109613
108038
98313
94166
92591
104544
102361
87628
103959
102474
89142
86885
97721
109845
80443
102048
95661
85197
79831
108029
101504
84506
94755
97028
78633
86372
108019
86280
94783
102714
110252
106669
98153
84469
91989
83112
83733
98456
106992
91078
81517
88315
108810
80944
102790
88873
98193
78829
98779
108550
86758
86696
100603
90421
86835
100532
103294
84024
91647
91981
92221
88281
91903
110113
102339
90825
92975
86543
86014
91784
80418
90414
102458
80260
94614
92177
80209
79237
100172
80969
91675
96072
105751
86060
96300
94314
88882
95189
91327
86153
83158
108396
85485
100773
80652
90792
80931
95180
106945
95633
101330
87030
88856
91787
90984
84526
101636
94608
83328
92914
91413
101565
103253
100317
85650
103952
103293
93059
85705
102000
86228
101533
97187
99821
91574
97382
82043
105802
100209
103492
91440
82104
91641
108203
101241
98277
78814
79678
104057
108341
92796
97848
77972
97871
106098
80651
91008
85980
96341
105031
95903
106123
107941
78524
100236
109401
87551
89571
102644
78095
104597
94074
86951
96524
110044
102511
87534
109892
106884
82175
93472
101257
82093
83487
99696
89610
82008
99867
105481
89369
108571
104573
106333
89649
87322
101680
108985
95287
108850
110309
84509
91392
80503
83126
85836
104468
104161
104201
84255
90801
94274
80824
78878
87315
83067
93551
99153
93427
87536
94805
97364
86350
100409
87534
104874
97127
95515
96832
91987
94479
85430
82996
101793
95268
89087
91968
97863
84824
79985
103491
96179
100403
100352
102320
86686
93788
87631
94959
85473
90132
90146
105728
85130
95235
90646
104034
80431
104503
81808
93235
100738
91754
103923
83608
98598
101763
102422
81503
84673
95328
101877
79331
96339
96723
95398
80176
95174
95722
80527
108904
101574
90228
99287
79718
104658
82112
90906
94624
88467
84648
103009
92498
105837
85198
79953
78553
85589
87078
101794
83292
90850
108725
95955
97714
91558
100248
91676
84096
100030
81479
104869
79778
93096
101147
100853
100045
78165
91918
105645
86898
87167
105667
94070
101349
95293
86214
85816
88510
107221
89876
110477
101248
80081
78302
79477
82296
89685
95626
110667
90600
81583
85499
98295
104549
105008
94482
89958
91262
109114
84596
99383
97182
101275
101518
97463
98868
107289
86743
88336
90128
110670
80213
95421
78864
98999
101731
95297
109309
99591
97201
84761
81328
103105
89996
89583
105081
84997
104288
103696
81345
89002
98939
95008
97773
91022
101395
99341
102022
99114
92043
79937
81559
109674
90610
98332
95831
80571
93389
80801
79880
98405
83478
86639
108575
81435
90500
100339
90277
80080
96013
90077
103389
90573
88746
108240
82471
83201
98650
95070
100132
78232
87913
78643
82459
86223
84978
104592
105884
106246
79267
97276
80483
97046
95424
99894
98686
81894
95850
79469
90547
105529
97570
104627
97308
105674
86665
82096
99348
105627
83561
89235
87639
102282
106233
95310
101220
88869
89693
108803
100646
78271
98669
100537
88020
107460
105399
84564
81430
88905
95431
99780
92265
79335
101030
81020
106436
110794
105888
83494
86908
88837
108874
95637
96869
82472
93892
100859
102202
101653
95292
82012
109630
80143
105907
104770
100900
109844
82692
108211
91692
104301
91938
95840
103312
84355
95393
93215
80926
99828
107384
106651
103462
95462
93189
104522
99734
78492
109393
91808
104036
109639
89238
102787
101932
81694
101374
84222
106267
85424
91822
83769
103947
81785
101379
93353
87535
106164
99355
93316
107122
84081
98200
105848
97755
90855
83104
82588
106036
101899
93480
90279
81323
98914
88691
95072
84536
102931
98773
104277
80000
81984
95933
97232
97786
90774
87539
110855
95824
98595
95773
108179
79880
92264
98696
93731
105571
106928
89381
104050
97925
83360
98514
78454
95703
89358
107739
90331
102314
82967
92353
92079
85021
82795
87866
79967
90688
87020
93048
94178
102265
82040
97198
108340
95783
104962
109777
108550
85894
111080
86940
88500
95443
102016
91862
96887
99248
101876
91863
96476
106953
109393
89673
98676
107448
104922
90156
103629
105254
109218
108316
80290
102451
110682
80343
106319
92696
87399
80122
83079
84747
104504
80395
95817
90980
90582
86972
80656
98301
92860
81774
97867
88030
90602
78837
102412
89370
100917
89499
85252
103668
82401
104295
98991
80710
108657
84383
91084
79140
87742
102795
106768
104124
89415
104060
96795
82048
97480
110605
88747
87944
85262
82345
88080
105777
83465
94029
107232
92683
89891
102287
82155
86002
80080
98016
107377
108410
99430
79886
93587
101521
106032
87565
98056
101983
101821
90870
104209
104049
90238
104528
107439
84759
103057
95375
102675
94474
96727
84442
109910
102482
91980
109073
95338
90215
94872
87055
88145
81815
107489
99884
88460
80295
94180
88582
99287
90557
80452
101762
107283
99198
86561
89357
83076
94067
105709
86824
88124
91825
91003
110883
100055
92601
95577
87336
102249
93853
104032
82300
82357
82532
92809
108802
92320
104880
87043
107777
80101
103582
96130
96294
104457
80366
88793
99021
85906
109924
86475
85116
98420
107885
109854
83632
92876
91142
90098
109789
89552
79578
102225
107952
91142
82602
81927
100759
98229
105970
104116
94851
101274
97994
89631
96493
103387
98314
83917
82455
80705
82353
105171
82836
98465
92296
83176
90122
96411
82178
98750
82231
85895
100711
101523
103218
108461
108337
102403
99571
108468
84919
84000
111126
85342
85000
101060
88540
88178
110618
109094
100211
90617
81188
91564
102263
95148
98120
89344
100024
78766
104053
80230
103998
96375
84620
98637
86154
88336
109249
84515
93215
101766
80965
81006
100161
78745
97314
106009
88317
84916
79974
87819
95081
98850
99459
107519
97069
104574
85238
93071
96322
99179
85543
92561
107514
102534
94864
107687
88129
108697
89122
90642
99362
98834
105700
101319
84365
87987
90846
81093
108631
96138
105269
92069
88706
81444
86167
84851
83391
86526
84185
109244
108081
111420
107999
96488
87668
95133
101821
94666
88286
109231
106011
85878
99844
96831
110302
102995
99456
79636
108549
102257
93682
100829
93904
80156
83269
105575
110120
87473
107060
108307
97851
104624
79372
94856
110439
86547
101811
106917
80985
108510
79081
87993
108406
101880
106190
102135
83833
94265
96164
111396
83806
82628
82903
87187
89472
93335
94266
100179
97790
82016
79764
82599
101474
96146
98651
87222
86149
91065
105919
81540
111277
84491
99051
101409
99065
105791
94087
97569
86015
100770
104065
102731
102579
100199
79885
85398
107915
91966
84970
85329
95456
101673
106727
95137
108184
85387
103847
86320
82690
106626
85665
102948
80129
106359
101738
100430
102253
98548
101687
107940
83382
100021
100510
97010
108490
102913
85148
102092
104761
86587
97500
106695
105367
82356
93494
109801
103459
91331
78967
82781
103589
98072
89184
100459
109469
111437
86769
94376
98201
82110
98535
101738
80359
86939
108931
97663
99436
105275
96141
87583
106196
105139
88985
104478
85740
92072
106377
99686
110667
84833
86867
92837
108344
96800
96004
110915
96968
87219
99845
85399
88647
92230
83869
89434
86489
106619
100536
100956
94817
90045
107239
99701
110754
94673
95399
110015
81829
101549
110310
79874
92762
86926
105411
92784
110721
102469
82582
82067
109259
104145
101680
101251
96829
100147
86628
90716
83670
90494
92614
95983
102769
106542
109746
107192
89325
85178
100496
81937
94858
82541
99927
107428
83350
103281
93008
84518
80458
82989
87837
101955
87023
86225
99065
96980
101956
110894
99905
101720
91684
85708
82996
97442
87396
106806
91895
88015
83451
91289
101339
102779
82021
106125
99555
84789
88393
91443
86913
95535
107097
105600
82081
103994
107129
105944
79336
86002
104740
97759
80958
95030
102668
91276
82826
80092
99841
109439
104380
94882
107028
79508
108305
84071
87548
80568
97682
87451
86201
91899
104927
80628
105079
107495
98090
96354
87732
89360
108678
107334
94629
100589
82274
85215
81110
90854
83792
109828
81682
101294
96524
91417
80770
99283
79545
94012
111640
78996
79725
101823
92975
97010
79856
85723
108651
92426
100033
96418
83175
111009
102746
94518
82575
94721
87733
96057
94922
85508
90895
81540
94301
103022
80108
83228
94348
86399
84827
95329
110465
110025
93563
90761
97266
83776
88894
84045
108031
97936
81773
98018
87385
98995
88813
105003
101033
89282
110912
95021
86064
93707
89678
79555
89514
103525
96614
85139
111481
92352
108928
109120
94463
84992
85701
91874
92748
79372
91473
107187
82169
97057
99639
104202
99411
97133
107461
90766
105661
94425
96778
91555
99919
85798
111766
82729
106179
92731
86145
88422
101010
87741
84399
83776
95578
80097
97873
86448
110979
95614
93103
81267
97058
96615
108582
94467
90653
101111
81516
94917
106385
88557
85532
104324
88688
82298
103790
95518
106351
94361
84037
93565
102431
93343
88176
91593
101721
107027
103209
97756
90336
96191
79842
89079
109122
104455
93250
90291
103167
91258
110954
87866
101869
83879
81532
95670
107995
88370
91230
82442
106357
100391
89787
110273
94824
81805
79435
99395
89542
80191
104533
92751
105387
94967
83826
107941
96289
96684
100755
89603
85825
98078
79685
98387
79515
93615
86068
102691
87512
93812
80110
99157
111262
103820
99818
91928
95156
108720
96201
99607
89959
111628
101595
80368
104748
90445
84965
108007
90758
83196
109602
99548
90922
103946
81543
82554
80994
99244
97355
106162
93103
105833
89767
95847
82098
98672
107483
99435
92748
83248
91505
110251
89861
85027
91077
111526
107690
98538
109253
85028
80698
107679
95222
103716
110340
108647
92600
87574
103945
83270
110538
96074
97447
83512
87312
81065
99705
79997
103060
104611
82041
95796
97228
109416
97639
81707
99355
82523
105839
87030
97689
93123
108550
83774
95511
94916
108309
96604
102238
87951
101977
94758
84920
104405
111113
101641
85938
88961
102586
109401
106527
88486
95361
90340
93024
100790
110423
85709
84195
95478
95937
106648
102890
80942
107184
89985
79758
107941
86949
102418
80387
83788
82970
85492
107805
106810
84254
88582
79379
80984
83519
85676
102020
106846
104620
93802
104631
80894
81307
82097
98599
97886
79849
94456
92479
88268
96512
107535
79714
88494
86270
79792
108590
100791
109076
106584
99586
88161
103211
88404
107453
109719
89550
105247
103369
93617
86852
84971
105561
104614
83196
89726
94190
111997
97327
103231
80160
82181
85184
85905
91291
89798
85863
98143
85096
91959
100110
111864
108654
108082
95611
97054
92216
89508
90928
101721
88568
90249
89743
92818
82636
88600
79426
95708
85057
103738
94938
104853
92950
88129
103350
106670
107330
108759
103207
80455
85303
101428
95697
88959
82025
104341
92501
95114
100106
91369
79405
108036
98072
81869
100567
98180
101530
106170
87605
88181
82215
81021
89908
88609
105639
91624
104364
88591
84830
85960
95367
98191
99622
100631
91430
92051
94715
89458
97280
80576
79805
80845
101004
92613
103730
95589
111714
99308
110155
92406
81309
89070
93608
93742
104579
93964
106333
103778
95848
82523
108791
102273
90063
109152
99002
86598
104403
110812
87597
85169
85701
101609
91609
81847
92183
90438
107085
102201
87928
111856
102501
106291
88385
88562
91340
102710
100880
79485
96448
95768
106930
107579
97301
83946
87367
88545
100477
81962
107680
103172
96774
89658
104172
92717
110820
111121
109204
104751
106609
81713
97379
103352
85874
101336
92650
110631
109980
110715
111395
86685
90711
97136
89940
85591
96449
97515
92470
94523
101622
102187
95831
93616
89743
110325
105917
104115
93288
79938
98764
107048
97703
88885
82282
91501
80889
89423
99424
81973
82719
96998
108291
108948
84394
97491
84245
103254
83714
87660
82918
104341
80557
90034
84926
107659
96462
98251
82047
105124
106476
89010
94599
102615
105461
89389
88276
111415
88707
108031
102763
94149
103517
82783
101626
91529
86081
112042
85180
84449
99041
106581
106909
79896
94251
112165
79775
106298
111053
112034
94332
82471
100089
100809
86413
97767
86373
90881
100586
84541
91031
89168
85459
108671
99423
98511
106574
95396
84901
83291
109586
85151
80996
84622
86692
98796
81911
97005
106688
84328
91796
88419
111354
105829
102678
103407
85413
99838
92159
110233
109556
80808
82877
88746
84575
88074
92716
85532
110664
100623
83293
110416
97503
96825
96150
92415
80707
92216
94361
96883
82410
103099
92201
104439
106818
98438
90571
110476
91544
84420
105930
107997
110650
89247
105341
89973
93144
94223
102604
92720
106544
104687
97009
88815
108779
111958
109692
111504
86977
107044
97434
91422
109028
93915
97174
82500
92316
99249
86176
95752
93486
93667
107726
86710
104451
83531
81760
101657
92934
91701
112456
79857
91982
89711
89578
103330
93693
91295
83744
99882
108648
109273
103041
85845
80760
87409
88547
85300
84560
99086
92446
91339
101423
105216
107283
90890
96664
87508
79853
92671
87217
111653
102567
81481
102634
87989
103375
100560
89566
94908
108425
90291
88446
82303
103638
110978
109932
82469
110614
86446
105381
106182
92876
89405
81507
97734
111266
108738
98114
109665
82349
90253
100769
87942
82929
108575
80971
83689
95784
85473
89687
85588
106943
91925
105292
92477
104994
92172
101001
111774
106297
101529
83428
80641
84274
107719
86930
83674
90498
104903
91975
110362
85286
81708
81565
86529
93231
83035
105658
111156
103037
88636
108845
92687
97739
90422
112154
92476
93420
111451
110999
110725
80979
89823
83541
98278
109529
91343
94083
109287
111035
86015
99311
100137
98018
79941
97391
108862
104552
99812
96639
91069
109143
100683
85035
81046
96180
80640
99888
85156
101308
112599
87390
81281
102509
85351
110144
88478
93768
109246
100863
90771
104790
100692
80772
106931
110441
90686
106461
91876
84900
99236
110050
92590
111421
105077
108824
82065
81794
99417
97237
90780
108826
97768
97445
91963
104590
98585
107245
96337
106504
92157
93902
109190
98906
108461
100428
110563
92993
112513
88496
104604
97515
96386
108842
103980
87736
110882
95675
95399
96574
94507
105298
81484
109455
94710
98870
81242
83390
83677
89507
86054
99487
94706
81336
82793
84687
110834
96401
108254
94964
104052
110256
86029
104262
82790
93857
98145
94799
87226
80861
88961
81134
88413
97520
112349
109986
91241
103639
86919
97541
102299
109484
104773
103319
98823
92805
94692
83133
85770
110233
81871
80650
82305
96164
107232
96700
91960
103821
98165
104330
94374
88390
97223
104093
80087
85237
92023
97756
100777
112465
82282
104300
94267
93774
85975
96375
112035
81148
97950
112173
85983
90284
96220
93193
89870
90454
109244
96086
101089
84279
111760
101361
87116
98238
90144
99920
110465
84905
110401
106179
96798
82028
107178
90618
106917
105170
111620
103112
101934
86246
112192
88358
107864
88340
102445
90747
96645
93324
99658
87835
96583
84199
98521
84237
111381
111885
104244
98321
98627
85334
110948
83681
111153
88815
104176
105912
98498
80512
84467
95761
94479
103947
92529
89009
91485
95768
101867
110311
98125
93711
87089
87059
106835
92133
100984
97381
107625
86778
111532
93159
103941
80450
87304
90302
102984
99748
82403
98221
102008
92831
88525
92634
108464
86067
93402
90069
84438
109055
80446
103894
82638
102055
81178
105798
103917
101752
80790
100225
107441
100175
85040
107995
96687
102070
83284
101089
89804
103249
84780
110817
94128
89209
94137
92588
89976
104230
104739
97178
110763
97042
107085
102351
96880
84763
92589
87485
101886
111849
82523
98282
102483
86994
97127
97779
89129
88826
94576
104402
81958
109247
89714
85596
93523
87380
89056
107789
109007
87723
84723
112904
105413
99225
104257
84314
82075
95285
100241
103551
91244
93569
102638
110375
110009
101964
90106
112698
102747
82774
101509
101913
82620
83638
109406
92455
95303
110201
111209
98184
97309
85644
90866
103976
110858
94684
110145
107263
103351
110267
84079
91284
104481
88710
89464
103104
107337
90244
105616
101557
102702
98322
101819
108606
87800
112125
91544
99913
103798
87344
84861
102562
110538
103055
83401
99585
80483
100386
82038
110919
87596
95094
90606
83205
84995
111424
107040
89150
97389
84036
88018
108398
96136
89461
110649
87242
86337
105310
83143
106186
99782
84672
82756
107493
98879
100989
89120
93083
107961
105652
92936
81081
85602
102190
101815
108761
83708
82681
105743
94504
108684
104274
81000
108652
99410
80841
95016
112197
92670
93599
99475
106418
106017
107635
96741
112856
103650
94749
103070
107519
99570
104923
102174
82398
108226
107179
100721
96024
95219
92407
86124
92934
97038
95095
96505
107447
105333
102228
104879
107317
81305
96137
91302
92682
88942
101263
103305
99075
93468
88377
88556
97332
101880
97757
86496
94524
93618
107188
104133
101067
90575
104579
98912
104289
109402
87675
81966
106840
83159
90206
109303
108068
85113
88036
108709
86746
89749
81245
96343
92655
95317
107415
108210
112194
105137
88834
105591
110429
103835
88082
97115
111352
82810
88293
81171
96191
87258
101926
84142
105814
109666
84785
94759
97689
97030
98680
104507
107304
93310
101157
87160
100643
96246
100609
94615
100402
108807
87956
105483
103625
95462
89998
98522
111274
94171
83301
85676
82347
95989
80960
85281
100281
107005
98324
97896
105501
102824
80652
98062
104446
93712
88623
104467
110631
108901
103741
112451
105483
88800
110041
82371
93702
83449
109037
95467
82150
90586
101707
84307
89770
95507
87696
101425
83082
104847
82766
107234
108599
81095
106346
109766
90723
94261
107458
96081
90756
105996
108563
96351
102357
95782
109595
82632
80798
108350
97274
108853
100534
112735
95198
99122
93254
104092
108255
84100
109519
109314
93480
95932
97391
101579
105816
95500
108384
107476
95528
92762
88001
85842
95565
113043
95641
91328
111776
104514
111129
105244
93820
95073
108833
112210
86119
104046
80902
100089
84725
84162
100755
102973
92650
87327
108365
95772
96159
110472
98299
89558
94119
109909
97126
105118
99505
99206
86878
111766
81328
98136
113149
100346
93754
109846
111920
82587
101934
90418
86898
87440
111770
87956
105947
110376
113116
89394
93018
86307
83207
112609
96575
104225
84104
82026
93436
82266
111113
90849
107308
104336
86421
96562
94164
112706
80893
111613
111593
92195
109691
99748
93203
95690
108950
82850
105649
99755
94533
94750
81693
88646
94295
93631
103473
93342
84242
92099
98314
92397
109851
92235
86795
91030
102038
84729
107557
88667
93325
92605
106582
87504
81558
92652
95088
81679
82864
90003
110108
81326
112751
80650
85278
111086
112729
111820
83419
106293
85647
109445
80920
105151
96688
108653
83204
103056
108282
97749
88953
98477
92338
111615
92543
89739
93126
112691
101138
93384
94386
98831
93733
107289
84896
107295
95206
89220
110547
95406
96068
103375
84549
88027
89262
83000
94095
80879
85790
82534
90378
89837
85591
106912
93492
97387
94827
96573
94037
89761
100479
106075
94818
99776
93394
107988
97057
88453
83452
82542
81294
104717
99700
86866
82302
97515
86357
112320
113282
81784
80738
111872
104206
98154
92487
104348
101082
110760
102946
82124
104585
102237
95553
87858
89737
84299
110125
88519
109370
86371
100840
110614
105554
102802
82292
101032
85376
93917
81300
108479
88655
86960
83927
86087
112462
111731
85201
106761
108142
82527
103340
95266
84651
82064
102112
97971
106222
110427
109118
95963
87090
82401
113203
87522
88806
86500
94283
101047
105363
83418
96500
110749
107199
105792
108165
106017
82961
104241
85374
90191
96438
108343
112145
95781
97538
109665
83682
90184
94555
106134
85260
88310
98899
108072
99684
84028
89108
86444
84737
84073
93441
89610
102140
85698
80794
83152
97652
85111
86944
99532
95189
89046
102010
88281
109658
85439
113368
86265
82641
109400
92054
98724
95903
98305
87523
81248
85507
98187
87714
101522
97951
89252
104208
87956
81716
91030
106664
96007
91821
109874
102468
106091
97375
97798
84100
87277
105871
107991
107379
94335
89140
95051
92008
83758
97023
102373
99115
101040
109209
88118
87385
98877
109612
99410
99082
104097
97572
111746
106928
91278
94263
112184
112707
84278
87970
103752
88987
105753
107702
85332
92701
102684
106644
110472
109209
90588
107061
86152
86643
87361
91565
103079
112385
112214
92336
106586
110133
82776
94293
92908
90748
82445
105498
98675
105957
110166
109096
87042
86150
112392
86233
112416
87580
97528
86392
113529
81649
84053
108616
110036
106499
108603
97735
86853
110178
110724
81203
112036
109018
84450
95310
103485
88786
84011
90207
85193
108404
113395
85113
86174
99342
109664
107775
96802
82616
82490
91240
87685
99896
95554
81216
112560
89122
86725
107887
107128
82500
97392
108222
93464
105280
88678
104599
106974
87675
111504
108300
96804
85814
106548
84764
99714
108283
101066
104497
86338
106299
111371
99052
107540
112181
91978
99621
107011
101145
92167
82734
93352
85358
108994
104024
103326
113585
92429
106681
92470
95551
83173
85548
102251
107381
86850
91800
86296
81429
91117
103798
105320
93931
91538
101005
109454
88241
106774
104448
83127
83249
81706
94603
98877
97961
85025
94474
104990
88179
110078
99387
107436
109285
82130
108484
112262
83575
101701
103288
95686
107043
85362
97238
88956
84242
111608
101586
88156
84852
108877
98777
105395
112304
95062
98063
104352
88253
97077
102363
103808
86735
107875
93861
93866
81719
94206
96734
81245
93828
84836
96833
104950
98287
90368
106073
112742
88310
113764
85828
96740
81990
101016
82614
83679
106462
91058
93761
83255
111218
86695
81875
81580
106509
102241
81792
84887
85499
106258
97921
103896
91622
85703
96125
83983
88127
113728
82952
97551
89568
90367
84842
82831
81135
86943
85665
100899
87301
111463
95657
100203
112271
94751
82426
94858
84341
94242
100947
106458
83706
106165
91062
87519
101092
105623
105395
93817
98268
98522
108522
104541
109335
83952
110284
85189
105270
104201
101793
85351
81515
84381
98255
81572
91102
97604
84825
111107
93263
102350
104102
111837
93692
82832
84868
112474
85957
97788
109420
90012
106382
87157
96520
105785
108517
88929
88818
102639
100580
93055
89023
105619
88153
86394
109372
110411
101669
105407
99575
107005
113122
96908
90113
112647
88777
91722
84979
104497
113362
98333
106287
86495
111644
90297
88680
82572
85904
84343
91493
94067
100290
93096
100609
108431
111383
113193
84599
98758
88365
96568
101340
101218
96119
98437
103917
113344
96552
91020
93963
96844
91731
95267
107396
90029
101968
86863
90900
90940
110945
99420
104364
109499
93589
112173
88433
82500
94957
112336
91144
82559
82622
83285
94481
88856
97878
112097
105457
111216
100578
105470
111317
99219
98448
94005
104692
100203
86768
89567
106004
97843
94368
82488
94031
93485
91176
93621
99607
91288
86051
81560
111224
90589
104608
111553
113053
107017
113607
94919
100758
96383
105920
95303
100696
97775
84944
84604
103429
109442
96965
112144
100974
112215
83093
97586
105943
81715
92482
112873
112634
109172
104192
101544
107598
111687
97690
97314
89736
103707
110866
86879
109154
84566
106376
87312
88220
87878
106076
107296
89409
103002
86679
103819
105260
86674
96391
95091
100554
102708
85674
82545
102946
86977
108494
106537
89106
94759
92277
88609
85211
101688
95102
112595
97760
84315
84482
109312
96938
106881
90749
88648
94512
91739
97070
113144
112469
81355
93120
108323
84403
112280
113193
112884
108439
83045
95955
113730
110668
112612
107513
101733
91549
100167
109653
83016
112533
97015
109816
91840
114057
103049
104057
103708
98393
112110
92497
91390
113138
100073
102790
89705
110103
91846
107911
85786
98402
99402
101463
92188
109445
99814
85742
88471
97750
107567
104669
90345
81675
84115
109616
97527
90945
99396
85144
113861
94020
95097
91594
89157
94730
90326
94498
107373
112512
113960
89740
113548
104586
81750
99492
93918
101444
82069
89116
99934
89743
108762
100958
113115
110537
98197
98163
91726
106971
95388
109348
97899
87673
95589
101727
92534
107173
107129
107996
83032
105333
112933
100095
112882
90135
83315
102401
90033
83218
110681
102987
89955
83150
97839
91682
81737
88407
86374
111241
106349
107358
99704
93283
84789
98945
95771
86233
88633
99020
83642
89851
86866
82815
81445
103594
99827
113425
101000
94901
101821
97398
98714
101442
111693
90526
110870
107888
107865
81726
86895
107834
108795
99794
97472
89759
88140
95203
103425
95487
98357
114053
93313
90057
108162
85285
103312
86355
91448
98689
108156
99593
102441
101624
83136
112842
88261
88580
94839
87439
91187
104709
98071
101198
100257
88896
83035
91166
106200
89895
86401
103067
110867
94683
87734
98188
88081
100847
91343
88771
105833
98159
87353
111429
82462
99616
93747
88747
107635
83722
104250
104392
112640
86580
111045
93324
82950
108975
92723
95016
89088
109781
103682
104051
83578
111315
93249
108941
83494
98149
82248
107202
96557
95457
95910
97713
82627
108407
87643
100525
94974
112055
104520
106851
106728
100947
109795
107709
92883
92967
106543
103943
102636
96630
108780
82257
106003
100215
112650
89364
103146
91920
105572
93976
83756
103905
102059
96404
95553
92804
113056
109976
107535
108307
103047
113576
90898
103659
103896
91049
101551
101808
113719
92930
99013
103826
113574
108539
104838
92878
92410
109928
107653
110199
85387
88460
88591
100982
83248
85048
98495
96464
112747
100403
105293
102439
83680
82910
100007
96644
95756
109848
114243
95059
112691
107616
113331
99759
90010
111417
106106
84960
86519
82387
107806
96034
102438
85991
100478
93864
91677
111843
86118
110817
87842
109383
82017
88570
105020
109391
88014
95140
113383
88274
104502
94743
111115
100458
99805
98903
101167
106453
104087
101814
92650
87451
99037
104090
99227
103409
109856
86656
90458
99038
103261
107841
97839
97692
98034
90516
103809
96065
91824
94933
112081
103071
112433
87045
93096
94568
95596
96273
104653
97942
94086
100183
84924
112649
94188
104038
109396
113522
108190
113157
84688
105073
113870
105592
96760
113146
83625
96254
91544
82173
100213
105118
105522
88646
113628
87843
84720
85410
89735
100198
83676
111683
105199
99275
112211
85093
90736
111630
93879
110642
87968
105792
88677
95203
99294
102668
96999
93993
101166
90687
88938
112075
86596
82568
100210
99216
84702
109947
88524
106335
88663
99548
112581
96677
102009
82459
101529
100855
103572
90395
104750
110585
108236
92215
93186
105342
91063
110983
103778
98288
82984
88415
93150
104179
107333
95769
95481
112197
101600
97557
83493
97512
83460
96509
94702
88964
82893
95566
87413
97287
99453
82708
88608
85134
97997
97013
98192
110984
105345
90224
82387
107288
93503
100967
110555
113084
105121
95451
83503
93741
110217
90104
90593
102534
82613
106577
90048
113319
112787
83052
113614
82396
95318
111489
83189
93114
85577
108927
112885
92746
110179
111696
89249
90986
99868
104030
91211
100207
105600
111190
82045
97039
90242
91180
107242
104575
112018
93023
85923
84952
93810
84606
102030
102079
92741
81899
86293
83781
100329
113631
90139
101900
91014
96174
108084
106412
103015
102988
92693
97620
86281
87568
101705
98485
87922
101305
107302
91931
83908
97967
95232
104413
92946
104075
82076
109048
110706
109016
88551
93431
107092
93723
90344
96534
83474
108818
82676
101030
104904
100154
83489
109747
107621
113555
113149
95973
84994
85159
106623
90788
91763
111305
90941
97151
112668
109467
92384
93903
87302
91859
106197
114327
104499
94270
84806
105391
107822
97029
113481
109346
108517
94767
106839
113364
83643
94823
112639
108904
96986
102655
97499
99680
82630
103478
104388
108422
90936
98486
82498
85131
109097
106593
82758
94703
92205
91725
86812
96800
103426
87053
97179
89062
85097
82995
84127
90366
109620
114194
89273
112646
107681
112329
114212
89497
86502
91005
94203
106682
97805
98533
109482
83574
83458
111628
85667
102597
103659
92242
86098
109746
92599
85684
87122
84923
105210
90702
109793
93307
101624
103966
90513
104070
101887
102411
101953
101781
85243
103718
110156
114659
106052
101167
108544
95190
99002
111451
109650
96482
107796
98900
114383
90027
82293
113026
96726
97641
109376
107913
90885
114321
91438
108051
91121
101554
98206
90831
113434
84892
110892
86458
96542
111048
89476
94877
89644
98292
97913
91094
109500
89102
107345
111708
114301
86867
96867
104190
99471
83896
104677
88811
107507
85129
95487
85367
91456
112208
83491
92444
112279
90616
114593
95679
88792
96050
88438
97845
104726
109080
105317
114438
98377
114704
106058
94833
103235
89076
112554
105904
94438
87408
99214
82813
85139
106411
114834
106452
84709
99113
111161
86267
104096
110320
97667
102848
82404
91369
111554
92418
83879
83338
98217
94834
82274
97970
108710
107675
107785
90580
90226
112672
106305
107864
102118
103493
89550
87358
102416
91313
89674
112389
104582
113779
103709
107723
111610
92738
98473
107445
102927
90633
97477
113041
103787
90019
92781
83386
88333
108258
98231
90428
106465
99543
87049
100921
90770
95821
97418
106124
94112
104343
85206
92587
86450
82316
102390
84434
94253
96207
85391
110686
105989
101460
94041
98679
101076
105503
88787
104177
84521
84303
86838
92788
91426
87644
112551
109275
109117
99997
94640
114907
110443
92173
108529
100069
113254
92750
100627
112717
99141
91886
82686
89003
99662
98026
96844
109698
86539
94576
87549
83999
105120
85993
95084
106948
90971
111415
87681
98822
103821
87611
109097
103796
91032
113051
91395
85625
111434
111810
108125
106116
98921
104488
89950
84581
96655
83155
105604
89595
106808
89374
99154
99084
93466
94905
88130
114548
102837
87537
106753
89730
88106
92721
112347
100767
91216
107465
89460
87088
106757
103151
111034
114366
83650
106499
99607
95572
110707
89368
96491
85289
94853
102575
93753
83327
92224
89541
105889
102347
109399
109841
93070
90902
108989
113543
85168
106147
85435
94752
85677
98258
93248
92893
104723
94020
93560
83722
96914
108864
91039
113344
87656
83286
99352
94637
99868
90434
112313
110871
99183
94995
110442
88863
93840
99980
83438
112451
83087
92618
98304
107559
88596
101671
98722
104085
93777
105055
87986
100802
92725
100081
86206
83155
106466
107976
88089
104863
106082
97307
100142
98487
93589
89490
90389
112292
83566
103338
93284
114287
105311
103514
106312
93543
99602
101367
86484
91166
91994
114261
109208
104629
90729
99119
113014
87641
91203
90568
111793
87566
93811
102355
101447
87211
91132
87952
83841
84518
95122
108857
90312
108050
94730
88988
103354
111974
112912
90121
86397
103808
89624
93550
85843
88170
87447
91841
90991
114267
87666
98462
107528
108673
102838
92722
97451
108797
103051
97623
110037
87088
88675
113152
92865
112437
101751
102616
100735
104366
82804
114982
96582
90308
86129
85492
94987
90473
104997
85616
104530
114656
85335
105874
95301
83584
100245
109823
103171
93621
84265
98094
107322
83783
82761
101577
87544
110303
87694
104790
94398
91079
87464
113430
83415
94193
90191
105005
100071
98363
92796
109316
107975
102897
82906
92140
112528
104851
111479
85508
101878
100057
97216
106844
96984
84469
88748
113754
94740
114200
88631
93789
97696
105783
99602
109985
112599
90383
86937
106595
114704
111975
91397
115013
89461
90005
88291
107251
82963
114499
89285
104199
110637
85107
115255
113706
84950
112321
110836
112508
103103
100840
84314
105783
108621
97160
84764
85135
87022
83495
103479
82652
104366
111989
101415
109050
103685
83924
85850
108016
111603
100631
110309
107985
114767
101002
88182
113632
94557
105523
113289
114935
102302
109400
96479
83754
109804
92738
99628
106407
107206
107840
110609
96224
84712
92398
83529
86509
108062
89526
101927
89131
91483
97432
112960
93226
100613
98599
106085
106694
101012
113876
85972
94099
83035
110447
90542
106879
101285
100587
95404
98994
110852
96354
88334
84409
88806
93272
89557
96740
93801
108612
106546
83180
96881
86861
94014
110553
88311
91217
104427
98083
96932
102187
109883
110104
102558
104246
106672
95613
100514
109325
114435
107896
102227
109973
91417
87726
101585
102462
98610
112296
85902
107141
111716
95099
88413
96958
108616
101032
99020
89104
93427
98113
92340
114113
95015
113485
88078
87987
95947
106606
109576
88111
93593
101313
86617
108258
85527
86278
92625
88357
115400
94465
110388
113538
105891
102175
109640
103539
106436
92765
89389
99436
92514
89446
114669
108316
108033
109051
98900
88561
84200
103320
115202
84954
93654
101717
103102
113232
111089
98058
114445
98199
104703
91574
96003
87617
86744
86818
90458
95733
95515
102593
115393
93550
97569
92635
110454
89542
110127
90346
97047
97013
106480
87109
88758
95637
102690
87547
93483
111080
86671
113410
105902
94235
89663
107921
103589
84428
93932
102090
109242
108747
109494
103324
102961
105245
113688
100584
109176
108615
88091
105186
111104
101321
108745
97211
84556
96488
101605
91517
98888
84912
103897
95030
88795
84794
86256
103768
96703
90411
110789
107872
97937
92797
109308
89270
110116
99714
89647
111316
92187
98597
87083
91819
105143
86388
111709
112450
108781
109915
96903
102305
95932
113074
99767
109037
102333
91515
103290
93652
105468
88932
97101
101932
104198
109716
114260
109014
97603
104611
114511
95209
91014
104170
112329
108300
109795
99582
112530
84004
86721
106103
87920
97328
95023
106998
86034
95600
104828
83814
109637
113613
95489
93057
87403
87157
94786
103574
103720
101574
92726
111754
89950
93293
89058
85022
96348
103119
91181
86895
84818
99240
92143
101315
99592
108273
107595
106114
83664
98312
104767
109955
99770
90123
98937
112777
92678
104324
86636
97294
115423
93004
91044
109887
90694
86185
87126
112455
95564
111802
114748
89552
109700
86805
85151
92359
84152
90030
113334
114016
90075
100347
95278
100443
93759
102229
83466
89477
100360
101026
114093
94337
114401
98097
89141
84680
102381
92389
103435
107247
93696
93078
83128
112937
113680
111540
108795
89356
84966
84525
92952
98456
111897
90001
86898
97397
104509
86645
83292
92540
107096
95509
97837
111481
91285
87613
84626
84271
87101
102761
108073
101789
100066
92715
96587
93824
98014
112333
92457
82969
105468
89655
93722
89648
99444
93460
107571
90713
104989
99889
100889
89974
85982
111141
107027
113277
95077
86583
108899
88188
114460
113276
88535
109018
84057
112448
92571
96991
105942
98727
114001
109942
109152
92052
98403
114738
110547
109258
104344
83600
93765
88914
106982
112252
84866
110876
97160
110358
102073
108777
96080
105653
99444
92263
115261
89644
106189
109982
107856
85837
91615
85388
104860
89260
85116
99852
90781
99494
113950
108285
107210
92577
95007
87711
106093
88468
95276
95552
106675
93899
114167
91161
112383
110052
97324
111475
112260
83230
88743
97294
114707
86227
83940
92098
112177
84290
113590
109927
88429
97682
87612
99315
98033
114708
92945
86242
103766
108489
85188
103899
93117
101156
93320
90512
93979
104464
107052
83942
86484
109877
110669
107862
86412
88183
88266
110994
102201
106176
103800
107884
109949
94464
84247
96244
108852
94834
97413
95969
106569
95264
97330
114227
96973
84393
92628
86806
109130
88898
104028
91656
95060
104699
112680
98366
95586
111428
86394
106564
91356
113839
88873
100837
109429
104695
100246
85322
90811
89410
111074
84326
89324
99747
85342
109969
110604
107491
92483
114290
96052
93057
105636
90659
114221
114423
93856
112528
84798
107071
102108
113952
113473
112278
94769
84632
107516
107392
108449
90684
110767
102668
96656
105783
93418
104281
110384
112444
111009
83801
98878
97646
92290
110805
105708
107645
104838
100785
111646
84498
95943
88690
102872
107886
88721
87037
107511
109390
93115
111265
90912
108817
89144
86616
108023
105244
95721
88138
111761
115326
92597
103827
110635
114128
103644
100166
107292
108895
110728
104370
85256
101006
106406
99556
98135
100981
85747
102509
105957
115662
88922
89189
104443
108562
94845
104879
93567
114655
106898
93055
103527
84637
99952
107546
86643
98657
104169
114397
89884
98577
94811
113537
90568
106442
94594
114333
106559
110974
92304
105324
94562
98274
85888
109265
83995
96647
115879
103320
92816
89158
105868
92159
108956
89826
96761
113781
109695
105961
101714
105377
107732
85979
102950
97190
97988
99470
105476
104614
90490
95185
113552
88197
103382
106320
108757
105455
104806
84920
92125
106652
105362
103707
105343
88274
94998
107157
96889
89132
91574
113968
105151
87451
93228
85509
100114
103082
103526
100260
86739
104454
87022
114358
106522
89917
89770
112097
84995
106950
87493
90348
111944
87362
90861
90916
86293
113921
103359
85246
98839
111816
100735
89341
91607
104657
86285
83926
101446
93972
96020
84947
85400
112069
109701
103285
111190
97054
102212
109405
106927
107102
92961
102252
84496
96786
100105
103210
96244
100243
86653
108900
85756
109520
100164
85786
104770
99661
103261
105880
106731
111468
89912
83938
83963
89836
115750
100181
86637
109487
83725
113548
104068
96192
93024
115073
100188
101268
111182
83444
85444
106384
105018
104209
90960
88780
111212
112973
91049
110359
104198
115601
100392
112187
92473
83610
98723
95362
104376
115616
107655
107640
101229
95797
105255
94195
101484
95601
102996
113233
95013
94284
103470
90113
96733
100683
99641
102213
115295
103775
96180
106037
91118
115210
84262
98824
103807
91843
114233
84879
84005
99740
102603
85250
83405
114466
107587
85247
108587
114052
87073
92880
113652
88824
102618
104429
107598
100187
114402
84673
86661
110871
101386
85681
108031
111946
110348
87387
84082
105253
116068
109851
105044
106130
115554
114900
115603
85529
109182
115949
113799
114692
96747
112025
90917
107201
101743
100956
94325
109705
89713
115403
90694
110143
88916
110739
109856
85403
84227
107196
84602
109191
90829
87599
96045
95177
109684
85878
112169
110307
109184
98756
93030
112439
95449
91957
107294
112751
87957
93782
88378
108572
95759
90344
87306
98973
107577
108513
93496
85827
92723
102580
83967
110515
91676
96210
93080
97931
98344
97393
111349
115016
107762
106892
96946
94567
96788
98347
105033
90314
114934
93924
97669
114014
89059
115362
94777
96251
108898
101541
97841
103051
108995
96714
86377
104815
107256
112397
108669
85022
112294
98124
111457
112911
106108
112206
87122
86234
99012
111875
84748
111770
106295
109325
106558
115605
109078
113024
91451
109599
110966
109286
105458
99259
90844
93319
88864
109188
94473
109799
99012
97739
101399
115599
103636
105986
106437
116240
99886
84952
85008
93766
105425
106662
84995
112090
108621
108042
114383
84746
114040
102609
100126
115373
108131
107291
111781
109425
114060
96697
109560
91752
95061
84186
98467
92355
104629
84967
111990
84701
115246
93355
87840
84091
87807
91575
107776
104018
106650
91141
113719
110793
93784
93147
96514
100353
106860
99570
98887
109842
111894
94680
111469
91288
104217
95891
88177
115311
91246
94855
94262
111290
89658
86426
92445
103466
109310
104597
101334
83837
112653
102605
100470
88132
85828
87812
88521
107242
111861
86410
94953
105458
90660
86439
92943
105600
110326
91198
105386
88091
98662
103850
91310
90033
87098
109804
101167
87515
109109
107016
91694
112739
115087
86956
85427
90884
105378
114707
98332
110448
109798
116009
94644
87704
84255
109552
113287
96039
106453
99106
104053
91471
89349
101656
109446
108489
115222
115946
100989
116247
84750
114392
105904
85005
111622
92136
96790
108175
94940
92369
116386
114076
96551
110616
110031
94092
86640
92025
101757
86421
94879
88200
88315
88468
84147
99480
90469
87306
92598
95196
96304
86373
92144
98252
106499
88450
109148
105674
114632
109679
88152
91910
101380
86389
109984
95903
105059
109910
84605
114443
86936
97491
87098
97720
112483
88177
96728
97267
108275
107901
110851
108554
108911
104526
114500
84397
89808
109514
90999
87450
103665
111148
111488
107642
111337
90884
98874
102661
93848
100990
90544
115053
98432
114152
103824
106490
84438
113007
100828
116465
106713
84777
106979
91067
112483
94041
95088
87363
85950
98798
115265
100768
111544
108876
85946
89844
107002
89679
86747
101268
107925
112013
109680
86377
101342
85468
109447
98454
93308
100373
95783
101722
96191
93207
92735
113976
98100
89870
101085
110422
93302
102133
85408
115748
105030
112473
89200
108605
115678
107360
106348
99986
97923
102667
107300
107973
94554
88504
110345
95443
114556
99307
106530
84726
88140
107085
89088
89802
107017
107509
94195
112814
111263
96743
110718
107629
101059
112090
93449
91678
100158
99903
101334
112200
97417
111486
107062
84298
110747
98947
89341
91642
108287
106617
85299
85901
95017
97237
93452
100023
99594
110231
94490
108050
107490
89548
113090
89540
101206
111192
96493
86621
89794
85746
90111
90878
91856
92016
92685
105152
85322
89413
104011
86355
84780
99656
108227
114406
97534
96951
112461
100167
86368
107387
114875
98380
116199
84397
89172
112497
91687
93786
88964
96962
114961
113027
100305
92412
84096
109416
106257
85231
85774
94983
90074
84006
104492
101855
113211
102602
110194
103673
96425
116420
95283
88873
95548
107554
107093
114834
110364
101564
108895
89960
87094
114967
108756
95738
103219
112777
94400
111087
84394
91806
115088
114895
90772
94139
114214
84422
96513
102657
115757
111781
103178
114548
106154
90666
100615
115293
116436
113025
93442
85229
108326
110346
99947
88866
103602
108637
112140
87535
94904
90508
87616
115351
111735
112552
93024
98650
110915
97414
112767
89939
98008
112578
101463
98209
116206
96517
88706
90053
115982
106372
95470
97099
95651
113353
96651
86701
100180
92342
84038
88436
107921
87239
103739
102304
113516
113815
92966
84554
108971
105894
111131
94088
107291
94297
102008
108945
107303
103490
109591
87329
111272
86434
84424
110367
93951
103468
104702
99710
100194
115468
116168
94049
107635
88616
113411
86146
93719
108710
95951
109524
107397
88238
99135
100711
96669
107633
91989
95116
111484
89194
107565
85819
108877
107235
103032
103345
110945
98492
111660
107869
106371
112488
85626
88061
85637
95288
90113
89093
92191
84188
116545
105280
89850
101671
109906
84153
85767
101906
100565
108508
112661
110084
85292
85721
116387
88656
104934
92233
106226
96767
97917
112660
89695
113105
108100
92050
116464
88446
98459
89328
84269
89665
112997
106966
90161
85655
103868
105798
95232
88901
100579
107720
112155
104856
103803
108740
109650
111344
85754
98351
89562
109952
102234
104297
87711
111183
111886
99942
95451
95362
97594
86541
111848
105950
85539
89309
94035
91273
99813
84694
113969
110096
106852
89239
95926
91054
85892
99780
98307
89036
115869
115370
88128
97476
90665
94502
106219
97514
100032
110786
99183
91085
105031
101922
86777
110778
109156
97695
104583
84610
109364
92465
99138
105597
110657
87442
100109
99535
111022
90784
93022
96234
111029
109316
113740
97621
87636
116497
86506
92587
84802
95982
90580
96742
98344
112632
85767
111581
104206
84322
109558
110604
104211
91166
107226
110740
112482
109057
112713
108930
87649
102434
105482
106068
94508
116867
97320
96442
110401
93939
101957
113817
87677
97586
115505
114005
113479
84567
88251
112720
98571
104815
114119
96430
114410
97127
97441
92252
89263
100396
106385
111184
113669
111376
115632
88594
98792
114288
85497
93307
103514
103059
95907
110012
106583
97238
106159
92323
113674
103430
107453
115482
96577
88846
108067
113649
97311
115410
95552
112093
92688
111194
103950
111552
115970
115763
104439
109098
100051
115730
109546
100896
102661
110523
111021
92445
115897
114465
110453
92759
87771
112591
92084
85315
111770
102278
98610
116059
101403
107048
95583
98079
85358
98004
112872
95834
112577
102483
86664
98726
116435
107699
87073
112434
103596
104497
92683
102083
99212
108381
95403
91385
115745
109688
90184
115668
101372
85025
110363
103542
102470
87345
92581
106027
104623
88035
92486
95910
114344
112696
110858
116622
109778
114585
116934
101689
94902
94654
85604
111287
114870
108752
110971
110354
106563
113866
85283
100308
97361
113189
87047
89290
101896
93108
115387
90376
98749
113613
85072
91437
92192
110761
95526
87784
116663
100365
86018
88507
90763
112170
102752
89343
99361
84931
93451
86825
93099
100237
94698
93771
108160
104155
88093
99806
93898
117114
95561
100798
90750
113882
84783
108150
108178
115311
91268
97982
84586
99671
95228
106050
98195
111421
92585
100773
96691
109693
94851
102342
101056
98185
104008
114754
85873
111499
92038
109370
98290
108108
96757
85590
112860
98644
103179
86793
86116
100947
116939
98839
101331
86719
99038
102485
117046
101055
102884
108720
94550
97096
86284
87921
116202
93061
99810
113344
90124
95613
94825
105574
94954
101872
85354
88279
108222
115585
103691
112495
106496
96539
94115
104444
100057
106381
102093
104829
107228
111223
116924
106025
89841
97386
89038
86195
117137
91723
102499
102093
91449
87544
109807
89323
89368
90158
94286
116553
94731
86443
99928
87087
111564
86927
109238
93044
88679
110344
93684
87873
87021
95278
86230
115223
88683
100396
109040
87571
108061
89761
100721
90481
102368
90694
102208
107600
112614
86224
91978
109492
99501
101912
90138
89553
101938
111225
85930
105351
117090
88185
113272
105257
100305
93612
94429
90242
106414
101078
104090
95770
86007
104272
116916
84917
111849
113581
87427
89629
90299
92060
113413
101409
93323
93968
89976
113886
103833
98975
112679
113469
113331
100136
86660
92861
85488
102585
95095
113011
102049
99504
114934
95055
106373
108320
109014
88736
85308
104310
98272
109018
104702
98396
96296
90775
88973
98013
99738
101853
103528
99530
115158
86431
112962
113245
88126
98182
104882
107293
108364
98545
109356
100865
101418
115770
86320
96472
101500
102203
95681
114408
86656
88848
99865
84694
110426
105759
108443
89030
104361
106838
112905
85442
85598
88500
95223
99680
111054
116491
115328
114335
89862
89860
105783
115475
106334
103267
99680
84802
87121
89740
94049
102221
87435
96582
110963
84691
95556
105920
117405
112658
106189
97234
103907
116303
115560
115332
114107
102264
100701
90836
99264
86281
94538
94132
110762
93228
91579
114515
114814
110884
92410
111005
106242
96747
87337
114693
100468
88090
90765
113282
90747
88586
92205
87511
106846
109369
101020
93976
101748
103407
85267
108650
97500
105505
112834
115466
87405
87445
101992
88721
92912
102727
112162
91510
101773
99340
90496
106196
89220
106101
103390
114029
110878
105462
99570
105456
112098
101703
102817
112247
97803
90635
110359
106836
110906
112048
103446
89357
106345
91030
101518
109477
86304
108147
109423
117533
92139
116470
85691
112955
90891
105898
109023
91274
105580
93214
117315
93858
102871
86339
117280
91049
85609
89365
107922
101146
100420
100221
91630
112069
116356
102006
104277
109848
107381
98160
113801
108444
98051
94193
111872
91842
111985
108930
117047
90592
110158
85193
86345
107127
87973
110579
108992
112055
90485
97365
92843
87877
85344
85842
103665
112955
108199
90751
109028
101745
95830
98053
90393
111611
116668
114759
94328
111346
86302
92613
105103
88952
103597
87104
96043
114678
101812
112160
109098
90024
114198
117522
97419
109404
110584
106229
101319
116598
114619
98295
99172
110392
115245
89083
103623
105792
88832
101695
106826
89426
104315
88635
117390
93016
106863
109772
89363
99239
106093
115857
116997
100484
102198
92309
105817
90343
115571
89135
112921
111743
112038
105255
108284
108789
90977
106778
87866
99445
95670
114720
109470
88427
85486
117419
100829
106378
117373
103603
92198
89619
88118
102416
100346
117588
107452
100391
86846
99695
98105
114888
102287
116828
86098
97367
89045
116017
105050
109866
109595
97953
96453
87603
112542
85699
105952
89823
101667
96789
108992
89661
115086
95169
93560
106851
93361
112415
93840
94478
92258
88698
114354
88712
99792
114455
97189
98255
109847
98931
101248
111347
105233
103629
92439
90304
110959
104676
103610
102045
101641
94466
97567
94132
87667
105785
95388
87379
98513
85741
99993
97938
92908
87443
115014
101175
104069
116919
116617
103894
92649
103236
114491
112957
110533
115712
94099
99599
117052
116566
107490
107950
116279
93784
108161
115550
88060
91908
92168
89256
86531
100806
108225
106493
109828
106559
109149
100508
114773
100677
92133
115382
107891
89643
106995
105167
96735
97602
88353
97383
95019
105887
106690
115674
96596
86047
109520
92037
113490
102825
108070
113706
94702
86707
110063
88213
115924
104456
98655
89216
99817
104648
111777
106165
112350
97712
99344
99954
101638
107931
104105
103441
92004
103241
115904
89320
92937
92256
112371
97903
113053
102832
94557
85152
95803
100539
106252
114596
101506
85621
111028
91307
93672
99144
108964
87580
112978
114779
104954
98030
98530
103956
113939
109909
107024
87004
109894
112802
91133
97570
103890
114276
86019
102306
94228
113364
96401
98023
106750
98416
107062
100622
101060
86757
99067
116942
91864
108850
101366
108725
97305
88843
94492
105396
99656
114043
90967
114398
89019
94926
110809
116845
113237
94638
114607
92166
109749
100236
104089
97342
97966
88642
92185
115036
114679
109814
86986
89440
110628
93249
86515
93509
108245
116112
97628
96132
117806
85451
110432
92121
112007
97077
107076
96329
113252
95892
101831
109412
103847
100241
94714
113608
108292
106593
99410
107750
92342
117925
94972
108809
93552
100239
94832
96404
96919
113991
117065
89738
103086
97165
85588
104020
99346
103839
101607
110271
85991
114525
99188
106053
97618
91051
110685
93325
109800
113175
90378
103733
98407
90044
96058
100302
109220
96101
104598
92456
113605
103670
97420
96720
97712
96264
117850
116184
95428
88532
117097
98774
88262
86610
110045
112943
104990
104610
97130
110998
116547
107178
109673
108495
91764
92161
97067
117177
104361
117771
111501
102795
103113
95078
115404
91742
87581
100485
96667
108012
104709
111515
111731
97175
87785
117179
89643
108717
99955
96061
98504
106986
86267
92515
88214
108094
89667
113469
105848
111313
100453
109001
95868
96325
101385
86879
117682
111931
100571
99916
92735
104984
91709
90814
110253
104969
94264
87008
108933
85316
114873
107589
94752
116881
116986
110986
105402
101897
102206
99127
98504
97054
95425
116967
88203
88028
104431
99241
117478
93039
108244
89765
95853
113124
112084
97027
105662
85812
93852
111368
92436
113534
109400
104578
99609
107668
86566
111207
94204
102585
99531
114105
117700
85673
96422
95660
103652
106202
101090
108299
96271
98818
91375
103128
113229
86233
116018
91187
91983
98592
114683
114044
113151
113634
101560
106684
95068
108794
111465
112449
103301
103381
110164
113801
108819
118137
87034
102498
109228
94150
105801
111694
102102
91644
105491
112684
103944
89726
112063
88597
97031
100822
95807
89477
97648
117496
102210
89531
96912
113867
87978
106338
100476
110821
89920
107888
116574
101270
92838
101711
89358
106793
93070
95803
85730
96358
117034
96235
110022
104028
101603
93299
116879
112477
116558
102761
88204
104777
115036
115782
89182
113424
85457
89616
103690
111986
85751
94774
88397
102665
115859
95420
111408
114058
95768
101271
97243
101960
101659
102235
92590
90105
111623
98067
115854
117693
101650
93040
111741
101212
103791
105767
89710
94927
116933
96916
115543
107267
104673
94371
103815
88537
101800
90864
96314
99185
106831
91949
89451
94376
109774
85957
95721
87775
96401
117182
92077
97535
116081
102884
114283
113081
90596
99620
117351
108307
106352
102454
90506
110368
113766
115327
112309
87566
103884
100405
113493
91495
112027
85956
114488
89232
102699
106096
115359
117398
101355
88124
110228
95529
102997
114443
92029
94441
90401
93446
93682
102113
117945
85565
98764
115537
105710
89489
97150
92593
86249
108753
85929
100850
89956
90147
94442
99079
116506
95398
99319
114340
99195
100949
104938
86598
113061
114991
91356
110963
110992
104853
105142
87363
94088
96243
96836
97567
98785
101282
108171
93385
87782
105741
117853
117660
110354
100115
116266
100630
98179
90029
111129
92819
88235
103377
110167
108123
107849
96918
110511
110559
87447
107416
108124
104768
117445
91294
91419
110097
104103
92794
97924
109406
91051
86321
101529
112877
104717
100188
104096
100291
102222
98510
100654
113130
92386
97399
95365
96114
90921
90504
99615
87222
111520
96216
92811
93665
116057
98183
106616
89008
92840
93153
118288
91513
87840
116101
110471
103532
95677
96198
114163
101401
94051
101713
100702
117810
95623
106512
96537
114578
107820
98383
91732
113791
103954
87838
115948
88620
92714
116726
118404
114562
94540
87455
91095
85792
111916
101968
104524
87201
98699
115481
105420
104221
113834
118398
95952
95474
107524
110181
117950
93380
115004
95538
104565
112578
109397
87600
104230
88363
92193
86323
87399
116497
98812
115067
103042
102494
107962
87004
93715
107540
89309
108572
103378
105945
112651
106909
88493
113586
97728
109371
99354
90383
110913
94840
107691
117512
99793
89559
116450
88550
102950
115333
89928
103397
88094
105790
110777
116024
95407
86639
105474
90446
101404
113048
101806
100692
116335
96245
97820
89083
94243
93789
112597
94843
103201
114282
88093
110296
105454
109274
114120
114531
89890
87861
88655
97157
103196
109232
104739
97720
102900
88658
86337
106198
96177
89685
95495
112278
94396
87759
95302
116051
117909
107410
99480
92944
108741
111440
115700
85946
116756
118275
92543
90284
92667
89739
96421
100217
112220
98201
109161
114149
102769
85965
98553
107316
93187
86299
113030
95912
91100
87923
102482
105285
116862
117409
101131
100567
88085
114546
114007
118326
116907
109592
113584
100553
94619
113615
110706
95561
108872
99777
116530
97735
109326
109351
90706
92401
104825
106674
118482
102033
94389
108329
92777
111958
97606
112467
94165
97751
109305
91415
89455
98005
114715
97762
109058
95936
88296
91721
113629
112253
112454
97008
87591
108903
113332
96426
94323
106132
103549
110561
109716
112473
101425
100153
89779
106256
92245
102768
88991
94232
118618
113289
98659
92702
111820
86057
110110
89499
108236
92481
104719
94366
102336
94445
115184
106700
114761
88220
92805
108197
87414
111986
118388
105993
118583
117994
101719
104442
92948
87232
97040
96675
104222
92686
117340
117913
102694
99253
116140
91234
99886
91134
100912
97588
116253
118145
96564
112638
90039
98118
86959
104365
112843
113707
111641
91048
95918
90501
88702
103324
117481
86282
98001
108671
96303
111087
105858
104143
107410
118093
94802
108059
116214
100809
103783
92613
86469
117364
93851
112390
90340
111856
95002
113714
98022
107221
90412
105790
91008
115282
93775
113023
110909
109080
105353
97972
101491
91251
107516
93511
106102
112058
113083
111056
88331
106986
99548
96219
101920
95630
104655
88555
110522
87522
87022
103103
117806
105527
89428
86995
105108
98457
111859
91434
109433
87984
100833
94795
102868
92132
117491
108682
104507
104900
107917
101000
87639
100265
91832
105725
113302
110742
94837
86197
89119
86627
116050
118233
108811
110363
111674
99440
115922
115106
89745
108069
109315
107931
99969
93515
92729
112264
115598
87326
101194
109107
115569
108364
96449
109134
101667
98996
96911
110934
96824
114541
104957
110269
88686
87050
98789
112199
95622
106524
110370
114357
89938
114681
99653
111521
86544
118204
105353
89769
99062
111501
87562
93135
107790
95011
106289
101664
101956
99974
87411
98708
111294
114202
115003
99126
92779
114649
108324
90244
111839
101344
117356
115993
94046
109101
95142
95625
110902
91559
118702
98957
115282
112734
113378
112480
90125
118037
117903
116584
115780
113150
112298
98073
107183
88260
118209
97303
102513
90062
118064
110746
100845
106691
109464
112151
101084
102473
103309
111389
93340
97043
87183
88189
97995
101402
90172
113069
101909
100394
108483
99438
118090
90785
93596
89005
87220
102260
89975
88487
109479
112242
101490
97617
102489
109517
101262
100087
94708
86486
91748
100387
86250
116744
105492
109248
96649
101192
118911
95103
117967
93035
97206
99194
101247
96761
110001
105752
87924
87600
113221
94256
89910
96844
90448
94577
92107
93702
116535
114945
108752
98907
86418
91236
110280
96910
113701
87968
112563
116336
96787
113054
114147
111071
112462
104404
107787
109965
101970
105761
114073
103683
116243
108536
102981
103909
109619
101313
111594
105591
89977
98684
96149
92512
106111
101288
88796
111790
93866
86371
98930
98843
110431
111826
100088
101006
93556
108739
99349
89829
101093
100753
105928
108530
102089
97608
94205
108483
110980
106250
105567
90151
96573
96690
92782
98925
96915
103862
110033
101487
102795
106066
91885
112336
108237
90595
86454
104577
87313
110993
87749
107402
99028
91184
103084
89863
115791
98408
92038
98928
104873
86548
117970
87582
89452
93929
86401
97547
96054
93784
99405
101338
108209
88245
112205
102679
96964
102808
117702
94911
117003
115076
102213
115971
113029
99014
113386
97865
113293
87456
109575
109684
94476
106407
95466
102245
96492
113258
114934
113857
100816
87380
114425
110837
87042
110292
99769
94584
108972
92346
108240
107600
116812
97253
91066
114904
87650
102171
112941
114112
92523
111928
111784
90197
108563
87691
116815
102659
89255
117117
102646
88344
101321
89715
115324
93642
90983
90870
110170
93308
103918
90130
104571
109629
95674
104443
118351
116882
91346
100087
111643
117109
93394
93047
113811
101533
103208
104839
97962
87040
114051
105833
89513
105879
113289
94589
96126
108641
115401
117605
118103
117418
99824
115813
88688
97677
104511
90384
101673
115128
87100
113697
87644
115055
99496
88231
115437
86996
92850
89957
86947
116069
95338
117624
100150
100806
112504
117306
117417
113345
99342
86631
115673
100491
107547
112254
109143
98120
105154
112234
107123
116178
96266
87138
118425
113078
103639
94478
101089
101504
117529
94955
100065
116281
97859
97520
111046
119085
100351
96370
109731
94962
89375
95813
112392
87717
98007
109348
117207
101495
101418
101202
87123
107112
100259
117122
118650
113235
107845
113909
105365
114987
111812
94946
89101
109444
97270
93978
116096
88917
103812
90092
102932
103164
108517
117062
102411
104834
100493
92958
97944
95265
106337
91920
109809
88323
106095
92489
102310
114509
90588
88227
114737
110684
101405
86545
105166
114254
111210
95038
93837
115653
109936
112753
95141
119015
90695
94644
97291
92586
104355
103221
102979
96590
109390
91372
96887
106283
113622
87422
117190
112812
105091
95330
100318
117916
104843
87874
102093
113568
101001
93860
105748
88581
98604
101833
118269
87740
110124
109013
93231
103331
91779
103473
86656
86791
109273
111662
118538
89702
115520
99307
113793
100985
115489
87160
116164
113777
100726
105787
100273
87170
102714
88723
99646
106910
108062
114620
106949
115331
119166
114675
103840
104439
103315
111322
102646
109650
113898
104477
98516
111678
97301
114262
109184
101563
95136
119086
102666
88678
93255
103109
88355
110074
96101
115797
106290
119319
103856
98834
95141
108098
112164
104020
94597
109358
106813
100343
107342
107577
107625
92162
109053
94778
102845
107144
88682
101242
92135
87756
115928
111872
112228
96936
88779
90386
102899
118064
108314
87800
109897
89234
117828
100355
92678
107329
113927
112078
95720
98386
90927
118212
116798
102182
108717
105954
103328
107081
104168
116414
98270
91546
98392
102089
114742
93100
92240
96977
88522
109165
105755
118730
110161
109317
112715
90573
106252
94465
96590
87137
89083
89265
110146
110586
111442
101582
106250
94399
95527
99168
110242
94864
114541
102879
108207
89672
116261
118937
90459
97343
93139
107859
116063
102420
114223
105779
116833
106921
109342
105950
93057
87918
98784
111069
91695
116195
103563
95301
95039
88152
101816
90007
95295
112375
118396
99301
89864
118277
92314
92214
108947
88677
100598
105260
108558
106334
91725
112356
102703
108958
100388
89118
105673
115582
96766
92318
94365
97927
114386
93394
118642
95797
104636
107700
114280
110588
96499
96242
103561
113801
109563
116044
108705
97866
103964
97598
102735
112944
103442
118752
109405
118708
87046
94730
88653
119064
113341
114107
112436
113903
108816
111036
106956
106463
112028
103552
92100
93606
110266
114255
95834
113755
96434
118436
117292
115958
105515
118995
102731
118035
104678
103406
111506
89587
118956
113130
111926
93380
106117
115198
108445
88098
93739
102988
105588
89821
92094
115907
118524
95229
99257
113476
96164
103427
105253
114435
97757
98162
116749
110385
97322
97934
109105
99032
117366
103012
91134
107014
98987
112394
91070
88621
111488
105256
118029
94666
112019
94391
104076
106309
87735
113417
110553
91928
118671
114186
115646
107828
112476
94917
92840
116128
92691
107818
90459
94308
103603
106254
104421
109733
89045
99443
109776
114449
118916
115978
108700
116606
108368
116470
101741
90573
91550
110291
102144
118293
96578
92407
100067
91134
93776
88055
96486
87402
112430
117869
113613
99419
113390
109049
105031
94225
105947
89478
98340
97650
96338
100559
100290
106159
94164
100129
97224
106021
91736
110434
106775
102529
111590
96082
89342
111144
106081
89105
101293
111574
99237
111586
105197
113284
92626
118062
113934
104080
92646
97996
116768
95768
108690
101759
103782
104102
119110
101056
95495
113171
116623
102590
100871
90789
98978
98212
107126
105083
116537
106522
90087
117291
111517
118542
115748
90793
119300
104116
95776
89707
107806
88267
119597
89546
90859
93731
106607
90796
119247
89948
94353
94048
97256
105200
102838
101577
109727
117876
104371
97215
93309
112922
87675
103858
94017
116091
90330
106640
108591
100499
89959
104937
96426
102413
119732
114002
109829
113089
105415
117255
113559
116348
117198
117716
96781
100863
107534
92981
113924
89162
90397
100540
103896
110618
95313
108467
107190
94896
97912
93187
107769
104660
112329
110420
119219
97562
90139
94582
102537
95076
106069
108543
105669
112040
114726
110902
113830
101875
119030
93744
99066
90542
100124
116793
118511
98849
90705
107894
97831
91701
101988
102600
99594
110974
89648
104690
90464
109688
94924
109311
105247
102929
90881
93150
116609
87656
96001
87376
115290
117461
117845
104964
102825
115497
95768
103679
108397
106551
93539
116802
95674
91027
91656
110247
100619
110745
88963
91405
105690
89777
92717
93876
89710
98514
116915
104682
119285
99909
95687
115176
101842
88236
93717
100087
114744
105282
97913
105943
111352
94052
99951
89440
115095
90705
114379
113002
95652
92206
88234
112107
113992
100429
100520
103775
94239
106158
119379
116333
104006
87750
108512
87239
107958
115584
111133
90450
109008
112770
87207
91527
100664
116913
115293
116249
89575
101879
112148
96471
103292
106052
107405
115157
114643
119250
95396
117702
92633
114350
108233
106413
111263
101748
89268
114613
103597
101209
112725
92508
109976
105839
102666
115415
116183
96549
88597
96178
101074
116237
118093
100536
110396
101603
110099
119570
91555
104394
112776
103091
92485
108504
102654
91123
100646
107477
116652
100473
92511
107584
115877
95071
93881
98451
110603
90257
100474
115145
109183
97142
117887
106012
92637
88275
104843
90643
101926
116716
111583
92860
115390
114412
102411
103734
98264
91782
114691
116595
98350
100573
112245
95804
114421
92065
119898
117878
102928
114043
95436
87971
111748
93868
92951
89516
87340
109809
108306
114653
97710
103081
95152
102193
91565
96569
99282
112080
99904
102064
115039
88534
98723
93863
103063
89430
111405
115308
100772
106399
97154
109663
111218
91069
105738
98971
94913
98371
113826
105689
110713
113736
88721
113042
111165
97712
87997
114276
93762
109741
88863
87991
113506
94340
109428
113568
104556
108949
119093
103430
97727
117910
103626
119811
93463
99103
109819
97420
111526
111979
111015
103509
103015
90461
108216
87791
114863
90817
111446
89907
97541
102613
88411
119012
106547
120071
114951
116112
91805
106241
93430
98487
91090
88547
92750
110384
119905
116431
119101
112071
115182
90283
108963
119595
109956
109858
100363
104712
111661
106220
95968
98416
90560
93520
98270
105855
108027
99559
92614
112191
106449
95650
97878
114889
111365
98830
93304
101549
105464
111575
105146
105364
95680
104844
97790
93476
91769
102817
116850
115236
91616
116410
99523
105185
119326
114983
94606
95440
116449
111018
110872
101236
92849
88449
106814
106626
108162
111520
94127
102212
97157
115519
114264
110395
92996
109460
93216
117256
108014
95458
87510
108685
94959
107186
107367
97103
100292
98144
95573
107038
114958
114906
99940
104185
94693
92837
103831
98348
114030
102689
109658
110011
110256
90637
103681
99843
98979
104013
103793
107935
88202
110827
115229
112265
113795
110429
97589
115329
114781
102150
95769
99507
104105
117759
113940
97940
91156
113942
114503
119821
113396
94487
114403
111323
95520
94539
105372
117046
90117
101695
98138
102320
93942
103366
115505
92769
92100
105793
106643
91457
114063
117534
99012
102357
101851
106655
101519
113678
95206
88285
108088
107630
108090
89612
108465
114028
103038
116224
94992
112154
93073
96240
103233
93189
89562
89979
111352
87644
89561
119016
98282
109653
115970
98994
118333
117453
110796
114756
102461
105775
88069
113153
95824
101782
117352
104071
117548
114742
118385
108853
90183
105976
119152
94699
106127
94820
105949
117264
102236
106692
117739
90842
94627
111750
106591
96457
110444
119011
118179
90229
116614
115646
117526
118922
98169
114639
112295
101649
94652
98816
95394
88049
117800
91671
98761
117429
119469
110230
109479
97679
96836
99295
107297
106397
110628
93852
105806
91244
106809
119134
95881
92859
103890
107908
101316
98433
112026
98143
114207
92209
116681
105876
119993
99132
115611
100289
110789
99799
115970
98403
100321
104448
113047
118263
104612
100283
88535
106335
101750
94370
115340
102280
98725
97436
115337
101450
89269
106989
110746
107663
96247
98927
89531
98744
115293
118814
96136
102460
87692
88794
93941
105362
112435
109417
112447
90450
107931
118716
94499
90007
116352
113779
120397
90791
100640
92067
96531
103894
99473
98518
109667
105383
114519
92755
108538
94517
103734
87968
113879
106705
110405
111942
110064
100333
115268
114132
98595
111673
100143
90150
89199
105483
107027
88807
115556
112132
92961
110933
116952
111601
118273
89412
100572
91375
111465
90726
98031
99027
108781
108233
101489
93896
113433
111777
115546
106810
112061
117064
117035
119027
114312
120195
91685
103812
97752
119559
103609
100583
117201
103228
107841
109666
100269
92992
117229
103598
112466
90415
106240
106841
89386
114338
99132
115561
114223
109685
119962
104258
107077
113614
91455
120266
102605
98394
113836
90314
113527
106458
96565
93848
101207
96991
91572
104691
99388
119505
104318
119598
94781
102710
108694
101265
103828
103473
90657
97276
114864
107593
92954
93645
105605
96108
118599
95492
100135
91444
94828
91813
114839
110697
115646
101982
88540
100806
116122
92010
105046
110592
114039
89269
118608
119044
106522
119873
113108
102528
101897
100808
102083
87974
95297
97443
113957
119341
107819
95466
93885
113816
97741
91101
95968
92090
92989
107394
107400
103802
91228
88464
107685
103124
109504
98700
97715
111392
93682
90674
112017
102551
102362
94742
112785
112147
115063
94091
106700
103958
108756
110532
88248
94990
112951
92473
117756
105687
101019
97612
105090
108418
116064
99629
98766
98133
95810
108027
94351
97810
89736
94252
96372
91517
103549
118318
102977
90904
100388
116302
92194
98609
114728
103386
105023
108830
90898
88962
110992
105160
90302
98052
111859
97638
118800
119817
103548
93579
120035
115273
89868
109667
107074
101622
95781
119865
93403
117592
111612
112189
90544
119989
112592
116101
95504
107379
117883
111441
105926
95104
105799
106643
118928
106482
109826
100527
118739
99307
115541
117119
107404
90816
115793
93338
118154
105306
108107
103894
101851
109276
96746
113419
117636
115333
112766
100634
95605
95449
117907
105006
94139
114171
100551
90434
90360
93022
98520
93924
95248
108188
96513
95032
90662
108454
89991
106815
88263
119326
99471
120665
102500
115201
99378
110857
108294
101257
104147
91641
103229
111186
113584
105022
115545
105403
94648
99292
113885
98447
94877
100749
118833
106981
107561
114366
111767
116036
111573
90331
106592
113675
102552
113100
110944
96784
112381
101312
113055
98184
99192
92713
115793
104999
98042
107527
91913
115080
88515
107370
111401
103118
100472
91698
88989
110476
112501
95258
90825
99298
100452
95733
91327
112617
118286
119351
119222
118865
113266
94902
109752
115273
111380
104370
107162
97951
114584
89107
101681
112681
116367
118515
112323
92515
101521
116316
94652
89433
108940
118611
88226
114632
92251
89877
117323
96384
115867
108960
95822
120332
96954
115061
101815
117653
89680
91293
93183
116228
92851
105194
117819
89191
115142
100735
89747
90006
101649
106386
119286
101654
95511
98417
108044
92477
107235
118467
88428
99479
98277
113937
116752
110729
108540
100229
118277
91956
115156
113393
98919
92828
110962
93458
106125
89866
88333
117271
91521
91311
89120
105309
106419
95369
104637
109437
98030
99467
117540
109448
97930
112376
102292
97681
103396
104720
112225
100460
115467
111854
106055
96438
93116
96945
100606
103189
90769
115930
105998
97217
109173
97269
102373
104260
90715
105852
104231
92286
113456
109048
112709
102379
100877
114281
100177
118825
117426
89320
89617
113588
108080
108683
112722
94197
119269
104585
109182
98683
88749
91806
108145
97672
110679
113841
98953
107727
99670
91573
95996
115580
120505
99789
99695
117365
110686
105907
97988
101855
98658
89434
105267
117989
103643
100818
88220
91828
99018
96877
103195
90314
109899
94496
101342
107121
105999
119339
119347
100742
120844
98044
115429
113791
94579
120913
102857
89517
100835
109470
102804
99261
94428
102318
110063
105349
102518
95372
117710
104190
94291
92836
99325
101772
91346
91430
93179
110982
114309
97195
90380
114418
101862
93979
100746
116624
118597
95694
98428
98331
103173
103153
89962
94923
95752
97580
105071
113438
97896
120961
90767
110296
110696
116600
98891
104520
94122
104313
92275
91598
98466
101497
120124
94874
114250
102361
89490
117942
120855
116362
112815
105543
109612
119414
101357
102416
102863
115483
108760
95031
108569
96633
94600
118860
97521
99119
120622
116103
106555
110817
108268
93777
96076
93148
104682
99846
91297
102141
120230
108538
104401
116431
91531
118970
104897
113907
114374
99476
92439
103109
91477
114521
113393
94012
119136
102753
111574
107538
102349
101840
109805
110117
119055
93720
88428
103710
88638
102079
90196
93776
101485
108899
114268
100067
95800
94203
99370
96561
107420
93535
115913
110960
106508
118539
116824
107922
89792
97311
120575
115817
97617
105899
110632
90127
103555
97322
98795
104325
101217
120396
95433
99226
106640
103673
106398
109326
105949
98450
96209
98808
92696
88954
102862
96357
93477
99797
116150
89154
96848
102031
101460
103036
111841
120224
108628
93029
107248
107407
94127
104026
90747
88629
117098
96419
111798
107204
111488
93082
119714
113928
91421
108047
116193
119788
90380
120044
107721
97087
101491
108309
100535
113336
105918
118930
102310
117304
96217
116976
111104
90960
116130
116964
88499
117763
92574
117554
94088
97997
103914
103629
119473
103396
106613
100416
93856
118717
92013
116812
90912
96978
88567
93651
94878
91811
96547
120053
109255
115706
91423
116088
97113
110196
117419
96877
110386
102717
115916
118032
97198
117019
100037
100081
105007
108462
90691
106321
106493
113654
97752
92111
100433
99349
118698
93252
107692
93270
110701
100843
92013
114543
105102
98757
113827
93187
92593
100923
91424
115563
110174
107526
100303
103862
92663
112204
93511
118510
116462
112139
104863
96669
106804
89275
112772
117392
94965
111151
102282
104923
96642
93629
92864
93470
108175
94878
112519
96006
111006
93079
115108
110614
89531
117209
116371
93351
116586
109351
119582
103469
118494
92982
106287
89533
94827
91225
89059
112076
109886
107358
108511
110906
110156
103090
105959
110991
97160
90316
111021
106116
120153
107977
118502
121029
93771
101460
93859
117237
117509
98761
104159
112114
89723
111002
96340
110939
112228
118769
106132
90448
117743
96151
91732
92281
117937
106260
110091
107850
94178
92440
95420
107909
109514
119833
88847
94976
89974
101694
113319
105896
115887
92796
116656
108230
114221
118783
94391
110977
120327
99531
94399
105636
98414
113315
116625
92578
95899
118057
101459
103640
114182
97352
118364
115473
110553
107983
96327
92239
103588
115294
92486
117705
108626
108934
112825
101680
105052
90412
120832
102198
89660
97326
99981
93009
90149
117834
117821
119484
94705
92987
93672
98496
99419
89892
102455
107057
98414
89650
97461
120379
120125
95613
113961
109663
101845
104240
98596
115640
99184
119786
98774
94083
98283
115556
120869
99550
91258
90195
96513
112080
108699
88976
117745
105866
116040
109174
102386
90604
90225
119947
98946
101963
117929
115811
97528
101234
110880
106434
97302
121062
93649
92929
116193
93039
102396
97203
106928
120019
92887
97928
120452
104677
108673
103537
91031
119742
91959
117508
108344
103755
112330
95267
92117
103944
100944
106712
95066
108810
94746
115588
116922
102211
111079
113977
98250
102402
100183
121444
90966
96953
111779
98991
94575
95747
107402
106533
112130
114661
111759
98711
111535
115540
101985
113727
118487
108280
98715
118948
93943
112944
119981
104125
117301
89430
101402
111961
102201
89668
99045
108735
90430
117271
91973
105617
121449
113459
94112
105718
100441
111239
89015
90871
104191
91922
103967
114730
105904
110245
100848
93582
115320
91115
98497
115127
108466
93608
105683
102955
120789
117566
115596
115723
107409
117365
101415
118774
108059
117371
100011
113962
91077
110634
93977
120812
112337
94090
106730
108331
97927
118423
89784
91488
115845
116036
115260
98488
117847
106175
92280
91765
115015
114679
110133
105873
95862
112476
102576
95397
93484
96741
99985
116490
103789
94552
91420
105790
97485
114630
107947
109705
89989
89172
106332
96736
118725
93506
100615
107529
91980
99109
120691
104704
112439
104823
117705
113306
92694
98386
116296
112232
117829
103289
110907
103646
110202
90776
104488
115636
120474
110285
114507
106381
94929
90470
118594
114903
115425
90093
92426
102386
93114
90466
112170
91284
108876
108743
117038
111724
119449
116962
90711
103685
91150
120126
93329
103662
99347
107635
116389
110616
112097
100263
109744
91007
110227
105301
120276
107532
98432
103757
105005
113850
102601
111612
111879
120825
101166
111342
96078
112720
116774
92305
97861
91205
121134
94524
115323
117121
110433
101231
103164
105264
102473
100701
118980
94119
118005
97191
97913
90441
94027
96619
96345
112299
119200
108925
92273
120310
119942
94452
117519
100237
108261
92905
104315
117744
119886
101755
90338
116961
101771
106518
99219
102853
89979
91894
111214
118604
117789
108518
96408
100948
96746
93262
99188
105995
93544
107628
116943
103764
98556
102370
89435
96109
102143
102257
102239
116686
98837
115716
104876
114004
114618
106224
99027
95390
106782
116602
97429
106936
93747
96666
120731
99574
102148
115198
89960
108323
91976
113490
111243
106715
102455
110783
92953
94518
91292
117169
109402
108455
103212
107230
90819
91427
109334
96388
89892
96389
120539
116209
97827
105009
112992
97865
103145
101111
106818
115332
119835
105019
99945
112822
91660
120659
99808
92307
120113
94769
118755
114994
103637
102210
113722
109585
120333
103061
96454
119130
117487
108096
99930
94564
109055
98304
96204
96125
99818
109087
108363
109031
118135
119707
120306
105248
100282
93060
92574
114790
106635
101286
113917
119163
121142
95848
112104
120230
110964
109556
103923
98810
89242
121496
112962
117978
104209
110188
112542
121533
94214
115766
105415
108591
121698
115594
107788
103705
106493
91190
116506
111937
95758
90845
89106
100884
92647
108769
113886
100772
120543
109446
111556
104173
102031
116309
97595
118620
98369
103615
117502
119186
95397
102147
97632
90469
111046
93778
100063
101671
105277
105520
110075
112683
107172
110877
106825
110214
105550
116341
102851
108051
117813
106389
116578
118970
114484
93759
91119
91121
115831
112192
116758
113026
105263
103503
118460
93583
108682
93241
119442
105940
117218
115259
111082
110125
104245
115631
115914
112216
109013
115436
96575
97531
113504
109159
100852
107497
110835
109342
99075
92577
91803
109110
100619
107544
118540
111074
104067
121016
113558
92552
107342
103848
90196
121119
92815
94286
92327
97244
115390
118034
110562
91661
113660
119909
94791
98885
96419
112898
100915
108985
95266
111476
101781
105450
109576
120537
90020
104836
89950
107237
101074
108166
120890
96042
95995
112548
95121
117654
118755
118506
121677
119357
110559
117665
108191
91736
90834
94582
119959
93326
120155
92889
120050
100467
99405
117412
103219
117583
98400
119037
112629
114720
121382
96125
103551
96482
100928
100498
93337
98573
109009
116257
103070
121184
102195
90992
100819
90333
107241
120388
107255
118549
98517
115526
116507
107429
113067
100779
91316
110337
116902
111124
111343
104560
102778
115891
114500
99672
96905
117424
96590
116156
96089
97995
110810
109059
104262
94530
113214
91643
93300
107253
109804
107805
89864
121800
94278
111635
114840
114761
101044
90999
111583
92819
91892
100318
113846
100978
99250
113429
101440
118983
115033
115370
89444
109102
115240
114606
95616
101599
102536
101306
105819
89554
98205
91952
108124
110887
96795
122051
118778
92612
111451
97850
106868
97344
93870
89712
101314
121088
119025
93344
92107
115103
94305
103647
107736
101779
104113
117226
113481
107022
92506
121890
112519
106787
93235
115157
94521
103466
102977
111807
115387
103781
118992
116945
120011
113892
92354
90161
119430
119973
121384
106625
104852
104448
112143
118116
113311
98882
115356
109630
89609
94361
107868
120124
90334
105264
100309
103829
114183
108954
92769
116495
104385
91764
104764
114884
95566
120390
96219
116006
100586
112043
104063
102721
102913
107186
116235
94528
110495
95619
106002
97843
112424
101446
108853
92431
90953
101952
109484
95990
93998
92735
112674
103097
94710
103481
100038
104348
101988
116272
115359
112985
117463
116824
114975
109927
107900
99452
120828
96635
112834
92318
116027
101200
99342
122078
89486
97700
109745
118941
95455
110211
117527
107233
111917
101063
104512
92667
120727
111328
102260
89704
95158
122065
120883
93430
121136
104315
101484
111655
108426
119582
110319
94426
104510
119581
91683
106024
110350
93441
118524
117901
115863
112833
97320
95304
106281
104001
95625
116484
101846
109592
117736
115895
113097
115606
103656
104395
106970
108038
90936
97404
95327
89904
102157
112513
113476
100642
90832
90094
101982
99632
98323
98393
114684
116282
102602
119611
112575
102445
104632
106138
94124
118988
97063
94949
116608
95665
100572
119072
107075
91022
109130
97344
98848
94905
96774
96729
104052
103656
91003
99830
94245
100409
104927
97864
118837
113525
97126
100484
115863
116629
111797
96262
100161
107141
112793
112314
119682
93993
90105
111932
107926
102046
116233
108094
104568
120514
111809
100651
120311
102902
112014
116745
118028
109602
105031
93348
107115
110842
103010
110825
102232
98176
106600
93840
107196
120522
99238
111102
104568
106502
92710
95337
113401
104891
98013
115005
99084
116818
108582
117438
92660
118740
100975
111087
106939
105205
107314
99763
108485
95058
102440
113971
91563
93943
120505
110975
119878
120612
114614
121464
120073
93265
105290
119533
112020
109423
98606
92164
102791
96369
90397
112604
99988
119307
96136
107376
93913
94905
96906
104383
103788
99076
103198
94762
104759
114945
95888
99357
94726
114970
111665
96753
117726
109584
101199
108817
109713
106049
122212
100700
104335
101415
102542
122315
107519
118818
95807
118868
112910
116087
100918
99598
91271
103576
105902
92309
98213
103590
115413
114096
103973
91700
101503
110129
115614
109390
95772
90909
97045
98489
100327
92173
93388
105597
101217
122324
97884
112033
91134
114786
100611
104758
90142
115689
119359
102551
103998
101694
94876
97518
107120
117121
106186
117754
120840
92416
100082
109072
113561
98649
114762
103776
121120
105183
93416
112250
117374
93503
103892
107025
98860
118628
93024
92158
110122
89751
90044
103303
116536
106731
118725
98530
106569
108248
110110
109557
100917
94246
91266
121952
90030
104460
89944
119485
101749
101530
96136
121638
92877
120148
110222
92408
95793
109856
94413
106455
117314
95074
119333
93683
89859
112741
96455
105353
93000
92413
109128
95148
96876
122218
110325
92741
100931
118656
98151
90969
116047
97285
94295
98186
109879
95067
118963
102881
117108
122206
110064
107210
110158
111760
111267
107616
94215
113780
119627
113643
120406
112439
114033
115879
91159
106133
113908
94152
100160
91131
101278
107962
99607
97257
114426
101549
95906
112795
116842
120913
92511
112616
113524
116446
96310
92266
118365
94040
94380
92639
116985
115985
120921
117967
120257
95343
91804
95600
92454
97519
116365
107974
111397
109674
111923
94990
118556
90008
118776
109149
107996
109522
108377
92293
112127
120348
92642
92472
112252
113506
113498
119152
116600
101890
101435
96525
107871
101515
99685
96192
102964
103876
121874
96553
92453
114161
107021
105532
102499
117073
91679
90601
113968
110571
112842
93948
114234
102027
92474
107842
114727
108807
102009
120813
114801
90566
110818
106297
107124
117379
108504
102224
105157
111183
98232
120427
91334
120021
97291
99899
95863
102114
100865
101511
108175
113701
112411
106262
96460
107059
98343
106191
99463
101581
101489
112159
108939
98150
108856
112283
100135
106464
104799
96743
92546
114327
101733
117206
106799
106400
120727
103378
96513
92499
110724
93055
114209
121862
106418
106651
101981
112412
121999
93225
90307
94015
113578
96462
97391
104937
97315
117371
119201
111145
100705
117068
92435
105124
99586
95152
122249
98522
109848
97227
103337
99754
94866
119832
107533
118552
119800
94035
109463
91983
118876
112534
95748
101602
99981
98498
112324
120919
119949
96800
115721
121574
101189
90952
100383
105086
100984
100418
105723
102153
121078
116972
116246
99569
101650
110491
113788
100579
104789
121605
98591
114899
119156
114527
108914
120384
113536
99010
121395
120249
98653
96467
91272
108448
104053
98723
112974
99886
91565
118740
108206
103607
105369
121342
103409
97327
90347
97104
110485
110830
104754
100219
115616
116144
96705
120267
107572
94176
101612
100247
93284
106774
95611
101852
97606
121310
99928
111141
95049
104891
98955
108206
99785
102507
104808
90568
99553
95341
94983
116863
92545
107201
90357
93307
109504
93167
100137
90404
119667
111178
102714
93194
95998
114038
116687
103555
105578
91944
105046
120470
110776
99629
94457
97559
100725
111790
121549
91924
107663
92850
93261
113776
105063
93668
90632
120270
95783
105879
121750
121776
92246
109063
115408
90336
100266
106977
111425
97296
103453
96518
95703
107709
94274
93324
91358
120665
115930
92166
117807
115880
98979
118790
104869
102507
112240
120288
94673
90940
91006
112816
97519
119737
120838
104350
98328
92900
110607
112992
104121
116682
96902
93441
106563
108131
111760
92129
112164
118202
102175
115966
114167
108877
111300
100721
93175
102839
95684
119356
117178
100492
112749
102210
103708
93061
121770
94103
101241
90845
99798
90874
95519
102138
109006
119968
99586
112976
99402
99124
90290
101507
99181
104987
91275
104395
117914
94204
96299
106909
119946
102016
100138
101768
114075
91990
94725
121181
94315
121467
101210
95634
107174
94648
95579
97512
114716
95596
95101
102220
92695
114315
99440
119803
98539
92647
120916
91882
93134
118958
96042
111973
103146
92724
109448
101878
114609
97011
99729
92040
120689
111825
100901
107468
107560
109729
90709
119004
106393
116971
106266
110111
95391
101872
91462
96364
109250
92905
103866
115058
110600
93328
116186
120407
111885
96481
105534
96671
102230
96290
91562
95312
103907
102177
95809
115283
109571
118461
109301
122398
93805
97447
106306
94096
112267
121194
92956
90652
92185
100265
97574
108074
113903
96424
91428
106938
99099
98831
107187
103499
98611
98538
117816
94715
95466
110067
107030
96751
122848
100116
90660
101365
104127
94760
94046
98664
116355
97538
106970
101717
91161
122544
119550
92123
113196
105984
96753
116952
100668
98628
93263
95682
93680
109395
104225
91858
98733
100816
115724
116584
92519
96431
114376
120235
116407
114420
93908
91503
114478
116926
113000
100957
101866
115333
114604
109901
119654
96672
118055
102647
104342
108042
100986
100811
111156
98661
116814
93469
101717
118591
95883
97157
95807
113301
105418
117382
94334
109717
123150
94573
114485
98472
99758
97660
104627
113072
118678
94536
112710
105614
117680
119648
115284
119784
94876
102447
110247
98601
99751
111396
109833
122569
112635
113424
112657
120782
96275
101839
117308
112787
93554
118570
92479
122056
97941
106236
97180
97978
95014
98964
105588
101332
99954
97627
90524
107110
97821
105654
116723
105638
104724
97070
113138
118005
92868
97999
91268
118627
95882
120525
118296
103540
106346
97390
91125
100645
114691
113443
94670
98346
97986
99320
112535
114810
111191
102447
102807
122125
92773
104232
91837
113124
94334
105349
119095
90699
120142
103307
111937
103515
122390
94410
113211
107970
91741
117504
121343
107975
100834
111163
96881
123016
109268
93246
116056
108422
108613
106790
111212
99172
121053
113485
96175
111340
105931
97903
119809
105299
107009
104971
92143
101822
104865
113420
102605
99844
103858
123049
96772
116406
114712
96394
121004
95837
103363
99884
99678
107010
91430
121222
92227
116980
118507
104685
93041
120261
120549
107061
92024
108694
122694
100121
114231
104084
112658
108764
104437
99011
91347
112433
95917
95227
92815
104025
103336
117808
113143
94347
113489
99574
100833
95896
105286
103747
112120
103375
112299
91255
95666
104734
95427
93851
98179
107387
97729
97766
93265
115074
121307
105862
93991
105568
100001
108957
111917
108527
95885
106633
98776
106018
110299
104808
121694
117156
96154
99291
121709
91068
119300
103691
96284
100724
108811
99818
121122
101370
94260
100028
101701
106566
107688
101333
111638
111101
91273
120740
94172
122262
102530
91632
111566
120251
109474
105570
115333
112626
93546
91204
94384
103548
113188
102792
98314
109949
95607
113420
108169
110942
90937
92188
103896
95344
100996
112441
104200
93650
118540
123416
102019
97172
111791
115438
97345
111132
98638
114411
117822
113353
110812
113156
101163
99799
94132
96246
119651
119683
102192
102024
99874
120943
108663
118032
107761
98631
123286
113976
122725
104869
100563
106754
108809
121394
96829
102922
93081
107023
99208
108044
108913
122739
113176
113829
107588
93077
96092
121438
121873
122316
94045
111846
96851
104948
103831
119967
97657
106005
115719
94044
112789
119615
120965
122986
97112
91576
113748
123341
95806
92250
100856
92875
110342
116534
116039
120751
104805
118141
121283
114375
108539
115361
119591
104111
92550
90807
99392
102865
99926
112160
102398
119597
111105
101480
100555
122966
91479
106094
104987
95421
95384
105413
94277
105010
120293
108379
119441
109224
109557
100184
107410
106297
92425
101449
113590
118890
106018
95102
119323
101295
117361
116912
92068
107058
114447
101096
92237
120016
92910
104603
95931
115044
107280
108314
103960
111945
113398
117034
108061
100634
98652
116974
91504
92604
95523
121102
93745
111263
116367
123154
123087
113984
96434
92431
110881
117235
112424
92294
117170
91615
111621
97417
96604
94794
107020
117023
122648
110871
106274
100842
116756
96908
107266
103943
111622
98393
116273
121654
95169
115158
95541
103483
103941
103821
91138
114308
104092
93176
120245
103179
99234
110476
101508
99966
101669
91638
95733
103582
111342
95908
91983
121573
99485
113287
97870
116331
108540
112919
96795
121098
104845
112280
106619
117184
121701
96156
99143
99414
99901
122314
113180
117823
94407
115165
91219
100035
123198
110320
100148
94301
97601
123640
105574
115041
93153
112786
91306
99809
122361
122367
119498
109778
94398
97644
107211
103019
106134
113271
94570
100814
111150
108784
92103
109034
94150
106716
118619
123296
92368
103360
107055
104228
110010
116508
93008
120487
119304
104501
101246
119859
95909
109847
112164
115926
118395
112347
113293
119554
119105
108838
93524
111156
102548
101106
116252
103892
90954
115857
99714
102236
121603
102126
96080
104381
112640
92183
107763
116735
118585
110840
101424
99623
104105
120937
110098
107357
117741
112492
100903
115790
92429
98991
121324
95440
121754
95577
106629
118212
111097
104707
123569
105537
111358
118531
105214
120047
103357
98033
114233
120496
114588
101988
91177
114822
91821
99837
92285
122545
116283
100263
104450
94999
122787
96796
114201
122089
102757
101804
108137
91012
116347
97850
91857
108693
110570
112263
99744
99713
113814
112819
118793
120836
115546
94208
95441
98840
103256
118746
112459
106776
122510
91156
118406
114725
111275
112245
115909
100809
95264
109939
92975
113882
102265
116798
112072
92321
120046
121856
103328
111676
111157
112227
104267
111937
114331
117077
99216
104868
118099
115720
102501
108763
96782
113980
97308
122943
91084
119488
113879
110262
100849
123446
91713
103311
98203
114456
104320
107693
92467
100856
99685
114664
96322
101644
95462
93104
121222
115177
113103
109299
117062
91279
101812
116801
115170
112550
119594
121903
96430
122375
104759
103161
105728
93566
94982
95595
101768
106190
96223
112897
96224
114422
98135
121677
104036
116147
93636
101529
98372
111942
107764
110030
114648
108407
93471
91540
107315
109530
92697
102587
97018
121681
94412
102874
113527
115922
119014
115765
111593
104299
91855
103908
118814
109955
100830
101682
104516
122210
109260
113988
123645
111348
112233
93691
93617
95945
102541
97050
118568
108129
113490
110252
96344
115111
97920
105120
112507
102843
107337
112055
94565
118004
104503
114592
99605
113702
102754
110689
101770
116000
96486
112376
95704
97913
115604
101186
103290
110733
97768
104221
113386
92098
107835
113353
98927
97296
106810
110741
108342
111040
94615
119735
116901
120691
123903
118395
93676
99687
91723
95136
100829
123382
116986
116478
94461
102239
99807
96621
95707
108233
122647
121827
106400
91269
92734
101852
110312
92564
121826
92927
91344
112233
108344
97278
114768
115439
116238
93886
107980
120782
113921
121272
107749
101611
110576
118431
118933
102701
105137
98370
122235
106375
98818
98229
96883
116019
110786
119979
104298
122171
120161
95527
102001
91454
103317
122964
123663
102257
122446
123056
101340
112100
110061
113008
96843
103175
91824
115489
120008
123756
99185
113547
104195
120014
120977
117978
101515
91731
99119
102400
121246
105998
120989
101973
99904
112584
92692
99968
114570
110848
94374
96411
115525
120368
111989
114066
108983
111954
117283
110028
98749
104867
107913
105230
95002
95399
96428
106908
121615
120941
118764
103585
104236
91924
119935
100816
94821
121742
115230
116812
92264
102308
91390
106181
111406
107322
111618
91364
120528
108757
121647
109546
106397
97114
117344
123540
116329
106777
105531
94273
110375
122889
92515
101206
95675
91989
121839
118498
113929
111128
104220
119678
95314
100197
116542
118648
100032
113547
93693
98864
108863
104087
114365
93889
113295
99354
106334
109028
92567
94252
106790
114450
103933
95664
99835
94441
106227
115162
107990
121041
103508
119023
116852
109023
97775
92236
116559
105210
109859
94634
101324
113724
117932
105376
114102
113562
107196
123753
112107
122056
112973
93160
100693
108631
123062
116201
114716
103969
114813
101802
101658
112358
92781
98714
104848
106807
107496
95840
112919
107923
121214
117791
104921
101841
94398
116985
115968
93117
93259
97490
99183
113414
103987
102998
96944
121432
107645
110909
103982
106437
101377
120269
102565
101481
95613
115105
111062
123726
100580
92586
103551
108429
99065
99699
100490
116150
117021
107433
91525
93298
94053
92122
123218
120935
124144
120189
114464
104284
113272
117811
92826
99998
112422
104780
119645
102562
110507
115341
105648
93675
119692
93744
95599
93486
124093
101421
109641
100021
101746
107704
119852
114433
116786
94219
101628
105651
101933
105317
115851
112045
114639
122707
99270
104308
97173
117550
105516
102104
120608
92645
117125
103128
110216
107516
105424
120512
97778
99029
114045
116628
96613
112943
92636
96433
120537
103660
108502
115634
97937
114199
105691
106385
103851
91941
101403
94990
104182
119419
120313
91733
93699
119089
101308
96219
116863
106262
93064
120969
102847
114676
120974
119580
117917
115221
107391
115404
114563
100869
112454
122155
108229
101274
97782
119633
123188
103474
102913
101942
117488
100924
102316
100959
113277
116218
105151
104125
119833
92036
93313
96978
108365
118289
97763
116757
117443
103538
107004
121496
92759
112351
107701
117992
97136
116214
115142
123700
101265
117505
100321
111026
122155
115064
97324
98879
116406
117191
102901
113990
100351
96592
117410
121314
100804
93108
102886
104775
113534
96590
109115
102750
99198
112385
114060
117423
95547
107316
91697
95620
115179
107546
115745
96843
104272
113463
94819
92477
123093
102944
94406
101693
106201
115842
120274
108035
116811
101221
122110
101753
92791
110002
107812
117861
97055
121331
111409
123465
102606
118107
101665
115847
95593
93190
98603
121033
116487
110209
93496
93856
105218
100493
105114
97388
120655
109856
98811
107387
112138
119725
101267
114549
108373
123557
106399
99575
99683
107326
105230
95102
118480
123507
97405
106119
121652
107340
122213
102900
114167
116319
101267
120242
117607
117399
120537
119961
95239
101172
91908
109203
92714
106259
110093
105985
116161
113968
117396
116826
105074
117353
93833
111125
111594
95365
106029
124362
93299
97908
121657
114324
119241
106968
102492
95673
101417
108997
119019
111501
113580
109253
114901
108435
114643
97312
112853
93158
105827
120410
97003
112599
95859
113404
101132
107992
116931
100760
98329
102553
124495
124423
123150
117616
121892
119797
123516
113150
113523
109472
104505
101136
96484
117724
94037
105155
120364
109915
99409
114668
100834
113451
108940
100534
104846
103552
111102
109197
104964
105396
119848
108859
117232
95884
112971
96593
113329
123837
101593
106953
97131
100782
106537
106729
96855
107136
95854
104555
102494
108876
117994
99546
92903
93355
95071
99391
116717
109180
100551
94205
112724
104673
94276
118266
121981
98443
103002
122111
118552
117816
114268
114786
111161
110969
114724
102114
103086
120505
97799
116946
103825
105083
111369
96634
107545
122851
104780
100282
100789
99448
104655
96752
112732
123688
118357
110876
108318
100493
97954
122690
98048
97390
117229
113936
100870
115849
111507
115393
104593
99471
119305
92225
119019
122737
113428
110738
105761
97754
98364
99438
109329
122364
118654
106542
111299
118928
101441
104682
95997
116504
95371
113890
111633
120680
108149
119580
94458
104548
104924
97871
124583
113675
123482
116480
94615
101045
118132
102635
115110
107416
110869
98212
113703
108177
97852
102014
115762
109346
93169
122796
122175
108727
118397
100006
121844
111661
93914
119247
104764
112276
95849
120660
121753
98612
115427
117079
92859
123599
112274
120141
98641
107046
121025
103076
102687
98750
121457
115881
101713
110820
119629
95146
110351
118255
117472
106839
92241
122309
123398
105582
96501
122017
110752
112536
121359
117779
109452
92046
95104
123464
108245
101503
118730
114315
116774
92854
115234
116492
97669
104056
111303
103392
117821
120619
99731
101194
101404
116158
118479
103225
123615
109124
117324
97297
103403
122082
116911
100526
96318
110060
100109
112551
111268
104779
107704
111055
95278
117026
109400
98818
124128
109489
122173
96798
99498
106617
114163
92495
104602
98464
100631
100240
96335
99992
101226
113262
118705
121084
102948
104207
108767
113850
124043
116084
119401
111223
97219
108795
95680
99119
93416
94760
94698
98332
112986
97700
118394
96730
96600
107654
121536
111304
103633
123346
118077
118961
97910
94527
96089
102828
107796
117566
123225
116800
102177
107063
123531
123596
119957
115990
100803
98854
92923
101126
92683
123779
96199
109692
106391
106903
105706
109944
106743
102653
95140
113928
110736
113624
108953
110093
98893
114875
95272
93505
92562
104646
118264
104569
107378
100626
111315
105256
102689
115536
118200
95269
95916
96684
118059
100526
102887
92664
119248
108716
105895
107526
109368
108600
103730
102229
120571
111199
117748
95216
95751
112930
109940
101012
109623
108225
113030
120849
106024
111674
102593
120818
98632
100620
107827
113248
94767
100416
123732
112964
99635
93866
124729
116908
116022
108141
102922
108144
103619
95165
103350
101653
107866
122601
113893
101873
96519
98200
109871
120464
107065
101714
110987
124247
112082
121155
124682
94567
107387
103740
95685
100805
92218
101371
96275
110519
118598
110252
123392
94321
111898
105392
97531
115184
98504
98972
117711
108327
116624
100741
92885
122713
118449
104315
114791
107718
122751
108627
102807
114313
106934
101802
118561
92609
94222
114982
110239
122351
121615
109567
123900
94367
118311
100286
102187
105547
101114
113733
111129
93820
93945
122640
115424
106802
112438
112570
110141
123782
112246
93635
122436
103822
110984
115600
104786
97153
120278
98995
118084
109595
97850
97645
105190
114243
113171
117105
112046
96748
117399
104427
93099
102457
100971
118465
92600
106212
95089
116505
102389
99040
112353
120091
92792
114237
105371
97528
107071
95565
104123
96555
96873
116485
119406
95743
109990
99493
104197
108113
114669
101532
117320
103831
104557
117925
96525
121633
96197
110391
106249
103071
106103
96284
106725
114148
112538
119903
109716
95209
121808
106860
95205
98581
114808
110451
95572
122043
124709
99085
116518
104421
123214
121378
104629
108880
97351
96266
122376
113335
92527
97522
121254
121684
112300
117890
96428
113573
109332
116669
111902
120428
121837
122408
94843
109305
101848
113198
100500
93355
112201
101571
94365
117685
110906
113736
116869
113438
98081
96942
106627
120844
106271
100063
116466
120385
121210
105817
99934
103910
101965
121884
100831
116359
121982
105927
121765
113504
111857
102398
111061
120023
110075
100622
97684
107337
109338
123092
94304
108297
109795
119003
93095
119206
122171
106436
102034
109677
109514
105451
120354
116783
102061
108871
99199
121413
113515
124562
113805
109264
93227
109994
105151
112709
99620
95032
105520
111658
110164
117135
109296
113946
111989
101079
110235
96783
117805
93802
121905
96993
95877
101758
112673
98825
114076
105221
97959
105387
96925
119505
124504
107988
118254
123900
94460
110080
104106
121479
114331
116703
97874
117825
104155
115032
93375
117994
105609
120783
96347
93593
122741
119459
108177
117595
114819
108283
102530
94493
121855
100547
114682
102604
93745
101617
120994
120762
124465
114957
123255
123460
105213
121840
115322
103090
120521
93132
117417
118622
109718
107884
119343
93209
117766
112829
117976
115402
116591
118414
123079
114520
98350
103316
120171
123594
109886
95409
93871
98733
110601
94325
100465
115126
109437
106982
99894
105129
102755
125052
92956
122489
104940
119152
110096
101553
121229
108087
106048
95506
125197
115785
93139
93566
119773
107046
108760
106261
114855
107931
120445
110237
100393
110401
119426
115751
110148
98120
112877
112111
94544
120690
101886
121477
123827
97890
115813
116266
115634
100375
95155
96125
99719
100276
119567
112471
115635
102018
117802
110579
100757
105527
113269
98130
109628
124025
109201
116957
107898
101790
110086
100941
107833
117942
104249
112584
118034
99019
111000
123724
117276
114535
117272
95057
114946
117847
105441
109738
114777
108207
95559
103341
109872
100622
108797
125075
122344
92963
106373
115490
120646
105072
105707
102793
122822
118862
102067
97931
122162
125234
95760
99039
110708
106798
115287
107991
99241
96699
110514
110913
114294
109749
97817
121995
103583
118951
103550
111402
123605
102985
123976
113211
118224
108359
106755
104811
120734
122436
106582
117525
122683
94239
95797
104363
114273
95861
106839
122967
96673
109415
121835
97506
112307
120477
124039
110804
93451
101258
119649
97245
99500
105714
118721
117107
120641
125354
113078
115645
116586
124576
105481
118192
123476
100891
96879
125048
114572
97347
118786
100377
103189
110819
119282
105302
107960
118382
117368
117458
108443
99904
106508
111477
102677
115239
122072
106513
99777
117538
117356
99909
93649
118120
95667
117410
113061
122284
110374
102413
99229
123808
121663
104036
99371
101816
108337
93285
101420
111152
95702
96459
96632
115024
104681
106169
121271
109807
109173
98652
110455
125238
105101
109261
101756
92838
116030
105012
97367
116060
107714
97587
122427
119188
95222
104578
115979
96621
120079
107478
93879
103404
118920
105736
121801
94530
114782
120435
111675
97362
97152
115870
93836
103790
120193
118555
93459
100961
116369
108718
99730
118707
118699
94898
108302
122664
93968
110521
102878
122762
112883
117107
120323
96680
125046
110033
101303
97951
97493
116585
96840
115544
112353
120093
106791
120146
101041
124151
120636
93346
121236
95832
95357
114488
100425
100178
113087
104803
116083
102738
92876
122776
103495
112898
118453
122223
94088
111981
100970
99822
104629
111205
100743
100618
124801
111137
125297
123499
109955
111147
105122
116080
98863
104314
109633
100979
101125
107994
95734
98638
103432
99989
103420
118045
101490
107084
125304
109894
113574
119334
105737
120759
115302
109613
115616
116847
113734
93940
109970
109120
103776
118909
100843
113875
125002
111707
119814
121836
96325
101652
114522
101359
105399
93385
103831
110500
109276
100633
113394
117559
116408
112194
117948
96387
101456
105865
101946
94351
100377
111325
104369
118361
97713
110007
97216
93907
120781
100676
120562
102956
119923
118726
97684
107088
115049
111928
113604
115378
122093
116016
121803
101705
110246
108554
124589
106712
93403
115523
119550
124019
115171
112931
103926
107583
99804
101279
117448
93049
114848
124541
123952
114618
100341
119993
105547
106873
101892
124200
104108
95697
95245
98907
125100
114052
111960
98758
97281
113985
114287
110113
98195
97058
99466
119055
121483
111993
110923
98302
120236
112332
112299
110670
93926
109342
122677
120501
101160
121456
110194
103906
96887
93320
107940
114784
98877
104945
114870
111038
123363
93763
114548
115437
99745
98213
102136
122345
121749
114575
124772
95387
98067
116949
94679
122623
110141
118497
101017
124034
114131
102975
95129
95406
98124
97888
101146
119560
118053
119959
121513
113209
110969
100456
102994
113261
121554
110850
115731
120569
119615
111626
95121
108352
109990
101786
118282
98007
105820
121226
106123
123111
109555
98798
119395
115411
98643
112351
106967
123419
94732
103295
110871
110977
116715
103479
114033
106858
96460
115267
109253
116614
114606
112753
99641
108979
117773
124197
117549
110623
97132
109985
103282
98989
119089
120451
123830
120219
106677
120207
117571
125281
105884
94383
103914
115164
116322
118328
109369
121003
122167
121455
93685
118490
123661
108108
110532
123325
116975
107390
101673
108319
117652
123310
116149
119965
109876
110856
124028
104012
115098
118264
117959
112802
98427
96817
98056
108947
102918
108276
109075
103674
100796
103567
121994
106555
115586
101156
125593
100646
104180
102571
121828
109599
120061
114746
95678
111996
115620
108164
112028
98863
101417
116641
118729
95141
118609
111117
99931
113390
119806
115442
93285
122653
99330
98218
125294
99058
109365
108671
102690
110006
109766
125110
107336
105319
107214
116685
116724
120853
105515
114688
121854
109196
93323
106002
123314
102963
115399
101961
125385
121908
96627
96955
100505
103389
120243
106184
109448
119367
108623
95208
123590
110901
99594
121767
95036
124222
99376
109293
115903
115503
115311
96899
98442
111787
103143
123091
95211
122900
104324
96495
101180
100271
111500
121557
96533
123906
101492
125170
122304
97665
101624
104164
99053
117098
106091
101764
98215
101870
101451
118820
120967
119185
116248
116501
94248
121299
95078
119661
121818
97552
101938
118790
94363
117669
96114
107466
105539
119892
113135
117038
122622
100330
94039
93949
96511
98334
97166
104023
106611
110013
102982
119289
119732
111108
113359
101055
105408
124749
116272
93542
119529
122095
125814
124311
115662
117343
97868
117281
111753
114075
95180
106119
111146
100552
108949
101818
110693
111385
107294
98855
119175
94452
110922
98036
125614
124752
112700
106119
104506
114274
100204
121417
95871
116600
96250
98217
119484
113189
116035
95843
125009
117918
119731
113666
97836
109412
121306
112803
96389
103459
106433
119037
111307
104410
116862
121246
112094
116797
121350
118647
106110
119896
96067
96667
116740
120948
98406
120900
102223
124222
101759
99607
115202
98854
96074
125097
101869
110342
123468
125249
99528
108804
98335
95968
100391
95929
97035
104574
111018
98195
114646
122519
101236
111223
104924
122598
109791
98219
120162
105841
102254
109044
121895
100037
110596
111355
98364
122755
118867
124661
125206
118043
126102
117635
120546
121816
113027
95703
110616
108061
114299
101401
101715
98542
122885
95753
112480
119217
93818
98533
117652
94518
101634
96909
96867
114678
99518
100325
103471
118680
120903
113275
120926
116154
109400
108906
113327
121837
119495
102782
103118
106753
106682
114840
125478
122756
114967
118868
121846
118149
113212
95210
113575
125341
124401
122194
95581
108849
95898
97708
122060
121841
122034
107742
122445
125092
106612
115839
116272
116520
99291
121332
102996
121780
98509
115672
98806
104289
96147
100002
120775
98793
106893
115841
98881
102574
105508
126091
106042
93950
106495
124183
100282
105365
112762
111975
126218
98147
102228
94859
104461
123280
106663
95105
123347
122046
125726
102561
99436
113038
94306
94777
114426
119397
104917
111220
98314
124016
120195
120448
100901
94693
98134
123631
116385
104844
125577
102238
113341
100223
106334
122197
119534
123694
106772
104047
96371
122533
118803
95675
107823
117522
113771
98401
125368
120449
97404
119177
104876
120555
121846
122232
102980
116335
96005
94204
118571
120031
103877
125451
115088
111230
121852
98983
105850
96264
106760
102148
102747
118771
99350
103917
105449
115957
102549
111204
95273
121286
100075
100745
112588
118311
105830
120765
119743
111907
118133
121094
121598
114837
98584
102581
114601
124394
111765
111687
107097
114728
122989
114058
109492
119599
114574
124929
107583
103488
116170
105864
114292
121787
121480
103995
116501
107565
109497
110485
110527
113289
109838
114389
108482
115638
104296
123558
112432
113482
97425
104446
102452
118678
115497
104007
101029
114402
106211
112317
97755
104953
121073
125719
126146
102377
97468
100201
112684
108292
113881
123721
117612
100138
107576
103985
96032
112971
124831
119588
93774
98343
125783
108436
104883
110168
119078
106884
111959
105875
107133
106730
126053
109355
125681
120919
124730
122326
120559
114905
98236
104628
109228
99617
102381
98189
107868
108513
102080
94299
107684
125304
93995
112136
105553
110801
95613
120952
112202
97160
95986
110026
110275
104783
112516
102619
114868
112273
121349
123148
112266
96853
104043
110406
95004
113508
109163
113723
100064
102574
112713
109550
107871
114922
100334
103029
102118
120189
122427
114173
115327
119965
122525
123408
101407
124598
109281
100371
115489
125708
111946
125203
118003
114595
96481
103617
112656
114780
101389
100794
99118
115040
115043
107276
124088
100545
117439
98038
108158
101215
103060
115440
125356
94473
114560
123115
124664
107493
103972
115162
98080
93970
109874
96625
110484
94347
108487
124717
114543
123471
125436
125076
112812
97983
97208
98494
98711
99399
101832
104724
109185
105536
120113
114520
115640
108821
110788
99558
118711
114597
118004
123705
107929
118761
113125
117168
120788
114903
108485
112786
95011
99206
114015
101713
108996
123282
113901
123915
114404
101058
125742
111190
116312
108008
126137
98109
101517
125193
101777
121990
113346
97470
108281
99639
101236
110298
104330
116056
107290
112717
98690
102137
123155
105033
115551
122999
113885
120483
122541
122876
99207
100219
114972
118853
100713
104991
107477
115368
107538
110893
95502
109141
98434
94712
98268
111836
108954
114989
116297
101359
119504
111287
115111
124009
113447
110815
97572
97936
113759
106168
114334
97175
121448
96698
111032
109672
124701
114349
117037
114080
101935
103881
117348
124122
122207
100891
112453
95024
105713
118826
100940
94463
101469
122843
96475
108267
120647
124306
110549
112675
120497
118426
114280
111078
94832
95431
107306
111687
112348
109913
110440
104493
94924
114468
111802
112285
94658
99310
110811
111932
108130
112921
125880
97295
121129
115586
113607
112774
110427
125608
124058
102841
106045
118545
115636
94705
106117
106473
114587
100714
111631
119789
109871
126551
105937
125319
106297
97831
115217
94778
119879
123911
109269
126273
112312
125096
108188
111987
107283
94018
123211
99946
125085
115673
100714
122084
112682
106175
120208
112233
95539
98650
97820
95279
105769
118823
98086
124218
112905
118271
112310
113607
101681
122009
111411
94699
97138
108113
116254
123256
117606
103719
110336
103200
118019
113419
94880
100573
100721
102232
111226
100240
95769
107934
104557
107496
122367
115108
109236
104069
95569
126125
105495
105309
117568
94203
126050
122975
101902
120978
126231
116567
120168
124990
97888
98066
124663
104407
104519
112578
108850
102084
95273
95907
112758
111550
125544
117983
119384
113366
120929
95664
101178
119994
107166
106436
98844
123700
108364
124389
100021
120563
111855
113369
124354
105102
121172
117895
118687
110278
105671
107100
101652
121868
97671
97005
95857
105795
114551
109790
123101
108486
123926
102146
95723
111789
122545
109507
108910
126796
121048
115653
115087
109821
105230
123846
107804
119328
126404
102857
123939
100447
99977
120179
110272
109111
120187
106421
110131
100275
116481
120235
95285
125051
118204
99012
95373
126734
116922
95780
113886
115020
104941
118598
122563
105015
98524
114150
114717
108794
101785
96542
116140
123179
114675
111055
101341
106573
108268
99394
106979
117913
103534
109839
97033
119038
112953
99646
100935
105062
113952
100781
113683
96827
108405
94641
115321
102953
109506
104704
124782
109862
110265
114895
121186
108976
104302
126007
108052
121174
114884
121821
120746
96634
106277
126162
124929
108885
126583
122552
97858
98620
97355
116007
109238
110369
123479
108623
103643
113756
116006
104670
118711
123052
125710
113444
116844
99960
114531
101748
99085
123995
103914
126414
104880
118752
115344
107196
111044
109962
121180
125818
121765
107032
109219
121689
102510
125190
118651
99429
115215
95319
121457
111942
111007
113042
98431
118372
98291
118795
118328
94799
109679
115811
113990
103773
95772
116050
114198
110741
119547
101796
100818
105419
94617
110466
118928
119565
96484
107763
104393
109374
96829
117155
122124
113153
117198
106978
119027
95449
110878
103151
114263
117646
110562
94327
94656
115154
114455
99161
111903
117796
117325
126380
111552
95221
119622
102403
121466
100105
95167
119791
100393
120353
110990
98246
107102
116439
121069
96163
123476
113865
119062
102318
126502
105977
106256
119710
102976
95860
101064
124796
110355
98098
105059
124329
110350
101438
120787
122402
104649
108054
103592
121603
102787
119381
106537
101962
123854
118671
107428
101598
122505
116861
104706
113360
106511
115290
102302
117984
106926
117388
111448
99139
104283
108423
117221
98723
96163
102639
105065
125032
114661
111356
95047
103222
116927
98595
115255
106678
114374
105459
94874
108442
103290
118333
99851
113883
96889
124279
105271
110405
116466
125282
120558
105526
114013
95979
123770
115107
109929
115279
96815
110939
124982
99459
109379
117136
124613
120787
120800
104083
111789
116681
103032
98783
94991
104528
121177
94809
100299
100377
122753
115158
118004
102974
120755
109534
119938
95014
95690
104880
103495
95400
105038
126853
101925
116083
121925
114457
116861
122797
124235
99176
109290
115418
119781
117173
103216
99584
104467
125905
112239
98056
97828
114586
107165
104552
121806
122818
95282
95743
103294
94674
103461
102464
123373
101742
102936
95379
109044
108762
126672
112120
111265
110269
125671
119022
101258
106789
110021
99987
101217
126412
121036
94988
105673
120730
121555
123687
118120
104810
104406
109887
119614
108049
112875
102753
97333
108956
112760
124076
113657
110554
97956
101374
117769
103451
107019
100813
102927
106038
106678
107346
114797
127185
107850
123117
124184
109788
109695
126405
121513
126559
106196
105135
118705
99958
111234
100433
120909
104089
108974
113799
114171
94497
114914
108293
98732
123656
123326
121150
115739
117489
126443
95621
100444
106856
112209
104818
99512
120426
94858
116616
95672
108584
117910
103444
108416
120584
120016
104792
108894
121581
94752
95977
122787
97720
107123
122966
124850
98063
106344
98058
98902
107869
113484
109428
96345
122905
100937
115045
109906
122700
109530
103353
119998
115789
116866
115513
97618
118735
104382
97472
124560
110878
98872
123549
119961
121510
111677
107833
120386
98229
111729
102138
110953
106370
119490
100198
125322
115053
99226
119180
103565
116360
97113
100767
94690
95319
105986
108005
96208
105684
104244
97999
117514
100278
110173
107114
119940
98547
109354
95990
125316
110724
122434
127187
113148
106344
107059
122789
96535
101867
125100
104112
95250
98088
108526
95364
101197
105933
113789
101855
115106
122398
103195
98255
120309
98621
110326
109847
105228
122280
122913
125652
98721
102659
114241
122976
100534
98072
113545
106103
100393
115228
123880
111000
100744
127027
105600
111534
107302
121399
96091
106736
100719
108469
126809
95238
117368
95289
106605
118125
124891
119244
118793
109084
115393
119994
121303
126312
101952
101529
119978
115237
113640
102022
99252
104206
104088
95410
124921
113255
98198
96030
99843
121056
98783
98722
111576
123837
110524
125748
99113
107060
97942
111207
105420
94742
103691
123698
105069
97202
114498
100851
116608
122103
97659
120755
113273
102360
123114
121772
113984
102389
109253
95752
99295
99191
123292
124908
101502
125755
119017
107701
113554
106036
108264
116866
100433
103434
107688
120818
118121
115463
103522
109871
102897
103732
96779
112171
122528
112831
111141
124969
95037
118688
94938
101504
127062
115324
123723
117403
117045
113354
113958
103237
102928
100404
109686
119075
97920
95552
123328
98946
107572
118575
100939
106580
120295
107814
107199
95860
109199
98955
120818
119090
99544
108722
125438
107531
110288
101305
116119
101816
122340
104112
116635
122219
111371
97021
122603
97621
101185
102143
98426
124523
111671
98290
106915
98666
121161
121619
109760
104728
113840
111108
107512
115149
102649
122481
124504
121395
100021
108788
117541
100682
123507
120630
100209
122287
110315
124248
102893
127517
122748
126609
96510
113460
95961
100632
122643
123513
99839
104772
102709
119455
104298
122865
125920
121093
121480
116775
98833
98431
107374
112630
113312
100697
103114
125092
120784
107161
96792
100875
105765
116869
118809
111932
100213
126053
117121
127592
117570
117130
125424
120321
101703
101263
106788
96540
100689
109023
116845
119066
105296
105591
103521
109191
122542
118254
118480
117570
120799
126642
126203
98270
121914
101780
120320
104521
109575
104839
126361
104363
94937
110756
112390
105361
107038
122994
107592
114251
121332
113509
124304
96402
119870
124836
118007
116335
99831
101135
105071
103256
125639
112769
115706
111003
110292
115282
101914
123136
109275
103969
100488
108713
124543
99792
115496
100414
103649
106959
118589
115783
114544
100510
123098
119257
103171
118669
107673
107893
99109
125127
105870
125229
112559
109198
106366
122376
96413
121800
112973
126120
101402
125371
107446
108842
113373
109333
100415
118350
126648
119855
111723
95192
106350
98450
101681
99382
98758
95675
120493
111970
109789
99099
107542
100618
108992
107362
99312
104431
106810
115453
113794
109707
105451
118749
109707
127222
100506
95867
107569
111626
97485
110617
117306
100806
123798
99914
123262
117488
102063
110516
98972
112638
122313
125461
105965
115511
127010
112004
121270
116246
103510
120058
106658
108015
125559
112656
95343
109524
126047
111114
121063
103354
118853
107029
125714
104152
96655
127181
96426
95568
125927
100098
109519
115473
95377
106940
106236
97276
97788
108412
126266
107334
115095
123589
103059
127517
117733
116187
110794
121230
100052
105419
101449
121766
114251
117419
120155
98263
119554
101155
102811
124574
102294
112941
113069
114787
119773
107032
122667
109473
100983
95187
126690
114246
105637
110952
123711
114269
120926
118983
97028
118250
97440
124357
116799
101909
122885
97892
109437
97675
124310
103509
102203
103970
111587
112571
96157
126396
123476
120626
113251
122477
102586
117008
127768
96736
105769
96747
100236
117750
125962
123995
118917
110769
95852
112128
113330
115025
103067
116167
95200
105660
109300
114538
96368
102179
120567
108598
103689
122083
101022
106769
110730
111785
118765
100795
127555
101594
114379
125268
104548
127026
108304
114719
103093
97707
106719
108165
112008
106400
96054
122205
104685
114226
106691
111466
96292
127211
113402
123941
107864
95137
113508
119741
124298
123549
117562
117853
116939
98813
98610
106669
119470
103511
126361
120731
100093
99487
109730
116059
110251
124747
127742
112044
125194
104116
116908
101214
122174
126656
124435
96529
106482
125886
124750
112447
106825
110737
117191
121725
112407
112657
124935
111869
104274
112046
124876
119384
120515
125271
118364
103562
114689
125594
110362
127806
104096
110348
108631
120397
105126
118763
107114
108673
122942
119554
99587
100254
118705
96973
120508
112035
123281
123358
97009
110413
125752
124287
98770
101341
102257
107417
114358
100891
108404
102356
104627
126619
112664
123904
117099
104255
116548
126900
97832
124925
107942
101172
102188
95458
98472
111000
115010
101719
118944
99883
116121
101540
96071
117010
125906
103346
107117
98094
113240
102421
116459
119107
123120
111689
116696
124505
113041
116028
105984
114018
117621
123149
103313
117278
99440
107284
124952
121148
105601
117026
127148
98242
120743
114186
100457
104878
104949
109920
124193
105437
98793
99456
107597
113965
97530
99538
107594
113375
100976
117581
97730
113727
106616
127290
110952
104838
124792
109115
122344
100863
114592
99211
102941
97641
115906
108679
102277
107677
115811
118894
102643
126320
121362
112997
125316
95707
108024
119998
102356
113241
119217
100473
125298
99217
120666
109067
125585
120629
114411
104031
122368
127018
116167
101147
125276
98793
107666
107812
106884
117541
124739
108644
115533
113582
101242
95435
124023
110997
121107
117907
110816
102801
108795
118729
100344
114337
101954
119049
102005
111859
103794
124809
100424
117765
101920
123480
102095
123914
103104
98536
96076
98959
115390
103627
97686
107102
123594
127162
100110
113314
120691
116955
102869
115021
110071
124996
107580
109751
108377
122811
118908
112775
96693
102847
106664
127447
113617
114637
98015
118419
110324
97500
126406
119842
121595
108842
107829
102729
110761
121658
124721
126796
108095
121373
106779
106070
98892
101618
109862
106778
116935
99241
116751
113595
97883
97548
102152
117225
112130
101887
104949
114766
105685
118278
99802
122152
96291
109833
99220
117815
117184
120404
114376
115161
102047
115938
110874
119156
117667
126171
112031
99092
122035
106075
127124
126037
113165
99701
122704
118916
108508
125816
107639
101377
99340
105840
124017
118503
108125
105456
116250
125679
100022
96271
125883
112786
105917
98737
96314
120686
111524
109320
128141
118251
102725
116058
108916
117790
116594
97028
115048
103918
98438
109247
116430
120949
102464
100386
119409
126633
112082
107880
97839
121147
115764
117364
126963
126399
107710
113938
102627
98574
124918
122496
115930
102632
120999
115245
112152
110814
116019
106944
100664
114287
127785
119388
101731
106610
127258
106274
113860
103860
113321
109816
106811
120545
123618
117641
127318
102312
112845
120717
96637
127770
105026
102987
107884
126803
125182
103004
114151
115805
120311
111025
110248
98897
95981
105688
125085
111295
121410
124794
111696
110928
101643
117289
100519
96170
116583
126296
113101
123028
111376
124331
103536
108123
98351
116082
112941
106612
113781
124784
117832
99426
106599
120544
118177
110043
116473
96442
109795
111142
99167
121394
126463
115399
117024
116865
127449
107358
121452
103913
112448
112333
110767
110579
108580
124825
119654
125692
116483
126867
102706
108271
118949
115383
118570
110932
108041
106836
123510
100490
103071
103789
108570
123984
115384
122719
118543
108427
97850
103877
100504
106307
97176
97433
103123
111342
122625
120732
119182
125425
113112
113655
125277
125540
106085
107810
102633
120085
105418
119045
101515
107216
112184
108381
100378
124638
110434
110690
115457
105164
111410
122535
115348
120686
113851
110657
97956
106274
116592
125739
113744
105817
106643
96489
101151
98132
126192
107884
104524
117292
112330
116022
117857
119317
104470
100030
124679
112355
120039
127766
101661
100814
96810
123339
97543
98418
119955
123917
122185
121114
119767
125711
121172
119869
110108
110001
98463
124745
120749
102749
105466
101536
107251
105006
126240
120032
105633
108120
101515
105832
96302
96452
121228
102424
106632
120570
110746
118871
114951
114244
121835
96603
121503
128016
127553
119205
112987
128407
104455
120778
122374
101052
120476
101497
110635
98359
97775
105914
101441
118002
115788
120692
98847
108211
104565
97586
120758
117244
121333
127270
107518
96560
125873
117871
103985
95990
120000
117911
113976
98274
123772
113248
123746
100179
100057
110016
119388
113559
119286
119594
103262
103766
122354
103951
98210
95789
97793
119973
111898
105113
96703
98535
115554
123671
115140
119517
107764
112777
119416
127005
120987
102364
112936
109714
110378
119016
126810
116860
106861
107671
98398
118712
115296
126538
109862
97858
106911
128120
98904
118264
111134
97432
103584
102816
100634
122434
120651
114989
100687
119185
114962
121662
118380
97483
111411
98280
126148
99652
120519
108725
121158
108415
123983
106988
101807
105111
100752
108819
113918
115421
123297
119987
109608
96195
111426
108891
99086
123129
125295
98279
108972
110293
96821
106754
99731
111096
110533
113130
109465
103983
100295
102004
121295
115863
105712
101455
118195
110853
118487
107404
117415
104100
105476
100446
124066
124896
123466
115231
123686
128387
96600
109460
118898
102686
121738
116850
100600
110251
119045
103457
122641
117104
119042
110015
108272
102439
101738
99688
114388
105563
122020
126645
124802
112917
128426
113794
98547
97464
111203
117237
98122
113194
117805
103612
109577
101684
116408
117909
100227
99884
97563
97300
122517
112849
99617
110241
125073
111222
122084
112576
98683
105315
104094
98197
119928
100216
128699
96423
100995
113171
112691
107236
119138
123188
125718
114661
118488
101343
106857
105588
119837
122818
122416
103243
124299
119320
96972
109855
125594
124877
128647
98781
104974
114915
124014
114484
128623
127764
125791
96339
126650
96185
101474
107252
96086
110826
107324
124313
110409
117223
120130
105237
124332
128694
123500
110415
103260
120590
101546
112963
105715
98420
100731
128585
127223
127908
111035
101018
120401
98610
123836
109328
98048
123249
117657
103469
111374
99220
99783
127583
108483
120851
118765
106370
120602
105041
113654
121255
125809
122235
104804
120596
103300
123059
100583
121740
119452
126574
126510
111312
106756
117530
111613
111717
127165
128773
104064
111768
125554
116602
124895
100032
128686
105261
99090
128195
124749
110040
123127
118747
120113
118567
99233
97946
99894
98514
109555
109612
126823
114696
101742
97501
108402
97812
128072
125914
122201
101435
102846
112188
108395
98019
123563
128834
114291
117755
123992
121310
96559
108694
101270
99188
105475
125401
111114
105438
119023
126232
126409
104115
121791
117564
100133
106953
122497
121704
98502
122104
115260
116956
124412
114465
104415
114713
119635
117871
99704
128837
126312
98781
103334
103890
113148
104953
126801
114523
102215
102119
127896
116174
101774
97704
102411
116432
120568
118429
122651
112733
96670
116550
98510
108719
114657
125264
101816
111970
121600
115407
112166
97749
105450
103368
123292
103635
110160
126194
123522
111987
100863
109501
102938
114492
101997
128916
125109
114061
97425
107615
124455
97852
115448
106061
122488
97150
118806
115408
98012
105735
122586
117481
106213
103538
127365
109221
111096
121058
126651
100840
126206
99818
103642
113257
128091
106922
112524
118526
108068
101947
97176
112666
119948
109134
99582
100755
99488
124175
117570
118185
99637
117072
100360
100677
127518
115683
127969
120190
128930
108871
116069
111201
125485
114312
108162
128754
99909
117088
103443
98926
126144
125858
121780
103123
110388
118232
109525
124066
98480
122155
125454
98276
122537
106628
115634
120427
116279
125169
109735
104282
117122
123210
114805
121832
104822
114964
113052
102752
120767
108197
127787
115820
115953
121993
108686
110996
106246
101925
124840
114434
115726
110490
125218
115592
126242
105709
115458
114404
103834
111716
108927
124738
123520
127027
111123
110594
106052
115543
117971
110012
105648
114115
124924
97153
105247
113594
127438
99684
127210
107644
109725
121913
107556
97316
100645
128669
112263
117969
97054
99127
114349
109316
97296
110653
106884
121161
110697
101433
98300
118554
123597
123917
109826
108288
117165
115252
114610
112635
117531
127820
103880
122404
111324
111569
121432
112273
102079
125740
124096
119417
107822
104428
99290
107928
113155
119123
100726
111573
103837
98836
109063
115235
98866
114779
99484
102053
111462
124686
124690
119829
117789
119890
107144
105574
128654
127314
99348
108200
115354
124732
116148
123949
114267
107915
101256
119018
97535
105868
115006
109343
98263
120603
125901
118331
112043
115374
115558
111866
99409
126102
108967
124624
102525
128385
118803
119946
112603
128066
107199
124979
127323
107733
117581
117812
100301
100509
122910
110016
123565
121841
103364
97903
119104
99543
96438
96553
101344
122639
109896
126534
122771
100692
99290
105203
112611
104414
97103
102360
97002
118827
105409
125688
125869
119295
101234
125144
100011
119210
126982
102627
101557
116617
126960
98573
110591
112847
124971
105655
104312
97669
109098
107218
109655
108496
120337
126792
124406
127091
107813
125847
100324
117908
112769
127679
99894
102595
114700
109663
99357
116024
101799
107291
106686
102236
125099
105024
99901
119948
112018
124587
126747
96793
116212
118503
103875
124563
124086
112277
115295
108615
127614
104721
125680
124166
108137
104274
104862
128808
116481
105746
101708
121809
126825
123183
116848
120435
111835
116050
98850
126356
114773
121038
109939
107730
110734
99019
101119
104484
120879
104355
129222
121954
109632
122252
128055
117000
128736
115832
98958
102199
107066
120121
127840
115196
110516
105449
110964
111573
110441
102793
103893
118129
117722
116968
127269
115128
114144
123590
114484
115467
113894
101690
112850
105933
114516
102993
112609
121890
106318
113144
106926
120566
128927
99100
117633
120898
118000
129039
101746
111242
120638
107054
128895
127403
98187
123073
122076
100563
124371
108322
108938
106961
99137
124450
112171
127375
113827
107688
101909
112092
129308
101275
121765
114799
102680
125186
126677
111401
108933
126570
102929
119195
118593
110216
106823
101320
124622
106016
104254
108076
115789
105510
99624
107261
98218
116002
108666
118960
121108
103897
103163
106943
115120
106793
104731
111018
121998
122165
96903
105276
101340
117698
129274
99343
122457
98785
119126
98642
127245
119503
117491
113098
104760
107033
119095
125207
125576
106755
117607
108601
126350
97067
108220
106322
105075
112234
116410
99501
125927
117243
118717
101632
106075
110815
98261
110830
126832
97151
100819
125904
127407
107668
108196
120757
116858
109892
119006
117415
122946
115853
122521
121137
128763
97767
126336
123422
100557
121637
120104
100226
128269
109981
103328
112895
126827
103048
125001
111425
102765
102060
102631
104651
106524
101688
122105
100342
121341
116207
101190
119350
123202
118408
107961
112800
104002
121685
118638
119209
128551
127780
112909
97329
119270
105059
110423
99264
127349
113031
129022
121359
128824
115374
127162
100810
104380
121474
107673
116372
129447
100449
117655
114252
119279
111036
125038
102286
102475
124093
129199
100733
110567
112173
125714
104640
98396
112276
118794
99787
96991
115362
129181
125024
128952
111309
128883
128085
120823
110140
112685
99223
128866
107748
106744
98671
96945
111857
127585
105220
118270
98151
121195
121122
124791
110601
124894
100153
107094
113786
124643
101289
116243
106146
112590
103740
101847
101971
112443
115188
115765
97836
120412
107272
116501
122814
122513
115241
100336
127726
103225
101385
121923
107674
107977
115742
111165
114816
110619
124324
97723
96859
108808
103905
127351
102990
100152
101292
120956
104582
99897
102448
107486
103452
115151
97518
98471
102712
105355
121601
100884
121468
106143
100262
125954
123296
120305
98811
100771
105305
116846
116231
97397
119424
102305
121083
98165
112240
113796
125623
105104
108720
97942
110736
107098
101842
114989
122193
122882
107930
111374
121471
128390
110179
126011
108258
119331
120767
108044
97856
117520
116830
113025
110188
109675
113457
120791
114048
120436
128974
110937
116070
113401
109079
97913
108701
118545
122134
106271
99385
115981
105772
115777
99116
107180
99691
120756
128709
100238
113728
104002
120950
112619
107349
102396
104666
114565
114357
99025
122870
114907
104242
115552
107200
115872
105476
108555
111069
105835
116658
109133
107951
111536
101430
111181
117647
118255
117340
114867
129111
108843
120939
125626
123940
128414
121863
121990
127834
101291
97110
120249
102632
126228
108898
119873
97741
124525
102846
123251
113115
124113
124781
111966
125370
119763
105215
107609
122417
104375
113661
101087
106657
128995
100743
109469
108754
101776
128572
111560
106482
101061
107354
121268
120027
126342
104230
117155
116117
127817
111247
120027
123420
123049
109070
104187
126051
127326
99792
99726
104856
99437
126231
105953
121002
120988
114910
107794
123401
126249
117180
110186
128173
121531
97546
121836
123993
112793
105800
101678
122145
123418
113085
127080
98346
110685
119134
109003
114097
97337
105713
99604
102478
97399
115826
124256
97658
119871
99254
124738
98128
124369
98894
125203
113552
114038
123566
126345
109545
108725
117903
101515
105336
118217
128657
124484
105868
120659
127781
117879
123308
100429
115882
103954
100571
117823
97494
119045
122906
104373
125784
116308
107567
109808
106427
99435
111269
104668
115342
123827
117780
97346
100802
112994
117666
128319
117843
109719
128970
113909
129323
123302
118876
118144
128323
126896
97733
107563
107787
119928
116113
127972
107788
121457
108590
121838
128459
107804
101363
128726
106225
120720
104800
120232
101802
100698
109736
113506
111179
97672
98412
109737
106807
118785
128458
108475
113411
101656
105878
104613
106456
124768
124647
122294
127513
98241
104150
127027
109638
127947
126338
99660
101921
108107
105560
113487
124175
128540
127377
108316
111552
120640
122107
120281
97554
98863
111101
104167
112179
109935
117461
107028
107526
99685
127269
126482
108489
120427
110510
117544
114420
105763
127323
103975
113252
127242
102785
104352
127160
97616
115045
123732
126972
97255
124671
117740
127621
124634
121085
114410
105243
119776
105483
105696
113758
110129
99666
123359
110434
115352
124478
111155
97693
119241
107909
106317
123395
105718
125285
112897
124271
106653
112429
114418
105029
127396
109566
99914
113493
127143
111315
124846
111107
116625
121791
117105
116645
124265
112758
104967
99885
126063
123407
118461
101384
116328
101384
113320
120646
119606
116875
119259
117754
124331
123375
109789
129508
98975
126338
122971
124237
104000
129926
97561
120627
103338
100473
117806
129190
111288
103322
105329
114034
114713
97960
110127
123390
111526
105197
108063
98420
98546
100219
129175
98594
120355
115894
115711
125473
113921
106770
104839
119348
119373
123678
102165
129778
100180
120002
109953
120360
106948
103364
102149
129657
126397
117649
115183
117575
120363
113723
115609
120791
120660
111294
108443
112047
98221
120455
114495
121411
127730
127031
120118
112593
107381
101796
119177
106890
112055
108320
121298
113394
115253
109055
115115
128649
125316
101459
122727
124843
126624
118266
104704
125877
117634
101083
114001
126569
127984
98924
97669
118164
113305
112760
105168
106477
101473
103199
105565
123713
128506
104990
106887
120269
108468
113488
107595
98028
125846
112757
114685
109298
115117
107059
118843
122455
104100
99418
130080
99352
116885
108396
98745
121690
126495
101213
120253
125008
103353
98199
125816
126048
123717
130113
112905
108929
125417
106689
117709
128232
127002
129919
98587
122083
104441
98028
112434
124421
112099
116676
100975
107395
104259
104592
127684
110302
109483
110190
120165
115394
115748
119572
122564
97583
122050
118803
112832
101590
107643
108377
127257
118214
112440
111866
107560
104775
114221
106032
114637
118022
125542
111008
127656
118131
97699
105694
105356
100200
120166
105268
118064
111883
109642
98719
113192
125429
99734
117787
105748
109204
128786
102432
127256
103117
115994
129133
102028
118758
99568
110084
98292
127396
112983
119414
107314
120496
105821
126816
125690
112703
102776
98102
119943
104690
122580
127807
124300
105211
115948
121569
116334
98690
99672
102431
117936
123207
123365
101728
100783
115848
114923
118898
110991
116261
125915
126670
126581
124930
105496
114462
127990
108717
117256
113660
124624
105537
127594
99325
126168
101514
116202
105198
129332
124009
128754
118877
108746
125562
104900
126812
115448
102133
117446
105345
111238
118994
102172
98097
101081
97841
107388
110366
126313
119800
109886
124687
123765
114878
98739
99296
98293
118504
128952
122569
122320
129553
128907
126435
118351
127920
113885
118247
117713
105204
98088
104761
99521
109555
128066
110630
103110
125444
123187
120426
111161
117097
109892
117238
101852
121906
109400
112368
127689
99933
101759
109818
98472
113986
112329
129463
109093
120367
122712
101515
104866
108623
114361
116643
118312
99792
110709
123446
99492
118852
100066
114698
115024
109640
98367
123449
101743
104548
102912
120117
113981
125747
97895
114698
119334
130244
125012
129251
118070
98111
121182
115408
99793
117452
126498
104646
120996
106672
105691
109032
115419
108985
117300
125700
114068
111581
106586
123233
126356
127774
121940
101048
129849
117169
99735
99968
108208
121694
115669
124014
126056
127018
116503
113725
118215
125492
128523
127659
102939
119517
120479
118724
103379
115499
124110
117346
126447
109424
117690
109813
105909
114214
111868
128896
126118
98846
107064
107236
112304
118746
99572
108897
123045
114231
100522
129114
103148
115278
115483
110424
101495
99997
114407
118866
106996
114018
103515
116012
113992
127560
99466
122493
127289
106309
117407
110485
128362
100547
104305
125887
106125
107774
125784
108739
108244
103085
115264
109231
121512
123620
116219
105687
130462
113209
129756
121883
129959
101670
105089
112232
113287
129966
102640
115586
106376
102467
118758
113408
105839
124392
126059
125848
122543
129427
113322
112540
122845
109269
121856
113349
101988
110524
127827
130352
114554
98297
127909
120742
103250
129854
113896
126240
104595
118506
129812
122250
115722
122600
129912
103880
102555
112084
126029
123127
121726
114784
113297
106229
118952
120823
98835
115747
129926
123040
115658
99945
118769
97828
120426
121723
114527
107635
116025
109659
110166
100164
102687
123424
122407
109820
100349
110581
106200
108753
108096
114276
122210
114735
112310
105429
123421
98138
107680
104017
119672
98646
111624
123532
119021
126724
103509
111651
113204
129421
98588
109346
128695
119811
124217
113353
119111
127046
111647
126352
113677
99109
126316
109160
102595
103366
97985
122692
106788
105032
128976
111832
109472
127398
115894
110496
100437
106719
123532
123429
107067
114516
115256
103548
102558
129137
118153
99599
124114
127631
115332
108192
98338
105753
121080
98186
99849
109038
124505
101962
114341
112135
127946
120639
130408
124250
129660
98222
122897
128510
113207
104969
129498
102031
122422
100209
114419
117716
123960
103033
115760
119199
129492
108333
108287
123637
115725
117843
111004
116079
116006
115184
102280
127968
119992
125198
108087
123960
122369
121021
124424
124073
120959
115800
108411
119816
110269
104201
125087
113013
100206
125071
97993
98110
107704
110399
102539
120065
118226
119625
125924
130321
128721
100157
101557
100635
105151
100814
124788
117258
130030
111829
117796
128807
114315
130457
128389
118917
102774
117325
104584
114844
121169
114906
100357
114996
102872
127711
114864
100229
121200
101110
127306
113564
121602
122682
119572
114432
100873
101638
124553
116374
124138
98815
125004
117698
110981
104020
103008
104655
124937
105540
130455
128145
114700
100577
112461
110920
103387
104980
122709
107208
101902
105954
123444
114647
120160
114413
107405
127703
109246
129598
109789
122277
109982
107073
111721
103616
113298
103185
102516
103854
104477
130038
125620
130203
124357
123437
116743
113988
98665
114919
112739
123667
120533
125587
115467
105611
118164
102240
123657
103911
116997
101630
108504
124670
126642
125861
118369
104554
108252
109657
124457
99305
101211
117868
120520
103427
112805
107076
121245
108270
111916
128863
113600
104622
123629
99219
130104
112768
110405
109979
105070
109945
128263
111823
108770
101995
115917
108595
129053
110856
100235
118451
126439
128074
110442
124077
122041
100882
125651
119472
126837
99343
101833
115076
130389
108513
107901
110442
121377
118398
125468
125604
128678
119509
99052
103736
124259
119730
118935
103922
104325
117986
111047
105128
124438
117655
128498
102337
113521
115214
127608
110840
127225
114286
126443
104286
111882
100596
120237
125086
101680
126285
127425
101253
116887
111427
101083
99778
128707
101020
112313
124650
112257
126527
114358
124095
127262
115353
119965
101553
120278
111423
100795
110245
108943
103381
113720
124150
114376
116782
126631
122297
109004
128948
114139
117062
99627
102411
125180
102900
121450
121585
106459
114979
99066
109417
101251
112000
103783
124440
115985
102020
111314
125167
110277
127294
116897
103946
123736
100947
105077
99800
110480
127299
108636
107645
117267
119021
116041
114292
114041
129366
127425
114809
112804
114342
118486
110246
112980
117107
114009
104156
115958
113730
130380
98916
107453
119371
123286
109270
119284
121725
125946
128570
105363
113090
124234
130670
103952
115588
116184
108488
126071
110448
98862
101115
111037
126330
102399
112191
109906
102689
112477
100780
120309
110836
99371
111335
126668
122709
125910
101377
129716
106621
129856
123292
129494
98752
106749
123984
107899
112146
124866
117069
106017
121803
111898
122433
114637
118695
122971
103548
102564
110865
112089
116562
130485
129953
113241
115136
121370
121315
115401
116563
119871
103770
111662
107590
120193
116676
131037
100586
98299
111008
110574
111691
114332
121326
104430
111121
105341
121654
130516
110500
118898
98763
118582
109716
116192
106321
112317
100919
127950
112509
107991
114324
121150
125468
108203
110207
130493
114263
100946
127750
110905
111413
116548
101900
130579
112993
105488
119348
98677
129582
117329
98817
105958
102360
130525
125499
113691
103181
111679
129940
101904
106923
112744
108427
100440
115404
100001
99473
99762
117760
109764
130410
116956
109529
129708
102359
118956
114093
104170
122482
111196
101015
117689
104921
126502
105407
106549
99598
127504
115163
102855
104734
114442
128502
98788
101377
123958
112496
109559
114370
115847
101191
112539
120544
121485
98452
113422
100083
126607
122457
115170
117394
127707
122489
109558
104821
129626
104968
129189
120279
130407
101061
119357
129566
123105
116197
126387
117182
127871
119827
103061
100699
120164
117428
122687
98862
130548
100975
105810
119977
119781
116461
113250
122462
101273
113629
112879
112413
114603
111420
109975
100700
128968
114899
105609
117212
102848
120577
117565
103050
114908
104634
121443
107684
104307
101584
113689
120348
118456
104049
121440
126529
114902
120562
98769
112028
117055
122058
124044
113944
130880
115682
117106
106599
130778
109324
113556
116640
111565
107216
118250
125997
121589
129391
116553
124132
110041
100386
117391
130420
126082
124323
118561
122115
113033
106990
130455
114709
130164
126793
115893
100784
114243
121986
113309
126910
111685
99448
106052
116402
126256
120540
101667
110702
119921
122425
114991
111204
131009
108338
125706
128764
129785
109836
130171
114230
99879
126828
128796
115089
129505
103777
103250
102187
116185
115108
119682
106537
114098
130079
120706
110169
108562
119981
99406
101654
115705
107297
119805
100717
112721
100489
123379
103806
106950
103860
100183
115492
111319
113393
105416
119256
105005
124186
110155
119762
107308
125905
117384
110194
115913
111882
106039
129503
103067
111050
103125
99310
115764
104493
110491
129605
116401
130734
120752
131008
101520
113827
112798
110867
102338
111623
130307
122033
113153
125052
104329
127469
108388
100240
113175
125791
128817
116288
118089
112778
106226
112571
130078
125627
127947
98664
108529
108852
122378
102441
121003
110730
125696
111330
130358
123212
110864
114229
102453
106981
113157
105872
128242
104388
124840
128362
106647
129978
99987
113353
123810
101795
99136
123912
124819
125768
128357
104151
111847
118404
128388
128899
120138
128678
127165
130424
124425
114967
126696
127236
110278
111933
130784
128605
102511
100254
113953
117222
122993
120905
108694
102830
99368
110706
113068
124985
123034
99164
126891
99460
127590
112252
116806
107331
106999
128219
120177
103789
108541
119228
124274
104442
103966
130687
127291
121068
120808
104389
115959
118156
114699
118229
104163
114166
128453
126014
131167
109015
120477
99518
101701
125558
106580
115043
120185
112113
128793
106992
120001
124873
105468
108674
128215
111265
124837
113011
130493
106307
122182
111231
122961
130276
125390
130341
102177
108201
107360
106576
121216
115306
105731
103735
130266
122037
107163
123778
122948
99862
127256
116910
110167
120213
114413
126642
115007
128129
108739
128483
103695
104300
120431
120341
111703
100471
125986
121603
119545
108240
105440
114673
101176
130936
125748
110223
127250
123722
131361
107809
126928
106041
102491
100317
107995
111577
111032
123284
111313
116001
115425
104341
109528
99183
105805
103631
109107
120012
113008
110645
108563
101745
102959
119399
106415
123531
122008
106126
106646
129596
124880
107143
118596
113890
112972
119365
99060
117659
112964
119408
128438
114697
99173
120402
113345
104786
110535
103668
126730
129643
108574
104836
120854
105879
122164
127738
124172
106794
127127
100092
116238
102803
108174
101374
101833
119961
111698
126637
102731
121317
114299
108174
129557
111809
105401
114146
114290
99103
110532
102606
128007
116189
127638
100280
110762
101959
128983
119028
126328
107742
101017
122272
106529
101720
110917
107980
130695
101351
110037
128991
106632
102334
118340
120629
128023
108242
106819
110093
112530
122589
123694
120483
126543
112553
112446
114585
99193
101003
131328
110491
102170
101165
127494
126019
127352
116113
106460
116794
112805
114003
112189
122017
99410
102959
104839
127407
121828
118210
101741
121499
109258
114325
111596
116924
120589
99415
129152
121327
108072
110954
113559
124473
123931
107938
119366
118957
131259
99913
110139
122768
104268
128870
115187
122812
103505
129598
128301
104258
126371
103708
114078
117587
106689
108622
110566
122209
125799
103536
105667
115585
127586
103917
102020
122900
117410
129474
113345
130214
104593
102277
113738
125974
113059
130214
108893
104439
109614
120054
121372
130359
108925
105573
127805
121854
108064
103952
100612
106201
109701
99451
126574
113944
116173
114458
99504
105589
124120
114967
106207
112118
100258
103759
118257
131604
99027
115614
108772
127004
109457
107356
124221
126166
119705
112423
119732
113765
117646
128483
103726
109422
122768
107776
105451
121724
131601
108539
118017
110243
104676
125224
120329
104036
106647
114606
101144
117201
104963
128723
123121
108273
128545
121466
120696
115558
128032
126185
125034
127053
107956
109008
118348
111974
101808
129671
112545
100213
101591
114584
113248
114152
102639
103293
105381
101305
113176
109227
114599
130966
125532
128207
120298
118592
127879
123735
103862
127537
120633
129332
106183
118657
118073
100318
119366
99082
99340
114073
112632
130507
118727
125176
115638
99722
113441
103839
102173
120765
110284
124492
121734
127915
107270
118809
127032
118735
102251
105211
108765
130685
101645
117647
116787
99784
122566
121366
123652
126626
119757
121533
128856
118597
112776
129827
99305
120018
117153
129301
111575
102456
122204
128668
127645
100952
112424
118585
130116
123751
113012
119407
114135
131475
125379
100226
104982
103145
129795
122495
124526
124534
119322
127612
111657
123052
112835
114977
113123
102152
111256
129895
127293
106226
108655
119712
113877
113637
122346
126136
109173
104655
124234
118458
107914
108731
99716
99477
110040
117421
116375
116513
124525
126157
104476
121181
102611
125640
116255
129531
116874
109428
110637
101918
103093
115123
128686
125282
103956
103577
103030
120605
102194
119505
101014
116964
120032
111932
113784
118353
131297
120028
125483
113156
102631
104433
131835
104424
103359
129633
121413
121015
112328
111965
114825
120513
116649
100930
111297
104425
130627
111805
103409
127216
107237
116787
107776
126454
124095
130144
110278
107581
128154
109886
103014
119089
112582
102952
111582
125605
108371
127039
127708
99424
110468
117773
107988
110296
107392
122472
117583
111421
104779
118937
124294
118969
115189
99262
111663
122615
102929
124781
114839
129506
118377
107418
126961
105135
119024
104891
102381
115229
104952
131369
102797
104443
131493
107210
124469
107499
105890
129005
111361
131943
110354
110709
118362
114945
109770
123962
113612
110831
114109
127916
104978
128710
112567
121786
112499
104582
128591
131314
114770
115415
106007
112105
113664
107154
106517
131293
117716
128899
102775
124057
123006
115822
109442
110745
121240
114767
100300
105583
115582
126182
126123
111205
108384
128627
114157
118116
106901
114879
124361
110100
111154
116059
117270
125765
130012
108332
106939
115086
124122
106280
114279
99891
118382
108122
106114
115020
120422
131372
121699
111396
120558
102373
116675
116960
104616
100465
119409
115809
125695
130401
131400
105323
104120
120370
104543
119302
122569
105682
115071
119844
131951
115808
116698
103045
129915
118067
113657
124632
120812
125471
103415
131875
99779
101107
105453
127076
123411
127046
117421
123001
119896
109684
118451
120637
123657
112099
124760
126708
128625
126603
122441
113641
114106
115893
111928
103253
125515
119042
121809
113027
111956
103856
131568
113458
123814
115481
121361
128571
113609
107900
122888
103795
107080
106496
129010
132051
118864
121078
129387
105174
120953
129887
129793
102435
126436
111022
127465
124524
106886
114127
129521
124310
100803
119399
121270
122394
100415
102750
104215
113579
106993
119707
110569
109337
105849
105998
117484
120693
121779
124916
128254
131702
106124
104022
114319
130075
111124
118995
118101
114066
109525
103328
112193
109401
111716
107213
111537
115363
102197
115402
101351
112125
119987
121385
113594
113969
103056
123045
113035
105578
116314
114532
124027
108186
124496
99961
127963
114457
126067
105389
129765
106127
104416
116351
119977
122643
120924
114025
101449
103316
104497
104549
103785
126584
120889
117936
125154
113540
119352
103886
121270
110844
103790
126926
112201
121867
119149
100047
100814
109668
115497
114627
102911
123690
129102
114291
113937
125198
122070
101572
115687
118711
116442
116536
111750
131686
128168
127671
131273
125402
110871
122768
124245
100209
102935
114107
113872
117649
99724
116321
103246
109382
106589
106141
101900
112940
123847
120709
129889
116112
126200
110436
106225
117202
115417
129098
101924
107277
112171
116679
110807
122874
100309
119795
113233
108050
117116
106929
110200
127475
109653
124981
116548
112389
111159
118212
118389
107101
128245
123323
114561
132322
129002
128979
116177
108718
112597
116899
125740
103863
126184
129895
100980
100782
111387
130303
121488
108327
101574
116795
107945
106491
127855
131925
131225
122602
125664
104127
104096
128133
117373
106783
122201
117580
110805
126105
115949
124691
120183
117068
112775
111530
109831
127263
131848
108220
103313
121021
125947
112888
127260
102878
106699
129647
101507
107209
114227
116285
131200
128790
101879
121196
100106
118201
117970
119061
102113
116796
101551
119752
118631
130892
100124
125486
118449
114807
127995
117485
101854
121140
112762
105932
118695
103204
131654
129560
109880
116119
107260
107590
126270
106578
114657
118489
119106
103312
109010
123527
118069
129350
127358
102807
122188
123819
101330
113293
126478
111864
105141
122377
101035
124012
110070
109549
116111
103572
102530
125886
102199
122569
128475
115789
126787
129018
105413
108182
119757
103084
111683
122856
125690
107070
109505
104262
113358
123762
106387
113166
125765
118313
104606
105432
128671
119918
122453
118177
111611
103094
128488
127017
127015
120166
106935
99737
100535
104342
128269
99945
114004
122645
118795
114049
109399
104877
120802
110494
108439
122792
114502
102904
125566
114578
127775
103458
115299
128833
130945
131377
114707
114195
114910
130080
102833
132215
111994
121715
131009
117935
131872
124955
114815
131284
132372
131994
103797
125466
128584
129383
124748
109909
101330
130964
119779
127164
103326
109230
123550
102125
125792
121061
119553
129842
123853
120940
113021
113411
123915
118051
122505
104652
123238
104820
103413
127984
130884
118394
128123
119309
125787
124777
115096
103810
117281
119850
119706
130350
116612
104261
118777
119163
106460
129796
104938
123547
111902
106966
110898
113682
132178
128497
127800
110965
102215
113723
127583
108657
102021
118379
120722
115726
130947
114795
131617
120117
123674
128257
121291
111729
114746
124335
100124
125170
114396
106968
132601
114903
126775
117027
116345
114349
102711
132389
118774
131122
127019
116282
105060
131679
108222
116659
102882
124582
122664
106295
129167
105849
123813
121699
105119
104971
103206
128436
100526
127834
101959
105383
117843
104045
110722
103198
117497
126426
108962
114182
117482
107148
117626
131383
118445
121283
122838
103067
113298
103516
105138
127635
129163
103251
130218
103574
101949
124294
113074
129820
121175
131772
129031
117434
124451
104421
129894
104590
103515
125092
102523
128989
130621
125450
117916
101115
120289
129701
128439
105323
109771
121785
108169
130376
121277
118733
131857
115171
127182
131689
102725
130478
131520
105759
100867
107865
102543
110024
112202
116282
130118
115216
109738
105970
116758
121909
131833
120142
129705
107787
116808
123499
100276
130884
121621
120350
128972
122862
126915
104594
115322
102461
121671
121139
102033
113803
128547
112075
117951
128157
109464
122091
122979
131368
100631
110477
117406
111251
123386
108023
101293
101631
121713
130019
110198
128389
